传导依据类型,方向,链条优先级,业务敞口,业务依据,总市值元,行业基准标的,市值排序口径,更新时间,重要性,重要性依据,event_id,消息类别,事件名称,发布时间,时间精度,时效核验,来源,来源URL,消息依据,命中词,潜在受益或承压板块,传导逻辑,股票代码,股票名称,参考价,行情日期,行情来源,PE(TTM),分类依据,状态,备注
待人工确认：尚无逐事件事实与方向复核，不通过正文词语自动选择产业,待人工确认,NA,NA,NA,NA,NA,NA,2026-10-08T22:22:11+08:00,高,标题命中重大事件检索词；不代表利好,news_145281a14da23803,地缘,欧盟理事会延长对俄罗斯相关个人和实体制裁,2026-10-08T20:02:00+08:00,秒/分,窗口内,央视新闻,https://news.cctv.com/2026/10/08/ARTIvB4Zo1Dih0Ix1ITccNtv261008.shtml,正文未提取，仅据标题；关联依据不足须复核,NA,待人工确认,待人工确认：尚无逐事件事实与方向复核，不通过正文词语自动选择产业,NA,NA,NA,NA,NA,NA,NA,待人工确认,未完成事件语义复核，不把词语相似当业务受益；无符合当前已核验映射的标的。
待人工确认：尚无逐事件事实与方向复核，不通过正文词语自动选择产业,待人工确认,NA,NA,NA,NA,NA,NA,2026-10-08T22:22:11+08:00,中,已核验窗口内官方/指定媒体报道，需人工判断影响,news_e21daab7fe54bda9,地缘,施压与试探并行 美酝酿重启对伊朗军事行动,2026-10-08T19:42:43+08:00,秒/分,窗口内,央视新闻,https://news.cctv.com/2026/10/08/ARTINLFSaJkjQjpAoEhQAY2d261008.shtml,正文未提取，仅据标题；关联依据不足须复核,NA,待人工确认,待人工确认：尚无逐事件事实与方向复核，不通过正文词语自动选择产业,NA,NA,NA,NA,NA,NA,NA,待人工确认,未完成事件语义复核，不把词语相似当业务受益；无符合当前已核验映射的标的。
待人工确认：尚无逐事件事实与方向复核，不通过正文词语自动选择产业,待人工确认,NA,NA,NA,NA,NA,NA,2026-10-08T22:22:11+08:00,高,标题命中重大事件检索词；不代表利好,news_f3680c2f2f8bce12,海外,美联储沃勒：需要进一步加息，以更快压低通胀,2026-10-08T18:23:18+08:00,秒/分,窗口内,新浪美股新闻,https://finance.sina.com.cn/stock/usstock/c/2026-10-08/doc-iniuphnx7588758.shtml,下载新浪财经APP，了解全球实时汇率 美联储理事克里斯・沃勒周四发表演讲表示，如果经济数据符合预期，他预计美联储需要继续加息，从而更快推动通胀回落。 沃勒在土耳其共和国央,NA,待人工确认,待人工确认：尚无逐事件事实与方向复核，不通过正文词语自动选择产业,NA,NA,NA,NA,NA,NA,NA,待人工确认,未完成事件语义复核，不把词语相似当业务受益；无符合当前已核验映射的标的。
美联储官网发布主体，金融条件传导；方向待人工确认,待人工确认,1,银行，利差/信用成本/资产估值敞口,金融行业定向业务名单；仅银行/券商/保险，不从新闻关键词匹配；最新业务占比待核实,1051920000000.0001,600036 招商银行；600030 中信证券；601318 中国平安,有业务敞口名单内、产业直接性优先，同层按本次总市值降序取前3；非全行业市值排名,2026-10-08T22:22:11+08:00,中,已核验窗口内官方/指定媒体报道，需人工判断影响,news_424e5488c61308d5,海外,"Waller, The Signaling Value of the Summary of Economic Projections",2026-10-08T16:30:00+08:00,秒/分,窗口内,美联储讲话,https://www.federalreserve.gov/newsevents/speech/waller20261008a.htm,正文未提取，仅据标题；关联依据不足须复核,NA,银行/券商/保险,美联储政策/讲话→美元利率与资金条件→银行利差、券商风险偏好、保险资产负债估值；鹰鸽方向及人民币利率传导未明确前不宣称受益。仅银行/券商/保险。,600036,招商银行,41.71,20261008,腾讯全市场+带日期批量报价核验,6.93,金融行业定向业务名单；仅银行/券商/保险，不从新闻关键词匹配；最新业务占比待核实,产业链研究观察,仅条件性传导，真实利润取决于产品结构、销量、成本和合同；种子/题材不豁免硬筛和风险闸。
美联储官网发布主体，金融条件传导；方向待人工确认,待人工确认,1,券商，资本市场估值与交易活跃度敞口,金融行业定向业务名单；仅银行/券商/保险，不从新闻关键词匹配；最新业务占比待核实,396857000000.0,600036 招商银行；600030 中信证券；601318 中国平安,有业务敞口名单内、产业直接性优先，同层按本次总市值降序取前3；非全行业市值排名,2026-10-08T22:22:11+08:00,中,已核验窗口内官方/指定媒体报道，需人工判断影响,news_424e5488c61308d5,海外,"Waller, The Signaling Value of the Summary of Economic Projections",2026-10-08T16:30:00+08:00,秒/分,窗口内,美联储讲话,https://www.federalreserve.gov/newsevents/speech/waller20261008a.htm,正文未提取，仅据标题；关联依据不足须复核,NA,银行/券商/保险,美联储政策/讲话→美元利率与资金条件→银行利差、券商风险偏好、保险资产负债估值；鹰鸽方向及人民币利率传导未明确前不宣称受益。仅银行/券商/保险。,600030,中信证券,25.4,20261008,腾讯全市场+带日期批量报价核验,10.01,金融行业定向业务名单；仅银行/券商/保险，不从新闻关键词匹配；最新业务占比待核实,产业链研究观察,仅条件性传导，真实利润取决于产品结构、销量、成本和合同；种子/题材不豁免硬筛和风险闸。
逐事件语义复核@2026-10-08；事实：英外交大臣：不接受以色列关闭英驻耶路撒冷领事馆；事件分类为研判；涉及表态/转述/预期的标题不当作行动已发生。地缘类仅列风险敏感行业，方向需核实。,上游条件受益、油服间接受益,1,原油及天然气勘探、开发、生产，上游实现售价敞口,中国海油官网公司简介 https://www.cnoocltd.com/index.html 核验2026-10-08,1624099000000.0,600938 中国海油；601808 中海油服；600339 中油工程；600583 海油工程,有业务敞口名单内、产业直接性优先，同层按本次总市值降序取前3；非全行业市值排名,2026-10-08T22:22:11+08:00,中,已核验窗口内官方/指定媒体报道，需人工判断影响,news_8659b326fb20de2f,地缘,英外交大臣：不接受以色列关闭英驻耶路撒冷领事馆,2026-10-08T15:21:27+08:00,秒/分,窗口内,央视新闻,https://news.cctv.com/2026/10/08/ARTIIG0zEeCPoHLv2H27oiHf261008.shtml,正文未提取，仅据标题；关联依据不足须复核,NA,油气上游/油服,原油涨价→上游售油实现价格可能提高（中国海油）；持续高油价才可能推动资本开支→中海油服钻井服务需求/日费率；工程公司还需订单兑现，不能等同即期利润增长。,600938,中国海油,34.17,20261008,腾讯全市场+带日期批量报价核验,11.74,中国海油官网公司简介 https://www.cnoocltd.com/index.html 核验2026-10-08,产业链研究观察,仅条件性传导，真实利润取决于产品结构、销量、成本和合同；种子/题材不豁免硬筛和风险闸。
逐事件语义复核@2026-10-08；事实：英外交大臣：不接受以色列关闭英驻耶路撒冷领事馆；事件分类为研判；涉及表态/转述/预期的标题不当作行动已发生。地缘类仅列风险敏感行业，方向需核实。,上游条件受益、油服间接受益,1,油田技术/钻井服务，上游资本开支与日费率敞口，非直接售油企业,中海油服官方公司介绍 https://www.cosl.com.cn/attach/0/999dd62f9a1749e59c21e7097d2e2a7e.pdf 核验2026-10-08,59930999999.99999,600938 中国海油；601808 中海油服；600339 中油工程；600583 海油工程,有业务敞口名单内、产业直接性优先，同层按本次总市值降序取前3；非全行业市值排名,2026-10-08T22:22:11+08:00,中,已核验窗口内官方/指定媒体报道，需人工判断影响,news_8659b326fb20de2f,地缘,英外交大臣：不接受以色列关闭英驻耶路撒冷领事馆,2026-10-08T15:21:27+08:00,秒/分,窗口内,央视新闻,https://news.cctv.com/2026/10/08/ARTIIG0zEeCPoHLv2H27oiHf261008.shtml,正文未提取，仅据标题；关联依据不足须复核,NA,油气上游/油服,原油涨价→上游售油实现价格可能提高（中国海油）；持续高油价才可能推动资本开支→中海油服钻井服务需求/日费率；工程公司还需订单兑现，不能等同即期利润增长。,601808,中海油服,12.56,20261008,腾讯全市场+带日期批量报价核验,15.42,中海油服官方公司介绍 https://www.cosl.com.cn/attach/0/999dd62f9a1749e59c21e7097d2e2a7e.pdf 核验2026-10-08,产业链研究观察,仅条件性传导，真实利润取决于产品结构、销量、成本和合同；种子/题材不豁免硬筛和风险闸。
逐事件语义复核@2026-10-08；事实：英外交大臣：不接受以色列关闭英驻耶路撒冷领事馆；事件分类为研判；涉及表态/转述/预期的标题不当作行动已发生。地缘类仅列风险敏感行业，方向需核实。,上游条件受益、油服间接受益,1,海洋油气工程，工程订单与投资周期敞口,用户2026-10-08产业链基准（原任务书指定），须持续核验最新业务结构,29225000000.0,600938 中国海油；601808 中海油服；600339 中油工程；600583 海油工程,有业务敞口名单内、产业直接性优先，同层按本次总市值降序取前3；非全行业市值排名,2026-10-08T22:22:11+08:00,中,已核验窗口内官方/指定媒体报道，需人工判断影响,news_8659b326fb20de2f,地缘,英外交大臣：不接受以色列关闭英驻耶路撒冷领事馆,2026-10-08T15:21:27+08:00,秒/分,窗口内,央视新闻,https://news.cctv.com/2026/10/08/ARTIIG0zEeCPoHLv2H27oiHf261008.shtml,正文未提取，仅据标题；关联依据不足须复核,NA,油气上游/油服,原油涨价→上游售油实现价格可能提高（中国海油）；持续高油价才可能推动资本开支→中海油服钻井服务需求/日费率；工程公司还需订单兑现，不能等同即期利润增长。,600583,海油工程,6.61,20261008,腾讯全市场+带日期批量报价核验,14.07,用户2026-10-08产业链基准（原任务书指定），须持续核验最新业务结构,产业链研究观察,仅条件性传导，真实利润取决于产品结构、销量、成本和合同；种子/题材不豁免硬筛和风险闸。
逐事件语义复核@2026-10-08；事实：英外交大臣：不接受以色列关闭英驻耶路撒冷领事馆；事件分类为研判；涉及表态/转述/预期的标题不当作行动已发生。地缘类仅列风险敏感行业，方向需核实。,条件受益,2,铜金等多金属采选，非纯黄金公司,用户2026-10-08产业链基准（原任务书指定），须持续核验最新业务结构,780972000000.0,600547 山东黄金；600489 中金黄金；601899 紫金矿业,有业务敞口名单内、产业直接性优先，同层按本次总市值降序取前3；非全行业市值排名,2026-10-08T22:22:11+08:00,中,已核验窗口内官方/指定媒体报道，需人工判断影响,news_8659b326fb20de2f,地缘,英外交大臣：不接受以色列关闭英驻耶路撒冷领事馆,2026-10-08T15:21:27+08:00,秒/分,窗口内,央视新闻,https://news.cctv.com/2026/10/08/ARTIIG0zEeCPoHLv2H27oiHf261008.shtml,正文未提取，仅据标题；关联依据不足须复核,NA,黄金资源,黄金报价上升或避险需求→黄金矿山售金收入弹性；实际利润还取决于成本、套保和产量。,601899,紫金矿业,29.37,20261008,腾讯全市场+带日期批量报价核验,11.54,用户2026-10-08产业链基准（原任务书指定），须持续核验最新业务结构,产业链研究观察,仅条件性传导，真实利润取决于产品结构、销量、成本和合同；种子/题材不豁免硬筛和风险闸。
逐事件语义复核@2026-10-08；事实：英外交大臣：不接受以色列关闭英驻耶路撒冷领事馆；事件分类为研判；涉及表态/转述/预期的标题不当作行动已发生。地缘类仅列风险敏感行业，方向需核实。,条件受益,2,黄金开采，上游黄金售价与成本敞口,用户2026-10-08产业链基准（原任务书指定），须持续核验最新业务结构,121840000000.00002,600547 山东黄金；600489 中金黄金；601899 紫金矿业,有业务敞口名单内、产业直接性优先，同层按本次总市值降序取前3；非全行业市值排名,2026-10-08T22:22:11+08:00,中,已核验窗口内官方/指定媒体报道，需人工判断影响,news_8659b326fb20de2f,地缘,英外交大臣：不接受以色列关闭英驻耶路撒冷领事馆,2026-10-08T15:21:27+08:00,秒/分,窗口内,央视新闻,https://news.cctv.com/2026/10/08/ARTIIG0zEeCPoHLv2H27oiHf261008.shtml,正文未提取，仅据标题；关联依据不足须复核,NA,黄金资源,黄金报价上升或避险需求→黄金矿山售金收入弹性；实际利润还取决于成本、套保和产量。,600547,山东黄金,26.43,20261008,腾讯全市场+带日期批量报价核验,22.26,用户2026-10-08产业链基准（原任务书指定），须持续核验最新业务结构,产业链研究观察,仅条件性传导，真实利润取决于产品结构、销量、成本和合同；种子/题材不豁免硬筛和风险闸。
逐事件语义复核@2026-10-08；事实：英外交大臣：不接受以色列关闭英驻耶路撒冷领事馆；事件分类为研判；涉及表态/转述/预期的标题不当作行动已发生。地缘类仅列风险敏感行业，方向需核实。,条件受益,2,黄金采选冶，上游黄金售价与成本敞口,用户2026-10-08产业链基准（原任务书指定），须持续核验最新业务结构,104120000000.0,600547 山东黄金；600489 中金黄金；601899 紫金矿业,有业务敞口名单内、产业直接性优先，同层按本次总市值降序取前3；非全行业市值排名,2026-10-08T22:22:11+08:00,中,已核验窗口内官方/指定媒体报道，需人工判断影响,news_8659b326fb20de2f,地缘,英外交大臣：不接受以色列关闭英驻耶路撒冷领事馆,2026-10-08T15:21:27+08:00,秒/分,窗口内,央视新闻,https://news.cctv.com/2026/10/08/ARTIIG0zEeCPoHLv2H27oiHf261008.shtml,正文未提取，仅据标题；关联依据不足须复核,NA,黄金资源,黄金报价上升或避险需求→黄金矿山售金收入弹性；实际利润还取决于成本、套保和产量。,600489,中金黄金,21.48,20261008,腾讯全市场+带日期批量报价核验,15.79,用户2026-10-08产业链基准（原任务书指定），须持续核验最新业务结构,产业链研究观察,仅条件性传导，真实利润取决于产品结构、销量、成本和合同；种子/题材不豁免硬筛和风险闸。
逐事件语义复核@2026-10-08；事实：英外交大臣：不接受以色列关闭英驻耶路撒冷领事馆；事件分类为研判；涉及表态/转述/预期的标题不当作行动已发生。地缘类仅列风险敏感行业，方向需核实。,方向待人工确认,3,油运及其他航运，航线/运价与运力敞口,用户2026-10-08产业链基准（原任务书指定），须持续核验最新业务结构,177882000000.0,600026 中远海能；601872 招商轮船,有业务敞口名单内、产业直接性优先，同层按本次总市值降序取前3；非全行业市值排名,2026-10-08T22:22:11+08:00,中,已核验窗口内官方/指定媒体报道，需人工判断影响,news_8659b326fb20de2f,地缘,英外交大臣：不接受以色列关闭英驻耶路撒冷领事馆,2026-10-08T15:21:27+08:00,秒/分,窗口内,央视新闻,https://news.cctv.com/2026/10/08/ARTIIG0zEeCPoHLv2H27oiHf261008.shtml,正文未提取，仅据标题；关联依据不足须复核,NA,油运,冲突/航道扰动→绕航吨海里与油运运价可能上升；同时燃料、保险和封航风险上升，油价上涨本身不证明油运盈利增加。,601872,招商轮船,22.03,20261008,腾讯全市场+带日期批量报价核验,16.4,用户2026-10-08产业链基准（原任务书指定），须持续核验最新业务结构,产业链研究观察,仅条件性传导，真实利润取决于产品结构、销量、成本和合同；种子/题材不豁免硬筛和风险闸。
逐事件语义复核@2026-10-08；事实：英外交大臣：不接受以色列关闭英驻耶路撒冷领事馆；事件分类为研判；涉及表态/转述/预期的标题不当作行动已发生。地缘类仅列风险敏感行业，方向需核实。,方向待人工确认,3,油轮运输，吨海里与运价敞口；燃料及保险成本风险,用户2026-10-08产业链基准（原任务书指定），须持续核验最新业务结构,123759999999.99998,600026 中远海能；601872 招商轮船,有业务敞口名单内、产业直接性优先，同层按本次总市值降序取前3；非全行业市值排名,2026-10-08T22:22:11+08:00,中,已核验窗口内官方/指定媒体报道，需人工判断影响,news_8659b326fb20de2f,地缘,英外交大臣：不接受以色列关闭英驻耶路撒冷领事馆,2026-10-08T15:21:27+08:00,秒/分,窗口内,央视新闻,https://news.cctv.com/2026/10/08/ARTIIG0zEeCPoHLv2H27oiHf261008.shtml,正文未提取，仅据标题；关联依据不足须复核,NA,油运,冲突/航道扰动→绕航吨海里与油运运价可能上升；同时燃料、保险和封航风险上升，油价上涨本身不证明油运盈利增加。,600026,中远海能,22.62,20261008,腾讯全市场+带日期批量报价核验,18.43,用户2026-10-08产业链基准（原任务书指定），须持续核验最新业务结构,产业链研究观察,仅条件性传导，真实利润取决于产品结构、销量、成本和合同；种子/题材不豁免硬筛和风险闸。
逐事件语义复核@2026-10-08；事实：以色列宣布关闭英国驻耶路撒冷领事馆；事件分类为研判；涉及表态/转述/预期的标题不当作行动已发生。地缘类仅列风险敏感行业，方向需核实。,上游条件受益、油服间接受益,1,原油及天然气勘探、开发、生产，上游实现售价敞口,中国海油官网公司简介 https://www.cnoocltd.com/index.html 核验2026-10-08,1624099000000.0,600938 中国海油；601808 中海油服；600339 中油工程；600583 海油工程,有业务敞口名单内、产业直接性优先，同层按本次总市值降序取前3；非全行业市值排名,2026-10-08T22:22:11+08:00,中,已核验窗口内官方/指定媒体报道，需人工判断影响,news_ce62f3f509f75fad,地缘,以色列宣布关闭英国驻耶路撒冷领事馆,2026-10-08T14:47:57+08:00,秒/分,窗口内,央视新闻,https://news.cctv.com/2026/10/08/ARTIkHVaBZ6DQqQLgG6P86hL261008.shtml,正文未提取，仅据标题；关联依据不足须复核,NA,油气上游/油服,原油涨价→上游售油实现价格可能提高（中国海油）；持续高油价才可能推动资本开支→中海油服钻井服务需求/日费率；工程公司还需订单兑现，不能等同即期利润增长。,600938,中国海油,34.17,20261008,腾讯全市场+带日期批量报价核验,11.74,中国海油官网公司简介 https://www.cnoocltd.com/index.html 核验2026-10-08,产业链研究观察,仅条件性传导，真实利润取决于产品结构、销量、成本和合同；种子/题材不豁免硬筛和风险闸。
逐事件语义复核@2026-10-08；事实：以色列宣布关闭英国驻耶路撒冷领事馆；事件分类为研判；涉及表态/转述/预期的标题不当作行动已发生。地缘类仅列风险敏感行业，方向需核实。,上游条件受益、油服间接受益,1,油田技术/钻井服务，上游资本开支与日费率敞口，非直接售油企业,中海油服官方公司介绍 https://www.cosl.com.cn/attach/0/999dd62f9a1749e59c21e7097d2e2a7e.pdf 核验2026-10-08,59930999999.99999,600938 中国海油；601808 中海油服；600339 中油工程；600583 海油工程,有业务敞口名单内、产业直接性优先，同层按本次总市值降序取前3；非全行业市值排名,2026-10-08T22:22:11+08:00,中,已核验窗口内官方/指定媒体报道，需人工判断影响,news_ce62f3f509f75fad,地缘,以色列宣布关闭英国驻耶路撒冷领事馆,2026-10-08T14:47:57+08:00,秒/分,窗口内,央视新闻,https://news.cctv.com/2026/10/08/ARTIkHVaBZ6DQqQLgG6P86hL261008.shtml,正文未提取，仅据标题；关联依据不足须复核,NA,油气上游/油服,原油涨价→上游售油实现价格可能提高（中国海油）；持续高油价才可能推动资本开支→中海油服钻井服务需求/日费率；工程公司还需订单兑现，不能等同即期利润增长。,601808,中海油服,12.56,20261008,腾讯全市场+带日期批量报价核验,15.42,中海油服官方公司介绍 https://www.cosl.com.cn/attach/0/999dd62f9a1749e59c21e7097d2e2a7e.pdf 核验2026-10-08,产业链研究观察,仅条件性传导，真实利润取决于产品结构、销量、成本和合同；种子/题材不豁免硬筛和风险闸。
逐事件语义复核@2026-10-08；事实：以色列宣布关闭英国驻耶路撒冷领事馆；事件分类为研判；涉及表态/转述/预期的标题不当作行动已发生。地缘类仅列风险敏感行业，方向需核实。,上游条件受益、油服间接受益,1,海洋油气工程，工程订单与投资周期敞口,用户2026-10-08产业链基准（原任务书指定），须持续核验最新业务结构,29225000000.0,600938 中国海油；601808 中海油服；600339 中油工程；600583 海油工程,有业务敞口名单内、产业直接性优先，同层按本次总市值降序取前3；非全行业市值排名,2026-10-08T22:22:11+08:00,中,已核验窗口内官方/指定媒体报道，需人工判断影响,news_ce62f3f509f75fad,地缘,以色列宣布关闭英国驻耶路撒冷领事馆,2026-10-08T14:47:57+08:00,秒/分,窗口内,央视新闻,https://news.cctv.com/2026/10/08/ARTIkHVaBZ6DQqQLgG6P86hL261008.shtml,正文未提取，仅据标题；关联依据不足须复核,NA,油气上游/油服,原油涨价→上游售油实现价格可能提高（中国海油）；持续高油价才可能推动资本开支→中海油服钻井服务需求/日费率；工程公司还需订单兑现，不能等同即期利润增长。,600583,海油工程,6.61,20261008,腾讯全市场+带日期批量报价核验,14.07,用户2026-10-08产业链基准（原任务书指定），须持续核验最新业务结构,产业链研究观察,仅条件性传导，真实利润取决于产品结构、销量、成本和合同；种子/题材不豁免硬筛和风险闸。
逐事件语义复核@2026-10-08；事实：以色列宣布关闭英国驻耶路撒冷领事馆；事件分类为研判；涉及表态/转述/预期的标题不当作行动已发生。地缘类仅列风险敏感行业，方向需核实。,条件受益,2,铜金等多金属采选，非纯黄金公司,用户2026-10-08产业链基准（原任务书指定），须持续核验最新业务结构,780972000000.0,600547 山东黄金；600489 中金黄金；601899 紫金矿业,有业务敞口名单内、产业直接性优先，同层按本次总市值降序取前3；非全行业市值排名,2026-10-08T22:22:11+08:00,中,已核验窗口内官方/指定媒体报道，需人工判断影响,news_ce62f3f509f75fad,地缘,以色列宣布关闭英国驻耶路撒冷领事馆,2026-10-08T14:47:57+08:00,秒/分,窗口内,央视新闻,https://news.cctv.com/2026/10/08/ARTIkHVaBZ6DQqQLgG6P86hL261008.shtml,正文未提取，仅据标题；关联依据不足须复核,NA,黄金资源,黄金报价上升或避险需求→黄金矿山售金收入弹性；实际利润还取决于成本、套保和产量。,601899,紫金矿业,29.37,20261008,腾讯全市场+带日期批量报价核验,11.54,用户2026-10-08产业链基准（原任务书指定），须持续核验最新业务结构,产业链研究观察,仅条件性传导，真实利润取决于产品结构、销量、成本和合同；种子/题材不豁免硬筛和风险闸。
逐事件语义复核@2026-10-08；事实：以色列宣布关闭英国驻耶路撒冷领事馆；事件分类为研判；涉及表态/转述/预期的标题不当作行动已发生。地缘类仅列风险敏感行业，方向需核实。,条件受益,2,黄金开采，上游黄金售价与成本敞口,用户2026-10-08产业链基准（原任务书指定），须持续核验最新业务结构,121840000000.00002,600547 山东黄金；600489 中金黄金；601899 紫金矿业,有业务敞口名单内、产业直接性优先，同层按本次总市值降序取前3；非全行业市值排名,2026-10-08T22:22:11+08:00,中,已核验窗口内官方/指定媒体报道，需人工判断影响,news_ce62f3f509f75fad,地缘,以色列宣布关闭英国驻耶路撒冷领事馆,2026-10-08T14:47:57+08:00,秒/分,窗口内,央视新闻,https://news.cctv.com/2026/10/08/ARTIkHVaBZ6DQqQLgG6P86hL261008.shtml,正文未提取，仅据标题；关联依据不足须复核,NA,黄金资源,黄金报价上升或避险需求→黄金矿山售金收入弹性；实际利润还取决于成本、套保和产量。,600547,山东黄金,26.43,20261008,腾讯全市场+带日期批量报价核验,22.26,用户2026-10-08产业链基准（原任务书指定），须持续核验最新业务结构,产业链研究观察,仅条件性传导，真实利润取决于产品结构、销量、成本和合同；种子/题材不豁免硬筛和风险闸。
逐事件语义复核@2026-10-08；事实：以色列宣布关闭英国驻耶路撒冷领事馆；事件分类为研判；涉及表态/转述/预期的标题不当作行动已发生。地缘类仅列风险敏感行业，方向需核实。,条件受益,2,黄金采选冶，上游黄金售价与成本敞口,用户2026-10-08产业链基准（原任务书指定），须持续核验最新业务结构,104120000000.0,600547 山东黄金；600489 中金黄金；601899 紫金矿业,有业务敞口名单内、产业直接性优先，同层按本次总市值降序取前3；非全行业市值排名,2026-10-08T22:22:11+08:00,中,已核验窗口内官方/指定媒体报道，需人工判断影响,news_ce62f3f509f75fad,地缘,以色列宣布关闭英国驻耶路撒冷领事馆,2026-10-08T14:47:57+08:00,秒/分,窗口内,央视新闻,https://news.cctv.com/2026/10/08/ARTIkHVaBZ6DQqQLgG6P86hL261008.shtml,正文未提取，仅据标题；关联依据不足须复核,NA,黄金资源,黄金报价上升或避险需求→黄金矿山售金收入弹性；实际利润还取决于成本、套保和产量。,600489,中金黄金,21.48,20261008,腾讯全市场+带日期批量报价核验,15.79,用户2026-10-08产业链基准（原任务书指定），须持续核验最新业务结构,产业链研究观察,仅条件性传导，真实利润取决于产品结构、销量、成本和合同；种子/题材不豁免硬筛和风险闸。
逐事件语义复核@2026-10-08；事实：以色列宣布关闭英国驻耶路撒冷领事馆；事件分类为研判；涉及表态/转述/预期的标题不当作行动已发生。地缘类仅列风险敏感行业，方向需核实。,方向待人工确认,3,油运及其他航运，航线/运价与运力敞口,用户2026-10-08产业链基准（原任务书指定），须持续核验最新业务结构,177882000000.0,600026 中远海能；601872 招商轮船,有业务敞口名单内、产业直接性优先，同层按本次总市值降序取前3；非全行业市值排名,2026-10-08T22:22:11+08:00,中,已核验窗口内官方/指定媒体报道，需人工判断影响,news_ce62f3f509f75fad,地缘,以色列宣布关闭英国驻耶路撒冷领事馆,2026-10-08T14:47:57+08:00,秒/分,窗口内,央视新闻,https://news.cctv.com/2026/10/08/ARTIkHVaBZ6DQqQLgG6P86hL261008.shtml,正文未提取，仅据标题；关联依据不足须复核,NA,油运,冲突/航道扰动→绕航吨海里与油运运价可能上升；同时燃料、保险和封航风险上升，油价上涨本身不证明油运盈利增加。,601872,招商轮船,22.03,20261008,腾讯全市场+带日期批量报价核验,16.4,用户2026-10-08产业链基准（原任务书指定），须持续核验最新业务结构,产业链研究观察,仅条件性传导，真实利润取决于产品结构、销量、成本和合同；种子/题材不豁免硬筛和风险闸。
逐事件语义复核@2026-10-08；事实：以色列宣布关闭英国驻耶路撒冷领事馆；事件分类为研判；涉及表态/转述/预期的标题不当作行动已发生。地缘类仅列风险敏感行业，方向需核实。,方向待人工确认,3,油轮运输，吨海里与运价敞口；燃料及保险成本风险,用户2026-10-08产业链基准（原任务书指定），须持续核验最新业务结构,123759999999.99998,600026 中远海能；601872 招商轮船,有业务敞口名单内、产业直接性优先，同层按本次总市值降序取前3；非全行业市值排名,2026-10-08T22:22:11+08:00,中,已核验窗口内官方/指定媒体报道，需人工判断影响,news_ce62f3f509f75fad,地缘,以色列宣布关闭英国驻耶路撒冷领事馆,2026-10-08T14:47:57+08:00,秒/分,窗口内,央视新闻,https://news.cctv.com/2026/10/08/ARTIkHVaBZ6DQqQLgG6P86hL261008.shtml,正文未提取，仅据标题；关联依据不足须复核,NA,油运,冲突/航道扰动→绕航吨海里与油运运价可能上升；同时燃料、保险和封航风险上升，油价上涨本身不证明油运盈利增加。,600026,中远海能,22.62,20261008,腾讯全市场+带日期批量报价核验,18.43,用户2026-10-08产业链基准（原任务书指定），须持续核验最新业务结构,产业链研究观察,仅条件性传导，真实利润取决于产品结构、销量、成本和合同；种子/题材不豁免硬筛和风险闸。
逐事件语义复核@2026-10-08；事实：乌外交部：乌方目前正研究“五种不同的停火机制”；事件分类为研判；涉及表态/转述/预期的标题不当作行动已发生。地缘类仅列风险敏感行业，方向需核实。,风险溢价回落可能承压,1,原油及天然气勘探、开发、生产，上游实现售价敞口,中国海油官网公司简介 https://www.cnoocltd.com/index.html 核验2026-10-08,1624099000000.0,600938 中国海油；601808 中海油服；600339 中油工程；600583 海油工程,有业务敞口名单内、产业直接性优先，同层按本次总市值降序取前3；非全行业市值排名,2026-10-08T22:22:11+08:00,高,标题命中重大事件检索词；不代表利好,news_a66a8b108dc19d21,地缘,乌外交部：乌方目前正研究“五种不同的停火机制”,2026-10-08T02:38:02+08:00,秒/分,窗口内,央视新闻,https://news.cctv.com/2026/10/08/ARTIw6MrhcqghJVCXV93WPJw261008.shtml,正文未提取，仅据标题；关联依据不足须复核,NA,油气上游/油服,停火/缓和表态若落实→供应扰动溢价下降，上游实现油价可能承压；表态不等于停火生效。,600938,中国海油,34.17,20261008,腾讯全市场+带日期批量报价核验,11.74,中国海油官网公司简介 https://www.cnoocltd.com/index.html 核验2026-10-08,产业链研究观察,仅条件性传导，真实利润取决于产品结构、销量、成本和合同；种子/题材不豁免硬筛和风险闸。
逐事件语义复核@2026-10-08；事实：乌外交部：乌方目前正研究“五种不同的停火机制”；事件分类为研判；涉及表态/转述/预期的标题不当作行动已发生。地缘类仅列风险敏感行业，方向需核实。,风险溢价回落可能承压,1,油田技术/钻井服务，上游资本开支与日费率敞口，非直接售油企业,中海油服官方公司介绍 https://www.cosl.com.cn/attach/0/999dd62f9a1749e59c21e7097d2e2a7e.pdf 核验2026-10-08,59930999999.99999,600938 中国海油；601808 中海油服；600339 中油工程；600583 海油工程,有业务敞口名单内、产业直接性优先，同层按本次总市值降序取前3；非全行业市值排名,2026-10-08T22:22:11+08:00,高,标题命中重大事件检索词；不代表利好,news_a66a8b108dc19d21,地缘,乌外交部：乌方目前正研究“五种不同的停火机制”,2026-10-08T02:38:02+08:00,秒/分,窗口内,央视新闻,https://news.cctv.com/2026/10/08/ARTIw6MrhcqghJVCXV93WPJw261008.shtml,正文未提取，仅据标题；关联依据不足须复核,NA,油气上游/油服,停火/缓和表态若落实→供应扰动溢价下降，上游实现油价可能承压；表态不等于停火生效。,601808,中海油服,12.56,20261008,腾讯全市场+带日期批量报价核验,15.42,中海油服官方公司介绍 https://www.cosl.com.cn/attach/0/999dd62f9a1749e59c21e7097d2e2a7e.pdf 核验2026-10-08,产业链研究观察,仅条件性传导，真实利润取决于产品结构、销量、成本和合同；种子/题材不豁免硬筛和风险闸。
逐事件语义复核@2026-10-08；事实：乌外交部：乌方目前正研究“五种不同的停火机制”；事件分类为研判；涉及表态/转述/预期的标题不当作行动已发生。地缘类仅列风险敏感行业，方向需核实。,风险溢价回落可能承压,1,海洋油气工程，工程订单与投资周期敞口,用户2026-10-08产业链基准（原任务书指定），须持续核验最新业务结构,29225000000.0,600938 中国海油；601808 中海油服；600339 中油工程；600583 海油工程,有业务敞口名单内、产业直接性优先，同层按本次总市值降序取前3；非全行业市值排名,2026-10-08T22:22:11+08:00,高,标题命中重大事件检索词；不代表利好,news_a66a8b108dc19d21,地缘,乌外交部：乌方目前正研究“五种不同的停火机制”,2026-10-08T02:38:02+08:00,秒/分,窗口内,央视新闻,https://news.cctv.com/2026/10/08/ARTIw6MrhcqghJVCXV93WPJw261008.shtml,正文未提取，仅据标题；关联依据不足须复核,NA,油气上游/油服,停火/缓和表态若落实→供应扰动溢价下降，上游实现油价可能承压；表态不等于停火生效。,600583,海油工程,6.61,20261008,腾讯全市场+带日期批量报价核验,14.07,用户2026-10-08产业链基准（原任务书指定），须持续核验最新业务结构,产业链研究观察,仅条件性传导，真实利润取决于产品结构、销量、成本和合同；种子/题材不豁免硬筛和风险闸。
逐事件语义复核@2026-10-08；事实：乌外交部：乌方目前正研究“五种不同的停火机制”；事件分类为研判；涉及表态/转述/预期的标题不当作行动已发生。地缘类仅列风险敏感行业，方向需核实。,避险溢价回落可能承压,2,铜金等多金属采选，非纯黄金公司,用户2026-10-08产业链基准（原任务书指定），须持续核验最新业务结构,780972000000.0,600547 山东黄金；600489 中金黄金；601899 紫金矿业,有业务敞口名单内、产业直接性优先，同层按本次总市值降序取前3；非全行业市值排名,2026-10-08T22:22:11+08:00,高,标题命中重大事件检索词；不代表利好,news_a66a8b108dc19d21,地缘,乌外交部：乌方目前正研究“五种不同的停火机制”,2026-10-08T02:38:02+08:00,秒/分,窗口内,央视新闻,https://news.cctv.com/2026/10/08/ARTIw6MrhcqghJVCXV93WPJw261008.shtml,正文未提取，仅据标题；关联依据不足须复核,NA,黄金资源,若冲突风险缓解→避险需求可能下降；利率和美元仍可改变黄金方向。,601899,紫金矿业,29.37,20261008,腾讯全市场+带日期批量报价核验,11.54,用户2026-10-08产业链基准（原任务书指定），须持续核验最新业务结构,产业链研究观察,仅条件性传导，真实利润取决于产品结构、销量、成本和合同；种子/题材不豁免硬筛和风险闸。
逐事件语义复核@2026-10-08；事实：乌外交部：乌方目前正研究“五种不同的停火机制”；事件分类为研判；涉及表态/转述/预期的标题不当作行动已发生。地缘类仅列风险敏感行业，方向需核实。,避险溢价回落可能承压,2,黄金开采，上游黄金售价与成本敞口,用户2026-10-08产业链基准（原任务书指定），须持续核验最新业务结构,121840000000.00002,600547 山东黄金；600489 中金黄金；601899 紫金矿业,有业务敞口名单内、产业直接性优先，同层按本次总市值降序取前3；非全行业市值排名,2026-10-08T22:22:11+08:00,高,标题命中重大事件检索词；不代表利好,news_a66a8b108dc19d21,地缘,乌外交部：乌方目前正研究“五种不同的停火机制”,2026-10-08T02:38:02+08:00,秒/分,窗口内,央视新闻,https://news.cctv.com/2026/10/08/ARTIw6MrhcqghJVCXV93WPJw261008.shtml,正文未提取，仅据标题；关联依据不足须复核,NA,黄金资源,若冲突风险缓解→避险需求可能下降；利率和美元仍可改变黄金方向。,600547,山东黄金,26.43,20261008,腾讯全市场+带日期批量报价核验,22.26,用户2026-10-08产业链基准（原任务书指定），须持续核验最新业务结构,产业链研究观察,仅条件性传导，真实利润取决于产品结构、销量、成本和合同；种子/题材不豁免硬筛和风险闸。
逐事件语义复核@2026-10-08；事实：乌外交部：乌方目前正研究“五种不同的停火机制”；事件分类为研判；涉及表态/转述/预期的标题不当作行动已发生。地缘类仅列风险敏感行业，方向需核实。,避险溢价回落可能承压,2,黄金采选冶，上游黄金售价与成本敞口,用户2026-10-08产业链基准（原任务书指定），须持续核验最新业务结构,104120000000.0,600547 山东黄金；600489 中金黄金；601899 紫金矿业,有业务敞口名单内、产业直接性优先，同层按本次总市值降序取前3；非全行业市值排名,2026-10-08T22:22:11+08:00,高,标题命中重大事件检索词；不代表利好,news_a66a8b108dc19d21,地缘,乌外交部：乌方目前正研究“五种不同的停火机制”,2026-10-08T02:38:02+08:00,秒/分,窗口内,央视新闻,https://news.cctv.com/2026/10/08/ARTIw6MrhcqghJVCXV93WPJw261008.shtml,正文未提取，仅据标题；关联依据不足须复核,NA,黄金资源,若冲突风险缓解→避险需求可能下降；利率和美元仍可改变黄金方向。,600489,中金黄金,21.48,20261008,腾讯全市场+带日期批量报价核验,15.79,用户2026-10-08产业链基准（原任务书指定），须持续核验最新业务结构,产业链研究观察,仅条件性传导，真实利润取决于产品结构、销量、成本和合同；种子/题材不豁免硬筛和风险闸。
逐事件语义复核@2026-10-08；事实：乌外交部：乌方目前正研究“五种不同的停火机制”；事件分类为研判；涉及表态/转述/预期的标题不当作行动已发生。地缘类仅列风险敏感行业，方向需核实。,待人工确认,3,油运及其他航运，航线/运价与运力敞口,用户2026-10-08产业链基准（原任务书指定），须持续核验最新业务结构,177882000000.0,600026 中远海能；601872 招商轮船,有业务敞口名单内、产业直接性优先，同层按本次总市值降序取前3；非全行业市值排名,2026-10-08T22:22:11+08:00,高,标题命中重大事件检索词；不代表利好,news_a66a8b108dc19d21,地缘,乌外交部：乌方目前正研究“五种不同的停火机制”,2026-10-08T02:38:02+08:00,秒/分,窗口内,央视新闻,https://news.cctv.com/2026/10/08/ARTIw6MrhcqghJVCXV93WPJw261008.shtml,正文未提取，仅据标题；关联依据不足须复核,NA,油运,若航道恢复→绕航吨海里下降可能压运价，但保险与燃料成本也下降，净效应待核实。,601872,招商轮船,22.03,20261008,腾讯全市场+带日期批量报价核验,16.4,用户2026-10-08产业链基准（原任务书指定），须持续核验最新业务结构,产业链研究观察,仅条件性传导，真实利润取决于产品结构、销量、成本和合同；种子/题材不豁免硬筛和风险闸。
逐事件语义复核@2026-10-08；事实：乌外交部：乌方目前正研究“五种不同的停火机制”；事件分类为研判；涉及表态/转述/预期的标题不当作行动已发生。地缘类仅列风险敏感行业，方向需核实。,待人工确认,3,油轮运输，吨海里与运价敞口；燃料及保险成本风险,用户2026-10-08产业链基准（原任务书指定），须持续核验最新业务结构,123759999999.99998,600026 中远海能；601872 招商轮船,有业务敞口名单内、产业直接性优先，同层按本次总市值降序取前3；非全行业市值排名,2026-10-08T22:22:11+08:00,高,标题命中重大事件检索词；不代表利好,news_a66a8b108dc19d21,地缘,乌外交部：乌方目前正研究“五种不同的停火机制”,2026-10-08T02:38:02+08:00,秒/分,窗口内,央视新闻,https://news.cctv.com/2026/10/08/ARTIw6MrhcqghJVCXV93WPJw261008.shtml,正文未提取，仅据标题；关联依据不足须复核,NA,油运,若航道恢复→绕航吨海里下降可能压运价，但保险与燃料成本也下降，净效应待核实。,600026,中远海能,22.62,20261008,腾讯全市场+带日期批量报价核验,18.43,用户2026-10-08产业链基准（原任务书指定），须持续核验最新业务结构,产业链研究观察,仅条件性传导，真实利润取决于产品结构、销量、成本和合同；种子/题材不豁免硬筛和风险闸。
待人工确认：尚无逐事件事实与方向复核，不通过正文词语自动选择产业,待人工确认,NA,NA,NA,NA,NA,NA,2026-10-08T22:22:11+08:00,中,已核验窗口内官方/指定媒体报道，需人工判断影响,news_19fb75d597e9dd5a,地缘,波兰一学校发生持刀袭击事件 至少10人受伤,2026-10-08T02:36:29+08:00,秒/分,窗口内,央视新闻,https://news.cctv.com/2026/10/08/ARTIzj9VZDNQvC4peVK52Gqx261008.shtml,正文未提取，仅据标题；关联依据不足须复核,NA,待人工确认,待人工确认：尚无逐事件事实与方向复核，不通过正文词语自动选择产业,NA,NA,NA,NA,NA,NA,NA,待人工确认,未完成事件语义复核，不把词语相似当业务受益；无符合当前已核验映射的标的。
逐事件语义复核@2026-10-08；事实：伊朗高级官员：伊朗绝不会放弃铀浓缩权利；事件分类为研判；涉及表态/转述/预期的标题不当作行动已发生。地缘类仅列风险敏感行业，方向需核实。,上游条件受益、油服间接受益,1,原油及天然气勘探、开发、生产，上游实现售价敞口,中国海油官网公司简介 https://www.cnoocltd.com/index.html 核验2026-10-08,1624099000000.0,600938 中国海油；601808 中海油服；600339 中油工程；600583 海油工程,有业务敞口名单内、产业直接性优先，同层按本次总市值降序取前3；非全行业市值排名,2026-10-08T22:22:11+08:00,中,已核验窗口内官方/指定媒体报道，需人工判断影响,news_e514fa1cc33b1ac3,地缘,伊朗高级官员：伊朗绝不会放弃铀浓缩权利,2026-10-08T02:35:09+08:00,秒/分,窗口内,央视新闻,https://news.cctv.com/2026/10/08/ARTIlDBxK7ArpXXC2nOh1KeX261008.shtml,正文未提取，仅据标题；关联依据不足须复核,NA,油气上游/油服,原油涨价→上游售油实现价格可能提高（中国海油）；持续高油价才可能推动资本开支→中海油服钻井服务需求/日费率；工程公司还需订单兑现，不能等同即期利润增长。,600938,中国海油,34.17,20261008,腾讯全市场+带日期批量报价核验,11.74,中国海油官网公司简介 https://www.cnoocltd.com/index.html 核验2026-10-08,产业链研究观察,仅条件性传导，真实利润取决于产品结构、销量、成本和合同；种子/题材不豁免硬筛和风险闸。
逐事件语义复核@2026-10-08；事实：伊朗高级官员：伊朗绝不会放弃铀浓缩权利；事件分类为研判；涉及表态/转述/预期的标题不当作行动已发生。地缘类仅列风险敏感行业，方向需核实。,上游条件受益、油服间接受益,1,油田技术/钻井服务，上游资本开支与日费率敞口，非直接售油企业,中海油服官方公司介绍 https://www.cosl.com.cn/attach/0/999dd62f9a1749e59c21e7097d2e2a7e.pdf 核验2026-10-08,59930999999.99999,600938 中国海油；601808 中海油服；600339 中油工程；600583 海油工程,有业务敞口名单内、产业直接性优先，同层按本次总市值降序取前3；非全行业市值排名,2026-10-08T22:22:11+08:00,中,已核验窗口内官方/指定媒体报道，需人工判断影响,news_e514fa1cc33b1ac3,地缘,伊朗高级官员：伊朗绝不会放弃铀浓缩权利,2026-10-08T02:35:09+08:00,秒/分,窗口内,央视新闻,https://news.cctv.com/2026/10/08/ARTIlDBxK7ArpXXC2nOh1KeX261008.shtml,正文未提取，仅据标题；关联依据不足须复核,NA,油气上游/油服,原油涨价→上游售油实现价格可能提高（中国海油）；持续高油价才可能推动资本开支→中海油服钻井服务需求/日费率；工程公司还需订单兑现，不能等同即期利润增长。,601808,中海油服,12.56,20261008,腾讯全市场+带日期批量报价核验,15.42,中海油服官方公司介绍 https://www.cosl.com.cn/attach/0/999dd62f9a1749e59c21e7097d2e2a7e.pdf 核验2026-10-08,产业链研究观察,仅条件性传导，真实利润取决于产品结构、销量、成本和合同；种子/题材不豁免硬筛和风险闸。
逐事件语义复核@2026-10-08；事实：伊朗高级官员：伊朗绝不会放弃铀浓缩权利；事件分类为研判；涉及表态/转述/预期的标题不当作行动已发生。地缘类仅列风险敏感行业，方向需核实。,上游条件受益、油服间接受益,1,海洋油气工程，工程订单与投资周期敞口,用户2026-10-08产业链基准（原任务书指定），须持续核验最新业务结构,29225000000.0,600938 中国海油；601808 中海油服；600339 中油工程；600583 海油工程,有业务敞口名单内、产业直接性优先，同层按本次总市值降序取前3；非全行业市值排名,2026-10-08T22:22:11+08:00,中,已核验窗口内官方/指定媒体报道，需人工判断影响,news_e514fa1cc33b1ac3,地缘,伊朗高级官员：伊朗绝不会放弃铀浓缩权利,2026-10-08T02:35:09+08:00,秒/分,窗口内,央视新闻,https://news.cctv.com/2026/10/08/ARTIlDBxK7ArpXXC2nOh1KeX261008.shtml,正文未提取，仅据标题；关联依据不足须复核,NA,油气上游/油服,原油涨价→上游售油实现价格可能提高（中国海油）；持续高油价才可能推动资本开支→中海油服钻井服务需求/日费率；工程公司还需订单兑现，不能等同即期利润增长。,600583,海油工程,6.61,20261008,腾讯全市场+带日期批量报价核验,14.07,用户2026-10-08产业链基准（原任务书指定），须持续核验最新业务结构,产业链研究观察,仅条件性传导，真实利润取决于产品结构、销量、成本和合同；种子/题材不豁免硬筛和风险闸。
逐事件语义复核@2026-10-08；事实：伊朗高级官员：伊朗绝不会放弃铀浓缩权利；事件分类为研判；涉及表态/转述/预期的标题不当作行动已发生。地缘类仅列风险敏感行业，方向需核实。,条件受益,2,铜金等多金属采选，非纯黄金公司,用户2026-10-08产业链基准（原任务书指定），须持续核验最新业务结构,780972000000.0,600547 山东黄金；600489 中金黄金；601899 紫金矿业,有业务敞口名单内、产业直接性优先，同层按本次总市值降序取前3；非全行业市值排名,2026-10-08T22:22:11+08:00,中,已核验窗口内官方/指定媒体报道，需人工判断影响,news_e514fa1cc33b1ac3,地缘,伊朗高级官员：伊朗绝不会放弃铀浓缩权利,2026-10-08T02:35:09+08:00,秒/分,窗口内,央视新闻,https://news.cctv.com/2026/10/08/ARTIlDBxK7ArpXXC2nOh1KeX261008.shtml,正文未提取，仅据标题；关联依据不足须复核,NA,黄金资源,黄金报价上升或避险需求→黄金矿山售金收入弹性；实际利润还取决于成本、套保和产量。,601899,紫金矿业,29.37,20261008,腾讯全市场+带日期批量报价核验,11.54,用户2026-10-08产业链基准（原任务书指定），须持续核验最新业务结构,产业链研究观察,仅条件性传导，真实利润取决于产品结构、销量、成本和合同；种子/题材不豁免硬筛和风险闸。
逐事件语义复核@2026-10-08；事实：伊朗高级官员：伊朗绝不会放弃铀浓缩权利；事件分类为研判；涉及表态/转述/预期的标题不当作行动已发生。地缘类仅列风险敏感行业，方向需核实。,条件受益,2,黄金开采，上游黄金售价与成本敞口,用户2026-10-08产业链基准（原任务书指定），须持续核验最新业务结构,121840000000.00002,600547 山东黄金；600489 中金黄金；601899 紫金矿业,有业务敞口名单内、产业直接性优先，同层按本次总市值降序取前3；非全行业市值排名,2026-10-08T22:22:11+08:00,中,已核验窗口内官方/指定媒体报道，需人工判断影响,news_e514fa1cc33b1ac3,地缘,伊朗高级官员：伊朗绝不会放弃铀浓缩权利,2026-10-08T02:35:09+08:00,秒/分,窗口内,央视新闻,https://news.cctv.com/2026/10/08/ARTIlDBxK7ArpXXC2nOh1KeX261008.shtml,正文未提取，仅据标题；关联依据不足须复核,NA,黄金资源,黄金报价上升或避险需求→黄金矿山售金收入弹性；实际利润还取决于成本、套保和产量。,600547,山东黄金,26.43,20261008,腾讯全市场+带日期批量报价核验,22.26,用户2026-10-08产业链基准（原任务书指定），须持续核验最新业务结构,产业链研究观察,仅条件性传导，真实利润取决于产品结构、销量、成本和合同；种子/题材不豁免硬筛和风险闸。
逐事件语义复核@2026-10-08；事实：伊朗高级官员：伊朗绝不会放弃铀浓缩权利；事件分类为研判；涉及表态/转述/预期的标题不当作行动已发生。地缘类仅列风险敏感行业，方向需核实。,条件受益,2,黄金采选冶，上游黄金售价与成本敞口,用户2026-10-08产业链基准（原任务书指定），须持续核验最新业务结构,104120000000.0,600547 山东黄金；600489 中金黄金；601899 紫金矿业,有业务敞口名单内、产业直接性优先，同层按本次总市值降序取前3；非全行业市值排名,2026-10-08T22:22:11+08:00,中,已核验窗口内官方/指定媒体报道，需人工判断影响,news_e514fa1cc33b1ac3,地缘,伊朗高级官员：伊朗绝不会放弃铀浓缩权利,2026-10-08T02:35:09+08:00,秒/分,窗口内,央视新闻,https://news.cctv.com/2026/10/08/ARTIlDBxK7ArpXXC2nOh1KeX261008.shtml,正文未提取，仅据标题；关联依据不足须复核,NA,黄金资源,黄金报价上升或避险需求→黄金矿山售金收入弹性；实际利润还取决于成本、套保和产量。,600489,中金黄金,21.48,20261008,腾讯全市场+带日期批量报价核验,15.79,用户2026-10-08产业链基准（原任务书指定），须持续核验最新业务结构,产业链研究观察,仅条件性传导，真实利润取决于产品结构、销量、成本和合同；种子/题材不豁免硬筛和风险闸。
逐事件语义复核@2026-10-08；事实：伊朗高级官员：伊朗绝不会放弃铀浓缩权利；事件分类为研判；涉及表态/转述/预期的标题不当作行动已发生。地缘类仅列风险敏感行业，方向需核实。,方向待人工确认,3,油运及其他航运，航线/运价与运力敞口,用户2026-10-08产业链基准（原任务书指定），须持续核验最新业务结构,177882000000.0,600026 中远海能；601872 招商轮船,有业务敞口名单内、产业直接性优先，同层按本次总市值降序取前3；非全行业市值排名,2026-10-08T22:22:11+08:00,中,已核验窗口内官方/指定媒体报道，需人工判断影响,news_e514fa1cc33b1ac3,地缘,伊朗高级官员：伊朗绝不会放弃铀浓缩权利,2026-10-08T02:35:09+08:00,秒/分,窗口内,央视新闻,https://news.cctv.com/2026/10/08/ARTIlDBxK7ArpXXC2nOh1KeX261008.shtml,正文未提取，仅据标题；关联依据不足须复核,NA,油运,冲突/航道扰动→绕航吨海里与油运运价可能上升；同时燃料、保险和封航风险上升，油价上涨本身不证明油运盈利增加。,601872,招商轮船,22.03,20261008,腾讯全市场+带日期批量报价核验,16.4,用户2026-10-08产业链基准（原任务书指定），须持续核验最新业务结构,产业链研究观察,仅条件性传导，真实利润取决于产品结构、销量、成本和合同；种子/题材不豁免硬筛和风险闸。
逐事件语义复核@2026-10-08；事实：伊朗高级官员：伊朗绝不会放弃铀浓缩权利；事件分类为研判；涉及表态/转述/预期的标题不当作行动已发生。地缘类仅列风险敏感行业，方向需核实。,方向待人工确认,3,油轮运输，吨海里与运价敞口；燃料及保险成本风险,用户2026-10-08产业链基准（原任务书指定），须持续核验最新业务结构,123759999999.99998,600026 中远海能；601872 招商轮船,有业务敞口名单内、产业直接性优先，同层按本次总市值降序取前3；非全行业市值排名,2026-10-08T22:22:11+08:00,中,已核验窗口内官方/指定媒体报道，需人工判断影响,news_e514fa1cc33b1ac3,地缘,伊朗高级官员：伊朗绝不会放弃铀浓缩权利,2026-10-08T02:35:09+08:00,秒/分,窗口内,央视新闻,https://news.cctv.com/2026/10/08/ARTIlDBxK7ArpXXC2nOh1KeX261008.shtml,正文未提取，仅据标题；关联依据不足须复核,NA,油运,冲突/航道扰动→绕航吨海里与油运运价可能上升；同时燃料、保险和封航风险上升，油价上涨本身不证明油运盈利增加。,600026,中远海能,22.62,20261008,腾讯全市场+带日期批量报价核验,18.43,用户2026-10-08产业链基准（原任务书指定），须持续核验最新业务结构,产业链研究观察,仅条件性传导，真实利润取决于产品结构、销量、成本和合同；种子/题材不豁免硬筛和风险闸。
逐事件语义复核@2026-10-08；事实：三年冲突导致加沙7.4万人死亡 经济损失超800亿美元；事件分类为研判；涉及表态/转述/预期的标题不当作行动已发生。地缘类仅列风险敏感行业，方向需核实。,上游条件受益、油服间接受益,1,原油及天然气勘探、开发、生产，上游实现售价敞口,中国海油官网公司简介 https://www.cnoocltd.com/index.html 核验2026-10-08,1624099000000.0,600938 中国海油；601808 中海油服；600339 中油工程；600583 海油工程,有业务敞口名单内、产业直接性优先，同层按本次总市值降序取前3；非全行业市值排名,2026-10-08T22:22:11+08:00,中,已核验窗口内官方/指定媒体报道，需人工判断影响,news_f636bba318f7ea11,地缘,三年冲突导致加沙7.4万人死亡 经济损失超800亿美元,2026-10-08T02:25:48+08:00,秒/分,窗口内,央视新闻,https://news.cctv.com/2026/10/08/ARTI5UwnpaipnNh1X28T3w9Y261008.shtml,正文未提取，仅据标题；关联依据不足须复核,NA,油气上游/油服,原油涨价→上游售油实现价格可能提高（中国海油）；持续高油价才可能推动资本开支→中海油服钻井服务需求/日费率；工程公司还需订单兑现，不能等同即期利润增长。,600938,中国海油,34.17,20261008,腾讯全市场+带日期批量报价核验,11.74,中国海油官网公司简介 https://www.cnoocltd.com/index.html 核验2026-10-08,产业链研究观察,仅条件性传导，真实利润取决于产品结构、销量、成本和合同；种子/题材不豁免硬筛和风险闸。
逐事件语义复核@2026-10-08；事实：三年冲突导致加沙7.4万人死亡 经济损失超800亿美元；事件分类为研判；涉及表态/转述/预期的标题不当作行动已发生。地缘类仅列风险敏感行业，方向需核实。,上游条件受益、油服间接受益,1,油田技术/钻井服务，上游资本开支与日费率敞口，非直接售油企业,中海油服官方公司介绍 https://www.cosl.com.cn/attach/0/999dd62f9a1749e59c21e7097d2e2a7e.pdf 核验2026-10-08,59930999999.99999,600938 中国海油；601808 中海油服；600339 中油工程；600583 海油工程,有业务敞口名单内、产业直接性优先，同层按本次总市值降序取前3；非全行业市值排名,2026-10-08T22:22:11+08:00,中,已核验窗口内官方/指定媒体报道，需人工判断影响,news_f636bba318f7ea11,地缘,三年冲突导致加沙7.4万人死亡 经济损失超800亿美元,2026-10-08T02:25:48+08:00,秒/分,窗口内,央视新闻,https://news.cctv.com/2026/10/08/ARTI5UwnpaipnNh1X28T3w9Y261008.shtml,正文未提取，仅据标题；关联依据不足须复核,NA,油气上游/油服,原油涨价→上游售油实现价格可能提高（中国海油）；持续高油价才可能推动资本开支→中海油服钻井服务需求/日费率；工程公司还需订单兑现，不能等同即期利润增长。,601808,中海油服,12.56,20261008,腾讯全市场+带日期批量报价核验,15.42,中海油服官方公司介绍 https://www.cosl.com.cn/attach/0/999dd62f9a1749e59c21e7097d2e2a7e.pdf 核验2026-10-08,产业链研究观察,仅条件性传导，真实利润取决于产品结构、销量、成本和合同；种子/题材不豁免硬筛和风险闸。
逐事件语义复核@2026-10-08；事实：三年冲突导致加沙7.4万人死亡 经济损失超800亿美元；事件分类为研判；涉及表态/转述/预期的标题不当作行动已发生。地缘类仅列风险敏感行业，方向需核实。,上游条件受益、油服间接受益,1,海洋油气工程，工程订单与投资周期敞口,用户2026-10-08产业链基准（原任务书指定），须持续核验最新业务结构,29225000000.0,600938 中国海油；601808 中海油服；600339 中油工程；600583 海油工程,有业务敞口名单内、产业直接性优先，同层按本次总市值降序取前3；非全行业市值排名,2026-10-08T22:22:11+08:00,中,已核验窗口内官方/指定媒体报道，需人工判断影响,news_f636bba318f7ea11,地缘,三年冲突导致加沙7.4万人死亡 经济损失超800亿美元,2026-10-08T02:25:48+08:00,秒/分,窗口内,央视新闻,https://news.cctv.com/2026/10/08/ARTI5UwnpaipnNh1X28T3w9Y261008.shtml,正文未提取，仅据标题；关联依据不足须复核,NA,油气上游/油服,原油涨价→上游售油实现价格可能提高（中国海油）；持续高油价才可能推动资本开支→中海油服钻井服务需求/日费率；工程公司还需订单兑现，不能等同即期利润增长。,600583,海油工程,6.61,20261008,腾讯全市场+带日期批量报价核验,14.07,用户2026-10-08产业链基准（原任务书指定），须持续核验最新业务结构,产业链研究观察,仅条件性传导，真实利润取决于产品结构、销量、成本和合同；种子/题材不豁免硬筛和风险闸。
逐事件语义复核@2026-10-08；事实：三年冲突导致加沙7.4万人死亡 经济损失超800亿美元；事件分类为研判；涉及表态/转述/预期的标题不当作行动已发生。地缘类仅列风险敏感行业，方向需核实。,条件受益,2,铜金等多金属采选，非纯黄金公司,用户2026-10-08产业链基准（原任务书指定），须持续核验最新业务结构,780972000000.0,600547 山东黄金；600489 中金黄金；601899 紫金矿业,有业务敞口名单内、产业直接性优先，同层按本次总市值降序取前3；非全行业市值排名,2026-10-08T22:22:11+08:00,中,已核验窗口内官方/指定媒体报道，需人工判断影响,news_f636bba318f7ea11,地缘,三年冲突导致加沙7.4万人死亡 经济损失超800亿美元,2026-10-08T02:25:48+08:00,秒/分,窗口内,央视新闻,https://news.cctv.com/2026/10/08/ARTI5UwnpaipnNh1X28T3w9Y261008.shtml,正文未提取，仅据标题；关联依据不足须复核,NA,黄金资源,黄金报价上升或避险需求→黄金矿山售金收入弹性；实际利润还取决于成本、套保和产量。,601899,紫金矿业,29.37,20261008,腾讯全市场+带日期批量报价核验,11.54,用户2026-10-08产业链基准（原任务书指定），须持续核验最新业务结构,产业链研究观察,仅条件性传导，真实利润取决于产品结构、销量、成本和合同；种子/题材不豁免硬筛和风险闸。
逐事件语义复核@2026-10-08；事实：三年冲突导致加沙7.4万人死亡 经济损失超800亿美元；事件分类为研判；涉及表态/转述/预期的标题不当作行动已发生。地缘类仅列风险敏感行业，方向需核实。,条件受益,2,黄金开采，上游黄金售价与成本敞口,用户2026-10-08产业链基准（原任务书指定），须持续核验最新业务结构,121840000000.00002,600547 山东黄金；600489 中金黄金；601899 紫金矿业,有业务敞口名单内、产业直接性优先，同层按本次总市值降序取前3；非全行业市值排名,2026-10-08T22:22:11+08:00,中,已核验窗口内官方/指定媒体报道，需人工判断影响,news_f636bba318f7ea11,地缘,三年冲突导致加沙7.4万人死亡 经济损失超800亿美元,2026-10-08T02:25:48+08:00,秒/分,窗口内,央视新闻,https://news.cctv.com/2026/10/08/ARTI5UwnpaipnNh1X28T3w9Y261008.shtml,正文未提取，仅据标题；关联依据不足须复核,NA,黄金资源,黄金报价上升或避险需求→黄金矿山售金收入弹性；实际利润还取决于成本、套保和产量。,600547,山东黄金,26.43,20261008,腾讯全市场+带日期批量报价核验,22.26,用户2026-10-08产业链基准（原任务书指定），须持续核验最新业务结构,产业链研究观察,仅条件性传导，真实利润取决于产品结构、销量、成本和合同；种子/题材不豁免硬筛和风险闸。
逐事件语义复核@2026-10-08；事实：三年冲突导致加沙7.4万人死亡 经济损失超800亿美元；事件分类为研判；涉及表态/转述/预期的标题不当作行动已发生。地缘类仅列风险敏感行业，方向需核实。,条件受益,2,黄金采选冶，上游黄金售价与成本敞口,用户2026-10-08产业链基准（原任务书指定），须持续核验最新业务结构,104120000000.0,600547 山东黄金；600489 中金黄金；601899 紫金矿业,有业务敞口名单内、产业直接性优先，同层按本次总市值降序取前3；非全行业市值排名,2026-10-08T22:22:11+08:00,中,已核验窗口内官方/指定媒体报道，需人工判断影响,news_f636bba318f7ea11,地缘,三年冲突导致加沙7.4万人死亡 经济损失超800亿美元,2026-10-08T02:25:48+08:00,秒/分,窗口内,央视新闻,https://news.cctv.com/2026/10/08/ARTI5UwnpaipnNh1X28T3w9Y261008.shtml,正文未提取，仅据标题；关联依据不足须复核,NA,黄金资源,黄金报价上升或避险需求→黄金矿山售金收入弹性；实际利润还取决于成本、套保和产量。,600489,中金黄金,21.48,20261008,腾讯全市场+带日期批量报价核验,15.79,用户2026-10-08产业链基准（原任务书指定），须持续核验最新业务结构,产业链研究观察,仅条件性传导，真实利润取决于产品结构、销量、成本和合同；种子/题材不豁免硬筛和风险闸。
逐事件语义复核@2026-10-08；事实：三年冲突导致加沙7.4万人死亡 经济损失超800亿美元；事件分类为研判；涉及表态/转述/预期的标题不当作行动已发生。地缘类仅列风险敏感行业，方向需核实。,方向待人工确认,3,油运及其他航运，航线/运价与运力敞口,用户2026-10-08产业链基准（原任务书指定），须持续核验最新业务结构,177882000000.0,600026 中远海能；601872 招商轮船,有业务敞口名单内、产业直接性优先，同层按本次总市值降序取前3；非全行业市值排名,2026-10-08T22:22:11+08:00,中,已核验窗口内官方/指定媒体报道，需人工判断影响,news_f636bba318f7ea11,地缘,三年冲突导致加沙7.4万人死亡 经济损失超800亿美元,2026-10-08T02:25:48+08:00,秒/分,窗口内,央视新闻,https://news.cctv.com/2026/10/08/ARTI5UwnpaipnNh1X28T3w9Y261008.shtml,正文未提取，仅据标题；关联依据不足须复核,NA,油运,冲突/航道扰动→绕航吨海里与油运运价可能上升；同时燃料、保险和封航风险上升，油价上涨本身不证明油运盈利增加。,601872,招商轮船,22.03,20261008,腾讯全市场+带日期批量报价核验,16.4,用户2026-10-08产业链基准（原任务书指定），须持续核验最新业务结构,产业链研究观察,仅条件性传导，真实利润取决于产品结构、销量、成本和合同；种子/题材不豁免硬筛和风险闸。
逐事件语义复核@2026-10-08；事实：三年冲突导致加沙7.4万人死亡 经济损失超800亿美元；事件分类为研判；涉及表态/转述/预期的标题不当作行动已发生。地缘类仅列风险敏感行业，方向需核实。,方向待人工确认,3,油轮运输，吨海里与运价敞口；燃料及保险成本风险,用户2026-10-08产业链基准（原任务书指定），须持续核验最新业务结构,123759999999.99998,600026 中远海能；601872 招商轮船,有业务敞口名单内、产业直接性优先，同层按本次总市值降序取前3；非全行业市值排名,2026-10-08T22:22:11+08:00,中,已核验窗口内官方/指定媒体报道，需人工判断影响,news_f636bba318f7ea11,地缘,三年冲突导致加沙7.4万人死亡 经济损失超800亿美元,2026-10-08T02:25:48+08:00,秒/分,窗口内,央视新闻,https://news.cctv.com/2026/10/08/ARTI5UwnpaipnNh1X28T3w9Y261008.shtml,正文未提取，仅据标题；关联依据不足须复核,NA,油运,冲突/航道扰动→绕航吨海里与油运运价可能上升；同时燃料、保险和封航风险上升，油价上涨本身不证明油运盈利增加。,600026,中远海能,22.62,20261008,腾讯全市场+带日期批量报价核验,18.43,用户2026-10-08产业链基准（原任务书指定），须持续核验最新业务结构,产业链研究观察,仅条件性传导，真实利润取决于产品结构、销量、成本和合同；种子/题材不豁免硬筛和风险闸。
美联储官网发布主体，金融条件传导；方向待人工确认,待人工确认,1,银行，利差/信用成本/资产估值敞口,金融行业定向业务名单；仅银行/券商/保险，不从新闻关键词匹配；最新业务占比待核实,1051920000000.0001,600036 招商银行；600030 中信证券；601318 中国平安,有业务敞口名单内、产业直接性优先，同层按本次总市值降序取前3；非全行业市值排名,2026-10-08T22:22:11+08:00,中,已核验窗口内官方/指定媒体报道，需人工判断影响,news_08dfdbdaa9ce20cc,海外,"Minutes of the Federal Open Market Committee, September 15-16, 2026",2026-10-08T02:00:00+08:00,秒/分,窗口内,美联储公告,https://www.federalreserve.gov/newsevents/pressreleases/monetary20261007a.htm,正文未提取，仅据标题；关联依据不足须复核,NA,银行/券商/保险,美联储政策/讲话→美元利率与资金条件→银行利差、券商风险偏好、保险资产负债估值；鹰鸽方向及人民币利率传导未明确前不宣称受益。仅银行/券商/保险。,600036,招商银行,41.71,20261008,腾讯全市场+带日期批量报价核验,6.93,金融行业定向业务名单；仅银行/券商/保险，不从新闻关键词匹配；最新业务占比待核实,产业链研究观察,仅条件性传导，真实利润取决于产品结构、销量、成本和合同；种子/题材不豁免硬筛和风险闸。
美联储官网发布主体，金融条件传导；方向待人工确认,待人工确认,1,券商，资本市场估值与交易活跃度敞口,金融行业定向业务名单；仅银行/券商/保险，不从新闻关键词匹配；最新业务占比待核实,396857000000.0,600036 招商银行；600030 中信证券；601318 中国平安,有业务敞口名单内、产业直接性优先，同层按本次总市值降序取前3；非全行业市值排名,2026-10-08T22:22:11+08:00,中,已核验窗口内官方/指定媒体报道，需人工判断影响,news_08dfdbdaa9ce20cc,海外,"Minutes of the Federal Open Market Committee, September 15-16, 2026",2026-10-08T02:00:00+08:00,秒/分,窗口内,美联储公告,https://www.federalreserve.gov/newsevents/pressreleases/monetary20261007a.htm,正文未提取，仅据标题；关联依据不足须复核,NA,银行/券商/保险,美联储政策/讲话→美元利率与资金条件→银行利差、券商风险偏好、保险资产负债估值；鹰鸽方向及人民币利率传导未明确前不宣称受益。仅银行/券商/保险。,600030,中信证券,25.4,20261008,腾讯全市场+带日期批量报价核验,10.01,金融行业定向业务名单；仅银行/券商/保险，不从新闻关键词匹配；最新业务占比待核实,产业链研究观察,仅条件性传导，真实利润取决于产品结构、销量、成本和合同；种子/题材不豁免硬筛和风险闸。
待人工确认：尚无逐事件事实与方向复核，不通过正文词语自动选择产业,待人工确认,NA,NA,NA,NA,NA,NA,2026-10-08T22:22:11+08:00,中,已核验窗口内官方/指定媒体报道，需人工判断影响,news_43aa40db9b7a44c0,政策,中国人民银行关于人民币汇率的政策立场,2026-10-08T00:00:00+08:00,日（时刻NA）,窗口内（仅日期）,央行,https://www.pbc.gov.cn/goutongjiaoliu/113456/113469/2026100816231113295/index.html,人民币汇率作为金融市场的一个重要价格，长期以来一直备受各界关注，近期讨论有所增多。现将中国人民银行关于人民币汇率的政策立场阐明如下。 ● 中国实施以市场供求为基础、参考一,NA,待人工确认,待人工确认：尚无逐事件事实与方向复核，不通过正文词语自动选择产业,NA,NA,NA,NA,NA,NA,NA,待人工确认,未完成事件语义复核，不把词语相似当业务受益；无符合当前已核验映射的标的。
待人工确认：尚无逐事件事实与方向复核，不通过正文词语自动选择产业,待人工确认,NA,NA,NA,NA,NA,NA,2026-10-08T22:22:11+08:00,中,已核验窗口内官方/指定媒体报道，需人工判断影响,news_5f2e11b1c5cc65e2,政策,国家能源局组织召开全国可再生能源电力开发建设月度（9月）调度视频会,2026-10-08T00:00:00+08:00,日（时刻NA）,窗口内（仅日期）,能源局,https://www.nea.gov.cn/20261008/62d48c8886be4821bfcbf9a30c2de48c/c.html,近日，国家能源局召开全国可再生能源电力开发建设月度（9月）调度视频会。国家能源局总工程师刘德顺同志出席会议并讲话。 会议总结了2026年1—8月全国可再生能源发展总体情况,NA,待人工确认,待人工确认：尚无逐事件事实与方向复核，不通过正文词语自动选择产业,NA,NA,NA,NA,NA,NA,NA,待人工确认,未完成事件语义复核，不把词语相似当业务受益；无符合当前已核验映射的标的。
逐事件语义复核@2026-10-08；事实：国庆假期高速公路新能源汽车日均充电量同比增长51.42% 充电服务保障水平进一步提升；事件分类为研判；涉及表态/转述/预期的标题不当作行动已发生。地缘类仅列风险敏感行业，方向需核实。,直接使用量关联，利润待确认,1,电缆及充电设施运营/设备，充电利用率敞口,万马爱充官方运营平台 https://open.eichong.com/ 核验2026-10-08；用户指定上市主体,10010000000.0,002276 万马股份；002227 奥特迅,有业务敞口名单内、产业直接性优先，同层按本次总市值降序取前3；非全行业市值排名,2026-10-08T22:22:11+08:00,中,已核验窗口内官方/指定媒体报道，需人工判断影响,news_c0e699406b610f94,政策,国庆假期高速公路新能源汽车日均充电量同比增长51.42% 充电服务保障水平进一步提升,2026-10-08T00:00:00+08:00,日（时刻NA）,窗口内（仅日期）,能源局,https://www.nea.gov.cn/20261008/1c0a3aeb34684c4f98e78109ddd6ddec/c.html,随着新能源汽车保有量持续增长，节假日群众绿色出行比例不断提升，国家能源局指导各地提前细化完善充电保障方案，组织有关方面利用信息化平台加强监测，做好应急调度，有效保障今年国,NA,充电桩/充电运营,高速充电量增长→已有充电站利用率和电量收入可能增加；设备企业需新增建桩订单才兑现，充电量不是新增设备销量。,002276,万马股份,9.9,20261008,腾讯全市场+带日期批量报价核验,32.71,万马爱充官方运营平台 https://open.eichong.com/ 核验2026-10-08；用户指定上市主体,产业链研究观察,仅条件性传导，真实利润取决于产品结构、销量、成本和合同；种子/题材不豁免硬筛和风险闸。
逐事件语义复核@2026-10-08；事实：国庆假期高速公路新能源汽车日均充电量同比增长51.42% 充电服务保障水平进一步提升；事件分类为研判；涉及表态/转述/预期的标题不当作行动已发生。地缘类仅列风险敏感行业，方向需核实。,间接关联、待人工确认,2,动力及储能电池，车辆保有量/销量间接敞口,用户2026-10-08产业链基准（原任务书指定），须持续核验最新业务结构,56801000000.0,002074 国轩高科；600884 杉杉股份,有业务敞口名单内、产业直接性优先，同层按本次总市值降序取前3；非全行业市值排名,2026-10-08T22:22:11+08:00,中,已核验窗口内官方/指定媒体报道，需人工判断影响,news_c0e699406b610f94,政策,国庆假期高速公路新能源汽车日均充电量同比增长51.42% 充电服务保障水平进一步提升,2026-10-08T00:00:00+08:00,日（时刻NA）,窗口内（仅日期）,能源局,https://www.nea.gov.cn/20261008/1c0a3aeb34684c4f98e78109ddd6ddec/c.html,随着新能源汽车保有量持续增长，节假日群众绿色出行比例不断提升，国家能源局指导各地提前细化完善充电保障方案，组织有关方面利用信息化平台加强监测，做好应急调度，有效保障今年国,NA,动力电池/材料,充电使用量增加反映新能源汽车使用强度；不能直接推出新车/动力电池/负极材料订单增加，电池与材料排在充电运营之后。,002074,国轩高科,31.3,20261008,腾讯全市场+带日期批量报价核验,16.69,用户2026-10-08产业链基准（原任务书指定），须持续核验最新业务结构,产业链研究观察,仅条件性传导，真实利润取决于产品结构、销量、成本和合同；种子/题材不豁免硬筛和风险闸。
逐事件语义复核@2026-10-08；事实：国庆假期高速公路新能源汽车日均充电量同比增长51.42% 充电服务保障水平进一步提升；事件分类为研判；涉及表态/转述/预期的标题不当作行动已发生。地缘类仅列风险敏感行业，方向需核实。,间接关联、待人工确认,2,电池负极材料等，充电使用量不能直接推出电池订单,用户2026-10-08产业链基准（原任务书指定），须持续核验最新业务结构,26656000000.0,002074 国轩高科；600884 杉杉股份,有业务敞口名单内、产业直接性优先，同层按本次总市值降序取前3；非全行业市值排名,2026-10-08T22:22:11+08:00,中,已核验窗口内官方/指定媒体报道，需人工判断影响,news_c0e699406b610f94,政策,国庆假期高速公路新能源汽车日均充电量同比增长51.42% 充电服务保障水平进一步提升,2026-10-08T00:00:00+08:00,日（时刻NA）,窗口内（仅日期）,能源局,https://www.nea.gov.cn/20261008/1c0a3aeb34684c4f98e78109ddd6ddec/c.html,随着新能源汽车保有量持续增长，节假日群众绿色出行比例不断提升，国家能源局指导各地提前细化完善充电保障方案，组织有关方面利用信息化平台加强监测，做好应急调度，有效保障今年国,NA,动力电池/材料,充电使用量增加反映新能源汽车使用强度；不能直接推出新车/动力电池/负极材料订单增加，电池与材料排在充电运营之后。,600884,杉杉股份,11.87,20261008,腾讯全市场+带日期批量报价核验,24.84,用户2026-10-08产业链基准（原任务书指定），须持续核验最新业务结构,产业链研究观察,仅条件性传导，真实利润取决于产品结构、销量、成本和合同；种子/题材不豁免硬筛和风险闸。
逐事件语义复核@2026-10-08；事实：国庆假期前3天高速公路新能源汽车充电近300万次、充电量超0.71亿千瓦时；事件分类为研判；涉及表态/转述/预期的标题不当作行动已发生。地缘类仅列风险敏感行业，方向需核实。,直接使用量关联，利润待确认,1,电缆及充电设施运营/设备，充电利用率敞口,万马爱充官方运营平台 https://open.eichong.com/ 核验2026-10-08；用户指定上市主体,10010000000.0,002276 万马股份；002227 奥特迅,有业务敞口名单内、产业直接性优先，同层按本次总市值降序取前3；非全行业市值排名,2026-10-08T22:22:11+08:00,中,已核验窗口内官方/指定媒体报道，需人工判断影响,news_00b93caa40e3c14a,政策,国庆假期前3天高速公路新能源汽车充电近300万次、充电量超0.71亿千瓦时,2026-10-08T00:00:00+08:00,日（时刻NA）,窗口内（仅日期）,能源局,https://www.nea.gov.cn/20261008/397036e746f9461f9d4c4b67b740cbe7/c.html,国庆假期前3天新能源汽车充电需求旺盛，高速公路充电基础设施运行平稳。10月1日0时至10月3日24时，通过对纳入国家充电设施监测服务平台的6.27万个高速公路充电设施（枪,NA,充电桩/充电运营,高速充电量增长→已有充电站利用率和电量收入可能增加；设备企业需新增建桩订单才兑现，充电量不是新增设备销量。,002276,万马股份,9.9,20261008,腾讯全市场+带日期批量报价核验,32.71,万马爱充官方运营平台 https://open.eichong.com/ 核验2026-10-08；用户指定上市主体,产业链研究观察,仅条件性传导，真实利润取决于产品结构、销量、成本和合同；种子/题材不豁免硬筛和风险闸。
逐事件语义复核@2026-10-08；事实：国庆假期前3天高速公路新能源汽车充电近300万次、充电量超0.71亿千瓦时；事件分类为研判；涉及表态/转述/预期的标题不当作行动已发生。地缘类仅列风险敏感行业，方向需核实。,间接关联、待人工确认,2,动力及储能电池，车辆保有量/销量间接敞口,用户2026-10-08产业链基准（原任务书指定），须持续核验最新业务结构,56801000000.0,002074 国轩高科；600884 杉杉股份,有业务敞口名单内、产业直接性优先，同层按本次总市值降序取前3；非全行业市值排名,2026-10-08T22:22:11+08:00,中,已核验窗口内官方/指定媒体报道，需人工判断影响,news_00b93caa40e3c14a,政策,国庆假期前3天高速公路新能源汽车充电近300万次、充电量超0.71亿千瓦时,2026-10-08T00:00:00+08:00,日（时刻NA）,窗口内（仅日期）,能源局,https://www.nea.gov.cn/20261008/397036e746f9461f9d4c4b67b740cbe7/c.html,国庆假期前3天新能源汽车充电需求旺盛，高速公路充电基础设施运行平稳。10月1日0时至10月3日24时，通过对纳入国家充电设施监测服务平台的6.27万个高速公路充电设施（枪,NA,动力电池/材料,充电使用量增加反映新能源汽车使用强度；不能直接推出新车/动力电池/负极材料订单增加，电池与材料排在充电运营之后。,002074,国轩高科,31.3,20261008,腾讯全市场+带日期批量报价核验,16.69,用户2026-10-08产业链基准（原任务书指定），须持续核验最新业务结构,产业链研究观察,仅条件性传导，真实利润取决于产品结构、销量、成本和合同；种子/题材不豁免硬筛和风险闸。
逐事件语义复核@2026-10-08；事实：国庆假期前3天高速公路新能源汽车充电近300万次、充电量超0.71亿千瓦时；事件分类为研判；涉及表态/转述/预期的标题不当作行动已发生。地缘类仅列风险敏感行业，方向需核实。,间接关联、待人工确认,2,电池负极材料等，充电使用量不能直接推出电池订单,用户2026-10-08产业链基准（原任务书指定），须持续核验最新业务结构,26656000000.0,002074 国轩高科；600884 杉杉股份,有业务敞口名单内、产业直接性优先，同层按本次总市值降序取前3；非全行业市值排名,2026-10-08T22:22:11+08:00,中,已核验窗口内官方/指定媒体报道，需人工判断影响,news_00b93caa40e3c14a,政策,国庆假期前3天高速公路新能源汽车充电近300万次、充电量超0.71亿千瓦时,2026-10-08T00:00:00+08:00,日（时刻NA）,窗口内（仅日期）,能源局,https://www.nea.gov.cn/20261008/397036e746f9461f9d4c4b67b740cbe7/c.html,国庆假期前3天新能源汽车充电需求旺盛，高速公路充电基础设施运行平稳。10月1日0时至10月3日24时，通过对纳入国家充电设施监测服务平台的6.27万个高速公路充电设施（枪,NA,动力电池/材料,充电使用量增加反映新能源汽车使用强度；不能直接推出新车/动力电池/负极材料订单增加，电池与材料排在充电运营之后。,600884,杉杉股份,11.87,20261008,腾讯全市场+带日期批量报价核验,24.84,用户2026-10-08产业链基准（原任务书指定），须持续核验最新业务结构,产业链研究观察,仅条件性传导，真实利润取决于产品结构、销量、成本和合同；种子/题材不豁免硬筛和风险闸。
逐事件语义复核@2026-10-08；事实：关乎选举  美媒称美军或重启对伊朗作战；事件分类为研判；涉及表态/转述/预期的标题不当作行动已发生。地缘类仅列风险敏感行业，方向需核实。,上游条件受益、油服间接受益,1,原油及天然气勘探、开发、生产，上游实现售价敞口,中国海油官网公司简介 https://www.cnoocltd.com/index.html 核验2026-10-08,1624099000000.0,600938 中国海油；601808 中海油服；600339 中油工程；600583 海油工程,有业务敞口名单内、产业直接性优先，同层按本次总市值降序取前3；非全行业市值排名,2026-10-08T22:22:11+08:00,中,已核验窗口内官方/指定媒体报道，需人工判断影响,news_c02486dd22a33be7,地缘,关乎选举  美媒称美军或重启对伊朗作战,2026-10-08T00:00:00+08:00,日（时刻NA）,窗口内（仅日期）,新华社,https://www.news.cn/world/20261008/9bfb7375011c4861959a9054406d81ce/c.html,正文未提取，仅据标题；关联依据不足须复核,NA,油气上游/油服,原油涨价→上游售油实现价格可能提高（中国海油）；持续高油价才可能推动资本开支→中海油服钻井服务需求/日费率；工程公司还需订单兑现，不能等同即期利润增长。,600938,中国海油,34.17,20261008,腾讯全市场+带日期批量报价核验,11.74,中国海油官网公司简介 https://www.cnoocltd.com/index.html 核验2026-10-08,产业链研究观察,仅条件性传导，真实利润取决于产品结构、销量、成本和合同；种子/题材不豁免硬筛和风险闸。
逐事件语义复核@2026-10-08；事实：关乎选举  美媒称美军或重启对伊朗作战；事件分类为研判；涉及表态/转述/预期的标题不当作行动已发生。地缘类仅列风险敏感行业，方向需核实。,上游条件受益、油服间接受益,1,油田技术/钻井服务，上游资本开支与日费率敞口，非直接售油企业,中海油服官方公司介绍 https://www.cosl.com.cn/attach/0/999dd62f9a1749e59c21e7097d2e2a7e.pdf 核验2026-10-08,59930999999.99999,600938 中国海油；601808 中海油服；600339 中油工程；600583 海油工程,有业务敞口名单内、产业直接性优先，同层按本次总市值降序取前3；非全行业市值排名,2026-10-08T22:22:11+08:00,中,已核验窗口内官方/指定媒体报道，需人工判断影响,news_c02486dd22a33be7,地缘,关乎选举  美媒称美军或重启对伊朗作战,2026-10-08T00:00:00+08:00,日（时刻NA）,窗口内（仅日期）,新华社,https://www.news.cn/world/20261008/9bfb7375011c4861959a9054406d81ce/c.html,正文未提取，仅据标题；关联依据不足须复核,NA,油气上游/油服,原油涨价→上游售油实现价格可能提高（中国海油）；持续高油价才可能推动资本开支→中海油服钻井服务需求/日费率；工程公司还需订单兑现，不能等同即期利润增长。,601808,中海油服,12.56,20261008,腾讯全市场+带日期批量报价核验,15.42,中海油服官方公司介绍 https://www.cosl.com.cn/attach/0/999dd62f9a1749e59c21e7097d2e2a7e.pdf 核验2026-10-08,产业链研究观察,仅条件性传导，真实利润取决于产品结构、销量、成本和合同；种子/题材不豁免硬筛和风险闸。
逐事件语义复核@2026-10-08；事实：关乎选举  美媒称美军或重启对伊朗作战；事件分类为研判；涉及表态/转述/预期的标题不当作行动已发生。地缘类仅列风险敏感行业，方向需核实。,上游条件受益、油服间接受益,1,海洋油气工程，工程订单与投资周期敞口,用户2026-10-08产业链基准（原任务书指定），须持续核验最新业务结构,29225000000.0,600938 中国海油；601808 中海油服；600339 中油工程；600583 海油工程,有业务敞口名单内、产业直接性优先，同层按本次总市值降序取前3；非全行业市值排名,2026-10-08T22:22:11+08:00,中,已核验窗口内官方/指定媒体报道，需人工判断影响,news_c02486dd22a33be7,地缘,关乎选举  美媒称美军或重启对伊朗作战,2026-10-08T00:00:00+08:00,日（时刻NA）,窗口内（仅日期）,新华社,https://www.news.cn/world/20261008/9bfb7375011c4861959a9054406d81ce/c.html,正文未提取，仅据标题；关联依据不足须复核,NA,油气上游/油服,原油涨价→上游售油实现价格可能提高（中国海油）；持续高油价才可能推动资本开支→中海油服钻井服务需求/日费率；工程公司还需订单兑现，不能等同即期利润增长。,600583,海油工程,6.61,20261008,腾讯全市场+带日期批量报价核验,14.07,用户2026-10-08产业链基准（原任务书指定），须持续核验最新业务结构,产业链研究观察,仅条件性传导，真实利润取决于产品结构、销量、成本和合同；种子/题材不豁免硬筛和风险闸。
逐事件语义复核@2026-10-08；事实：关乎选举  美媒称美军或重启对伊朗作战；事件分类为研判；涉及表态/转述/预期的标题不当作行动已发生。地缘类仅列风险敏感行业，方向需核实。,条件受益,2,铜金等多金属采选，非纯黄金公司,用户2026-10-08产业链基准（原任务书指定），须持续核验最新业务结构,780972000000.0,600547 山东黄金；600489 中金黄金；601899 紫金矿业,有业务敞口名单内、产业直接性优先，同层按本次总市值降序取前3；非全行业市值排名,2026-10-08T22:22:11+08:00,中,已核验窗口内官方/指定媒体报道，需人工判断影响,news_c02486dd22a33be7,地缘,关乎选举  美媒称美军或重启对伊朗作战,2026-10-08T00:00:00+08:00,日（时刻NA）,窗口内（仅日期）,新华社,https://www.news.cn/world/20261008/9bfb7375011c4861959a9054406d81ce/c.html,正文未提取，仅据标题；关联依据不足须复核,NA,黄金资源,黄金报价上升或避险需求→黄金矿山售金收入弹性；实际利润还取决于成本、套保和产量。,601899,紫金矿业,29.37,20261008,腾讯全市场+带日期批量报价核验,11.54,用户2026-10-08产业链基准（原任务书指定），须持续核验最新业务结构,产业链研究观察,仅条件性传导，真实利润取决于产品结构、销量、成本和合同；种子/题材不豁免硬筛和风险闸。
逐事件语义复核@2026-10-08；事实：关乎选举  美媒称美军或重启对伊朗作战；事件分类为研判；涉及表态/转述/预期的标题不当作行动已发生。地缘类仅列风险敏感行业，方向需核实。,条件受益,2,黄金开采，上游黄金售价与成本敞口,用户2026-10-08产业链基准（原任务书指定），须持续核验最新业务结构,121840000000.00002,600547 山东黄金；600489 中金黄金；601899 紫金矿业,有业务敞口名单内、产业直接性优先，同层按本次总市值降序取前3；非全行业市值排名,2026-10-08T22:22:11+08:00,中,已核验窗口内官方/指定媒体报道，需人工判断影响,news_c02486dd22a33be7,地缘,关乎选举  美媒称美军或重启对伊朗作战,2026-10-08T00:00:00+08:00,日（时刻NA）,窗口内（仅日期）,新华社,https://www.news.cn/world/20261008/9bfb7375011c4861959a9054406d81ce/c.html,正文未提取，仅据标题；关联依据不足须复核,NA,黄金资源,黄金报价上升或避险需求→黄金矿山售金收入弹性；实际利润还取决于成本、套保和产量。,600547,山东黄金,26.43,20261008,腾讯全市场+带日期批量报价核验,22.26,用户2026-10-08产业链基准（原任务书指定），须持续核验最新业务结构,产业链研究观察,仅条件性传导，真实利润取决于产品结构、销量、成本和合同；种子/题材不豁免硬筛和风险闸。
逐事件语义复核@2026-10-08；事实：关乎选举  美媒称美军或重启对伊朗作战；事件分类为研判；涉及表态/转述/预期的标题不当作行动已发生。地缘类仅列风险敏感行业，方向需核实。,条件受益,2,黄金采选冶，上游黄金售价与成本敞口,用户2026-10-08产业链基准（原任务书指定），须持续核验最新业务结构,104120000000.0,600547 山东黄金；600489 中金黄金；601899 紫金矿业,有业务敞口名单内、产业直接性优先，同层按本次总市值降序取前3；非全行业市值排名,2026-10-08T22:22:11+08:00,中,已核验窗口内官方/指定媒体报道，需人工判断影响,news_c02486dd22a33be7,地缘,关乎选举  美媒称美军或重启对伊朗作战,2026-10-08T00:00:00+08:00,日（时刻NA）,窗口内（仅日期）,新华社,https://www.news.cn/world/20261008/9bfb7375011c4861959a9054406d81ce/c.html,正文未提取，仅据标题；关联依据不足须复核,NA,黄金资源,黄金报价上升或避险需求→黄金矿山售金收入弹性；实际利润还取决于成本、套保和产量。,600489,中金黄金,21.48,20261008,腾讯全市场+带日期批量报价核验,15.79,用户2026-10-08产业链基准（原任务书指定），须持续核验最新业务结构,产业链研究观察,仅条件性传导，真实利润取决于产品结构、销量、成本和合同；种子/题材不豁免硬筛和风险闸。
逐事件语义复核@2026-10-08；事实：关乎选举  美媒称美军或重启对伊朗作战；事件分类为研判；涉及表态/转述/预期的标题不当作行动已发生。地缘类仅列风险敏感行业，方向需核实。,方向待人工确认,3,油运及其他航运，航线/运价与运力敞口,用户2026-10-08产业链基准（原任务书指定），须持续核验最新业务结构,177882000000.0,600026 中远海能；601872 招商轮船,有业务敞口名单内、产业直接性优先，同层按本次总市值降序取前3；非全行业市值排名,2026-10-08T22:22:11+08:00,中,已核验窗口内官方/指定媒体报道，需人工判断影响,news_c02486dd22a33be7,地缘,关乎选举  美媒称美军或重启对伊朗作战,2026-10-08T00:00:00+08:00,日（时刻NA）,窗口内（仅日期）,新华社,https://www.news.cn/world/20261008/9bfb7375011c4861959a9054406d81ce/c.html,正文未提取，仅据标题；关联依据不足须复核,NA,油运,冲突/航道扰动→绕航吨海里与油运运价可能上升；同时燃料、保险和封航风险上升，油价上涨本身不证明油运盈利增加。,601872,招商轮船,22.03,20261008,腾讯全市场+带日期批量报价核验,16.4,用户2026-10-08产业链基准（原任务书指定），须持续核验最新业务结构,产业链研究观察,仅条件性传导，真实利润取决于产品结构、销量、成本和合同；种子/题材不豁免硬筛和风险闸。
逐事件语义复核@2026-10-08；事实：关乎选举  美媒称美军或重启对伊朗作战；事件分类为研判；涉及表态/转述/预期的标题不当作行动已发生。地缘类仅列风险敏感行业，方向需核实。,方向待人工确认,3,油轮运输，吨海里与运价敞口；燃料及保险成本风险,用户2026-10-08产业链基准（原任务书指定），须持续核验最新业务结构,123759999999.99998,600026 中远海能；601872 招商轮船,有业务敞口名单内、产业直接性优先，同层按本次总市值降序取前3；非全行业市值排名,2026-10-08T22:22:11+08:00,中,已核验窗口内官方/指定媒体报道，需人工判断影响,news_c02486dd22a33be7,地缘,关乎选举  美媒称美军或重启对伊朗作战,2026-10-08T00:00:00+08:00,日（时刻NA）,窗口内（仅日期）,新华社,https://www.news.cn/world/20261008/9bfb7375011c4861959a9054406d81ce/c.html,正文未提取，仅据标题；关联依据不足须复核,NA,油运,冲突/航道扰动→绕航吨海里与油运运价可能上升；同时燃料、保险和封航风险上升，油价上涨本身不证明油运盈利增加。,600026,中远海能,22.62,20261008,腾讯全市场+带日期批量报价核验,18.43,用户2026-10-08产业链基准（原任务书指定），须持续核验最新业务结构,产业链研究观察,仅条件性传导，真实利润取决于产品结构、销量、成本和合同；种子/题材不豁免硬筛和风险闸。
待人工确认：尚无逐事件事实与方向复核，不通过正文词语自动选择产业,待人工确认,NA,NA,NA,NA,NA,NA,2026-10-08T22:22:11+08:00,中,已核验窗口内官方/指定媒体报道，需人工判断影响,news_c8f8b2ec48774ca9,地缘,韩国决定召回驻乌克兰大使,2026-10-08T00:00:00+08:00,日（时刻NA）,窗口内（仅日期）,新华社,https://www.news.cn/world/20261008/f593fdbc1a9f49b9aeb0089afbbd79c5/c.html,正文未提取，仅据标题；关联依据不足须复核,NA,待人工确认,待人工确认：尚无逐事件事实与方向复核，不通过正文词语自动选择产业,NA,NA,NA,NA,NA,NA,NA,待人工确认,未完成事件语义复核，不把词语相似当业务受益；无符合当前已核验映射的标的。
待人工确认：尚无逐事件事实与方向复核，不通过正文词语自动选择产业,待人工确认,NA,NA,NA,NA,NA,NA,2026-10-08T22:22:11+08:00,中,已核验窗口内官方/指定媒体报道，需人工判断影响,news_e8afae851cc5f9d6,地缘,2026年10月8日外交部发言人毛宁主持例行记者会,2026-10-08T00:00:00+08:00,日（时刻NA）,窗口内（仅日期）,外交部,https://www.mfa.gov.cn/fyrbt_673021/jzhsl_673025/202610/t20261008_12036635.shtml,应国务院总理李强邀请，多哥部长会议主席福雷·埃索齐姆纳·纳辛贝将于10月9日至16日对中国进行正式访问。 法国总统外事顾问博纳将于10月9日至13日来华，同中共中央政治局,NA,待人工确认,待人工确认：尚无逐事件事实与方向复核，不通过正文词语自动选择产业,NA,NA,NA,NA,NA,NA,NA,待人工确认,未完成事件语义复核，不把词语相似当业务受益；无符合当前已核验映射的标的。
待人工确认：尚无逐事件事实与方向复核，不通过正文词语自动选择产业,待人工确认,NA,NA,NA,NA,NA,NA,2026-10-08T22:22:11+08:00,低,市场常规监测或无重大词命中,fx_DINIW_2026-10-08,汇率,美元指数报价监测,2026-10-08,源日期/时间；时区待核验,窗口内日期,新浪行情,https://hq.sinajs.cn/,"{'品种': '美元指数', '标识': 'DINIW', '价格': 102.2871, '参考变动%': 0.0066, '源日期': '2026-10-08', '源时间': '21:39:25', '来源': 'https://hq.sinajs.cn/', '备注': '新浪报价；参考变动按报价字段1/字段3计算，非美元/人民币双向收益；时区/免费延迟待核实'}",NA,待人工确认,待人工确认：尚无逐事件事实与方向复核，不通过正文词语自动选择产业,NA,NA,NA,NA,NA,NA,NA,待人工确认,未完成事件语义复核，不把词语相似当业务受益；无符合当前已核验映射的标的。
待人工确认：尚无逐事件事实与方向复核，不通过正文词语自动选择产业,待人工确认,NA,NA,NA,NA,NA,NA,2026-10-08T22:22:11+08:00,低,市场常规监测或无重大词命中,fx_fx_susdcnh_2026-10-08,汇率,离岸人民币报价监测,2026-10-08,源日期/时间；时区待核验,窗口内日期,新浪行情,https://hq.sinajs.cn/,"{'品种': '离岸人民币', '标识': 'fx_susdcnh', '价格': 6.7045, '参考变动%': 0.0298, '源日期': '2026-10-08', '源时间': '21:39:19', '来源': 'https://hq.sinajs.cn/', '备注': '新浪报价；参考变动按报价字段1/字段3计算，非美元/人民币双向收益；时区/免费延迟待核实'}",NA,待人工确认,待人工确认：尚无逐事件事实与方向复核，不通过正文词语自动选择产业,NA,NA,NA,NA,NA,NA,NA,待人工确认,未完成事件语义复核，不把词语相似当业务受益；无符合当前已核验映射的标的。
结构化商品报价及数值阈值→产业链（非正文关键词）,上游条件受益、油服间接受益,1,原油及天然气勘探、开发、生产，上游实现售价敞口,中国海油官网公司简介 https://www.cnoocltd.com/index.html 核验2026-10-08,1624099000000.0,600938 中国海油；601808 中海油服；600339 中油工程；600583 海油工程,有业务敞口名单内、产业直接性优先，同层按本次总市值降序取前3；非全行业市值排名,2026-10-08T22:22:11+08:00,高,商品单日幅度超过±3%,market_db226f7f55d84a01,商品,布伦特原油较前结算价变动4.3892%,2026-10-08,行情日期；源时间/时区见商品表,窗口内日期；时区/延迟待复核,新浪行情,https://hq.sinajs.cn/,价格104.598，前结算100.2，美元/桶,NA,油气上游/油服,原油涨价→上游售油实现价格可能提高（中国海油）；持续高油价才可能推动资本开支→中海油服钻井服务需求/日费率；工程公司还需订单兑现，不能等同即期利润增长。,600938,中国海油,34.17,20261008,腾讯全市场+带日期批量报价核验,11.74,中国海油官网公司简介 https://www.cnoocltd.com/index.html 核验2026-10-08,产业链研究观察,仅条件性传导，真实利润取决于产品结构、销量、成本和合同；种子/题材不豁免硬筛和风险闸。
结构化商品报价及数值阈值→产业链（非正文关键词）,上游条件受益、油服间接受益,1,油田技术/钻井服务，上游资本开支与日费率敞口，非直接售油企业,中海油服官方公司介绍 https://www.cosl.com.cn/attach/0/999dd62f9a1749e59c21e7097d2e2a7e.pdf 核验2026-10-08,59930999999.99999,600938 中国海油；601808 中海油服；600339 中油工程；600583 海油工程,有业务敞口名单内、产业直接性优先，同层按本次总市值降序取前3；非全行业市值排名,2026-10-08T22:22:11+08:00,高,商品单日幅度超过±3%,market_db226f7f55d84a01,商品,布伦特原油较前结算价变动4.3892%,2026-10-08,行情日期；源时间/时区见商品表,窗口内日期；时区/延迟待复核,新浪行情,https://hq.sinajs.cn/,价格104.598，前结算100.2，美元/桶,NA,油气上游/油服,原油涨价→上游售油实现价格可能提高（中国海油）；持续高油价才可能推动资本开支→中海油服钻井服务需求/日费率；工程公司还需订单兑现，不能等同即期利润增长。,601808,中海油服,12.56,20261008,腾讯全市场+带日期批量报价核验,15.42,中海油服官方公司介绍 https://www.cosl.com.cn/attach/0/999dd62f9a1749e59c21e7097d2e2a7e.pdf 核验2026-10-08,产业链研究观察,仅条件性传导，真实利润取决于产品结构、销量、成本和合同；种子/题材不豁免硬筛和风险闸。
结构化商品报价及数值阈值→产业链（非正文关键词）,上游条件受益、油服间接受益,1,海洋油气工程，工程订单与投资周期敞口,用户2026-10-08产业链基准（原任务书指定），须持续核验最新业务结构,29225000000.0,600938 中国海油；601808 中海油服；600339 中油工程；600583 海油工程,有业务敞口名单内、产业直接性优先，同层按本次总市值降序取前3；非全行业市值排名,2026-10-08T22:22:11+08:00,高,商品单日幅度超过±3%,market_db226f7f55d84a01,商品,布伦特原油较前结算价变动4.3892%,2026-10-08,行情日期；源时间/时区见商品表,窗口内日期；时区/延迟待复核,新浪行情,https://hq.sinajs.cn/,价格104.598，前结算100.2，美元/桶,NA,油气上游/油服,原油涨价→上游售油实现价格可能提高（中国海油）；持续高油价才可能推动资本开支→中海油服钻井服务需求/日费率；工程公司还需订单兑现，不能等同即期利润增长。,600583,海油工程,6.61,20261008,腾讯全市场+带日期批量报价核验,14.07,用户2026-10-08产业链基准（原任务书指定），须持续核验最新业务结构,产业链研究观察,仅条件性传导，真实利润取决于产品结构、销量、成本和合同；种子/题材不豁免硬筛和风险闸。
结构化商品报价及数值阈值→产业链（非正文关键词）,方向待人工确认,2,油运及其他航运，航线/运价与运力敞口,用户2026-10-08产业链基准（原任务书指定），须持续核验最新业务结构,177882000000.0,600026 中远海能；601872 招商轮船,有业务敞口名单内、产业直接性优先，同层按本次总市值降序取前3；非全行业市值排名,2026-10-08T22:22:11+08:00,高,商品单日幅度超过±3%,market_db226f7f55d84a01,商品,布伦特原油较前结算价变动4.3892%,2026-10-08,行情日期；源时间/时区见商品表,窗口内日期；时区/延迟待复核,新浪行情,https://hq.sinajs.cn/,价格104.598，前结算100.2，美元/桶,NA,油运,冲突/航道扰动→绕航吨海里与油运运价可能上升；同时燃料、保险和封航风险上升，油价上涨本身不证明油运盈利增加。,601872,招商轮船,22.03,20261008,腾讯全市场+带日期批量报价核验,16.4,用户2026-10-08产业链基准（原任务书指定），须持续核验最新业务结构,产业链研究观察,仅条件性传导，真实利润取决于产品结构、销量、成本和合同；种子/题材不豁免硬筛和风险闸。
结构化商品报价及数值阈值→产业链（非正文关键词）,方向待人工确认,2,油轮运输，吨海里与运价敞口；燃料及保险成本风险,用户2026-10-08产业链基准（原任务书指定），须持续核验最新业务结构,123759999999.99998,600026 中远海能；601872 招商轮船,有业务敞口名单内、产业直接性优先，同层按本次总市值降序取前3；非全行业市值排名,2026-10-08T22:22:11+08:00,高,商品单日幅度超过±3%,market_db226f7f55d84a01,商品,布伦特原油较前结算价变动4.3892%,2026-10-08,行情日期；源时间/时区见商品表,窗口内日期；时区/延迟待复核,新浪行情,https://hq.sinajs.cn/,价格104.598，前结算100.2，美元/桶,NA,油运,冲突/航道扰动→绕航吨海里与油运运价可能上升；同时燃料、保险和封航风险上升，油价上涨本身不证明油运盈利增加。,600026,中远海能,22.62,20261008,腾讯全市场+带日期批量报价核验,18.43,用户2026-10-08产业链基准（原任务书指定），须持续核验最新业务结构,产业链研究观察,仅条件性传导，真实利润取决于产品结构、销量、成本和合同；种子/题材不豁免硬筛和风险闸。
结构化商品报价及数值阈值→产业链（非正文关键词）,上游条件受益、油服间接受益,1,原油及天然气勘探、开发、生产，上游实现售价敞口,中国海油官网公司简介 https://www.cnoocltd.com/index.html 核验2026-10-08,1624099000000.0,600938 中国海油；601808 中海油服；600339 中油工程；600583 海油工程,有业务敞口名单内、产业直接性优先，同层按本次总市值降序取前3；非全行业市值排名,2026-10-08T22:22:11+08:00,高,商品单日幅度超过±3%,market_4a7b702982ccabe7,商品,WTI原油较前结算价变动4.403%,2026-10-08,行情日期；源时间/时区见商品表,窗口内日期；时区/延迟待复核,新浪行情,https://hq.sinajs.cn/,价格92.167，前结算88.28，美元/桶,NA,油气上游/油服,原油涨价→上游售油实现价格可能提高（中国海油）；持续高油价才可能推动资本开支→中海油服钻井服务需求/日费率；工程公司还需订单兑现，不能等同即期利润增长。,600938,中国海油,34.17,20261008,腾讯全市场+带日期批量报价核验,11.74,中国海油官网公司简介 https://www.cnoocltd.com/index.html 核验2026-10-08,产业链研究观察,仅条件性传导，真实利润取决于产品结构、销量、成本和合同；种子/题材不豁免硬筛和风险闸。
结构化商品报价及数值阈值→产业链（非正文关键词）,上游条件受益、油服间接受益,1,油田技术/钻井服务，上游资本开支与日费率敞口，非直接售油企业,中海油服官方公司介绍 https://www.cosl.com.cn/attach/0/999dd62f9a1749e59c21e7097d2e2a7e.pdf 核验2026-10-08,59930999999.99999,600938 中国海油；601808 中海油服；600339 中油工程；600583 海油工程,有业务敞口名单内、产业直接性优先，同层按本次总市值降序取前3；非全行业市值排名,2026-10-08T22:22:11+08:00,高,商品单日幅度超过±3%,market_4a7b702982ccabe7,商品,WTI原油较前结算价变动4.403%,2026-10-08,行情日期；源时间/时区见商品表,窗口内日期；时区/延迟待复核,新浪行情,https://hq.sinajs.cn/,价格92.167，前结算88.28，美元/桶,NA,油气上游/油服,原油涨价→上游售油实现价格可能提高（中国海油）；持续高油价才可能推动资本开支→中海油服钻井服务需求/日费率；工程公司还需订单兑现，不能等同即期利润增长。,601808,中海油服,12.56,20261008,腾讯全市场+带日期批量报价核验,15.42,中海油服官方公司介绍 https://www.cosl.com.cn/attach/0/999dd62f9a1749e59c21e7097d2e2a7e.pdf 核验2026-10-08,产业链研究观察,仅条件性传导，真实利润取决于产品结构、销量、成本和合同；种子/题材不豁免硬筛和风险闸。
结构化商品报价及数值阈值→产业链（非正文关键词）,上游条件受益、油服间接受益,1,海洋油气工程，工程订单与投资周期敞口,用户2026-10-08产业链基准（原任务书指定），须持续核验最新业务结构,29225000000.0,600938 中国海油；601808 中海油服；600339 中油工程；600583 海油工程,有业务敞口名单内、产业直接性优先，同层按本次总市值降序取前3；非全行业市值排名,2026-10-08T22:22:11+08:00,高,商品单日幅度超过±3%,market_4a7b702982ccabe7,商品,WTI原油较前结算价变动4.403%,2026-10-08,行情日期；源时间/时区见商品表,窗口内日期；时区/延迟待复核,新浪行情,https://hq.sinajs.cn/,价格92.167，前结算88.28，美元/桶,NA,油气上游/油服,原油涨价→上游售油实现价格可能提高（中国海油）；持续高油价才可能推动资本开支→中海油服钻井服务需求/日费率；工程公司还需订单兑现，不能等同即期利润增长。,600583,海油工程,6.61,20261008,腾讯全市场+带日期批量报价核验,14.07,用户2026-10-08产业链基准（原任务书指定），须持续核验最新业务结构,产业链研究观察,仅条件性传导，真实利润取决于产品结构、销量、成本和合同；种子/题材不豁免硬筛和风险闸。
结构化商品报价及数值阈值→产业链（非正文关键词）,方向待人工确认,2,油运及其他航运，航线/运价与运力敞口,用户2026-10-08产业链基准（原任务书指定），须持续核验最新业务结构,177882000000.0,600026 中远海能；601872 招商轮船,有业务敞口名单内、产业直接性优先，同层按本次总市值降序取前3；非全行业市值排名,2026-10-08T22:22:11+08:00,高,商品单日幅度超过±3%,market_4a7b702982ccabe7,商品,WTI原油较前结算价变动4.403%,2026-10-08,行情日期；源时间/时区见商品表,窗口内日期；时区/延迟待复核,新浪行情,https://hq.sinajs.cn/,价格92.167，前结算88.28，美元/桶,NA,油运,冲突/航道扰动→绕航吨海里与油运运价可能上升；同时燃料、保险和封航风险上升，油价上涨本身不证明油运盈利增加。,601872,招商轮船,22.03,20261008,腾讯全市场+带日期批量报价核验,16.4,用户2026-10-08产业链基准（原任务书指定），须持续核验最新业务结构,产业链研究观察,仅条件性传导，真实利润取决于产品结构、销量、成本和合同；种子/题材不豁免硬筛和风险闸。
结构化商品报价及数值阈值→产业链（非正文关键词）,方向待人工确认,2,油轮运输，吨海里与运价敞口；燃料及保险成本风险,用户2026-10-08产业链基准（原任务书指定），须持续核验最新业务结构,123759999999.99998,600026 中远海能；601872 招商轮船,有业务敞口名单内、产业直接性优先，同层按本次总市值降序取前3；非全行业市值排名,2026-10-08T22:22:11+08:00,高,商品单日幅度超过±3%,market_4a7b702982ccabe7,商品,WTI原油较前结算价变动4.403%,2026-10-08,行情日期；源时间/时区见商品表,窗口内日期；时区/延迟待复核,新浪行情,https://hq.sinajs.cn/,价格92.167，前结算88.28，美元/桶,NA,油运,冲突/航道扰动→绕航吨海里与油运运价可能上升；同时燃料、保险和封航风险上升，油价上涨本身不证明油运盈利增加。,600026,中远海能,22.62,20261008,腾讯全市场+带日期批量报价核验,18.43,用户2026-10-08产业链基准（原任务书指定），须持续核验最新业务结构,产业链研究观察,仅条件性传导，真实利润取决于产品结构、销量、成本和合同；种子/题材不豁免硬筛和风险闸。
逐事件语义复核@2026-10-08；事实：IEA 10月7日公告支持加快此前集体行动的库存释放，并优先柴油；未将尚可释放储备当成已经新增投放。；事件分类为研判；涉及表态/转述/预期的标题不当作行动已发生。地缘类仅列风险敏感行业，方向需核实。,上游关注下行风险；下游库存可能承压,1,原油及天然气勘探、开发、生产，上游实现售价敞口,中国海油官网公司简介 https://www.cnoocltd.com/index.html 核验2026-10-08,1624099000000.0,600938 中国海油；601808 中海油服；600339 中油工程；600583 海油工程,有业务敞口名单内、产业直接性优先，同层按本次总市值降序取前3；非全行业市值排名,2026-10-08T22:22:11+08:00,中,已核验窗口内官方/指定媒体报道，需人工判断影响,news_03e691d402197f00,海外,Statement by IEA Executive Director on meeting of IEA Member governments on 7 October 2026,2026-10-07T22:19:02+08:00,秒/分,窗口内,IEA,https://www.iea.org/news/statement-by-iea-executive-director-on-meeting-of-iea-member-governments-on-7-october-2026,正文未提取，仅据标题；关联依据不足须复核,NA,油气上游/油服,IEA加快释放库存→可用油品供应增加，可能压低原油/成品油价格，上游售油利润承压；下游原料成本可能缓解，但高价库存可能减值、炼化价差可能收窄。不能将释放库存一律写成油气利好。,600938,中国海油,34.17,20261008,腾讯全市场+带日期批量报价核验,11.74,中国海油官网公司简介 https://www.cnoocltd.com/index.html 核验2026-10-08,产业链研究观察,仅条件性传导，真实利润取决于产品结构、销量、成本和合同；种子/题材不豁免硬筛和风险闸。
逐事件语义复核@2026-10-08；事实：IEA 10月7日公告支持加快此前集体行动的库存释放，并优先柴油；未将尚可释放储备当成已经新增投放。；事件分类为研判；涉及表态/转述/预期的标题不当作行动已发生。地缘类仅列风险敏感行业，方向需核实。,上游关注下行风险；下游库存可能承压,1,油田技术/钻井服务，上游资本开支与日费率敞口，非直接售油企业,中海油服官方公司介绍 https://www.cosl.com.cn/attach/0/999dd62f9a1749e59c21e7097d2e2a7e.pdf 核验2026-10-08,59930999999.99999,600938 中国海油；601808 中海油服；600339 中油工程；600583 海油工程,有业务敞口名单内、产业直接性优先，同层按本次总市值降序取前3；非全行业市值排名,2026-10-08T22:22:11+08:00,中,已核验窗口内官方/指定媒体报道，需人工判断影响,news_03e691d402197f00,海外,Statement by IEA Executive Director on meeting of IEA Member governments on 7 October 2026,2026-10-07T22:19:02+08:00,秒/分,窗口内,IEA,https://www.iea.org/news/statement-by-iea-executive-director-on-meeting-of-iea-member-governments-on-7-october-2026,正文未提取，仅据标题；关联依据不足须复核,NA,油气上游/油服,IEA加快释放库存→可用油品供应增加，可能压低原油/成品油价格，上游售油利润承压；下游原料成本可能缓解，但高价库存可能减值、炼化价差可能收窄。不能将释放库存一律写成油气利好。,601808,中海油服,12.56,20261008,腾讯全市场+带日期批量报价核验,15.42,中海油服官方公司介绍 https://www.cosl.com.cn/attach/0/999dd62f9a1749e59c21e7097d2e2a7e.pdf 核验2026-10-08,产业链研究观察,仅条件性传导，真实利润取决于产品结构、销量、成本和合同；种子/题材不豁免硬筛和风险闸。
逐事件语义复核@2026-10-08；事实：IEA 10月7日公告支持加快此前集体行动的库存释放，并优先柴油；未将尚可释放储备当成已经新增投放。；事件分类为研判；涉及表态/转述/预期的标题不当作行动已发生。地缘类仅列风险敏感行业，方向需核实。,上游关注下行风险；下游库存可能承压,1,海洋油气工程，工程订单与投资周期敞口,用户2026-10-08产业链基准（原任务书指定），须持续核验最新业务结构,29225000000.0,600938 中国海油；601808 中海油服；600339 中油工程；600583 海油工程,有业务敞口名单内、产业直接性优先，同层按本次总市值降序取前3；非全行业市值排名,2026-10-08T22:22:11+08:00,中,已核验窗口内官方/指定媒体报道，需人工判断影响,news_03e691d402197f00,海外,Statement by IEA Executive Director on meeting of IEA Member governments on 7 October 2026,2026-10-07T22:19:02+08:00,秒/分,窗口内,IEA,https://www.iea.org/news/statement-by-iea-executive-director-on-meeting-of-iea-member-governments-on-7-october-2026,正文未提取，仅据标题；关联依据不足须复核,NA,油气上游/油服,IEA加快释放库存→可用油品供应增加，可能压低原油/成品油价格，上游售油利润承压；下游原料成本可能缓解，但高价库存可能减值、炼化价差可能收窄。不能将释放库存一律写成油气利好。,600583,海油工程,6.61,20261008,腾讯全市场+带日期批量报价核验,14.07,用户2026-10-08产业链基准（原任务书指定），须持续核验最新业务结构,产业链研究观察,仅条件性传导，真实利润取决于产品结构、销量、成本和合同；种子/题材不豁免硬筛和风险闸。
逐事件语义复核@2026-10-08；事实：巴以冲突3年来超2万名巴勒斯坦师生遇害；事件分类为研判；涉及表态/转述/预期的标题不当作行动已发生。地缘类仅列风险敏感行业，方向需核实。,上游条件受益、油服间接受益,1,原油及天然气勘探、开发、生产，上游实现售价敞口,中国海油官网公司简介 https://www.cnoocltd.com/index.html 核验2026-10-08,1624099000000.0,600938 中国海油；601808 中海油服；600339 中油工程；600583 海油工程,有业务敞口名单内、产业直接性优先，同层按本次总市值降序取前3；非全行业市值排名,2026-10-08T22:22:11+08:00,中,已核验窗口内官方/指定媒体报道，需人工判断影响,news_5313d5ba12cfd302,地缘,巴以冲突3年来超2万名巴勒斯坦师生遇害,2026-10-07T20:16:48+08:00,秒/分,窗口内,央视新闻,https://news.cctv.com/2026/10/07/ARTIn9aBuAnmmizKC3zdOu3H261007.shtml,正文未提取，仅据标题；关联依据不足须复核,NA,油气上游/油服,原油涨价→上游售油实现价格可能提高（中国海油）；持续高油价才可能推动资本开支→中海油服钻井服务需求/日费率；工程公司还需订单兑现，不能等同即期利润增长。,600938,中国海油,34.17,20261008,腾讯全市场+带日期批量报价核验,11.74,中国海油官网公司简介 https://www.cnoocltd.com/index.html 核验2026-10-08,产业链研究观察,仅条件性传导，真实利润取决于产品结构、销量、成本和合同；种子/题材不豁免硬筛和风险闸。
逐事件语义复核@2026-10-08；事实：巴以冲突3年来超2万名巴勒斯坦师生遇害；事件分类为研判；涉及表态/转述/预期的标题不当作行动已发生。地缘类仅列风险敏感行业，方向需核实。,上游条件受益、油服间接受益,1,油田技术/钻井服务，上游资本开支与日费率敞口，非直接售油企业,中海油服官方公司介绍 https://www.cosl.com.cn/attach/0/999dd62f9a1749e59c21e7097d2e2a7e.pdf 核验2026-10-08,59930999999.99999,600938 中国海油；601808 中海油服；600339 中油工程；600583 海油工程,有业务敞口名单内、产业直接性优先，同层按本次总市值降序取前3；非全行业市值排名,2026-10-08T22:22:11+08:00,中,已核验窗口内官方/指定媒体报道，需人工判断影响,news_5313d5ba12cfd302,地缘,巴以冲突3年来超2万名巴勒斯坦师生遇害,2026-10-07T20:16:48+08:00,秒/分,窗口内,央视新闻,https://news.cctv.com/2026/10/07/ARTIn9aBuAnmmizKC3zdOu3H261007.shtml,正文未提取，仅据标题；关联依据不足须复核,NA,油气上游/油服,原油涨价→上游售油实现价格可能提高（中国海油）；持续高油价才可能推动资本开支→中海油服钻井服务需求/日费率；工程公司还需订单兑现，不能等同即期利润增长。,601808,中海油服,12.56,20261008,腾讯全市场+带日期批量报价核验,15.42,中海油服官方公司介绍 https://www.cosl.com.cn/attach/0/999dd62f9a1749e59c21e7097d2e2a7e.pdf 核验2026-10-08,产业链研究观察,仅条件性传导，真实利润取决于产品结构、销量、成本和合同；种子/题材不豁免硬筛和风险闸。
逐事件语义复核@2026-10-08；事实：巴以冲突3年来超2万名巴勒斯坦师生遇害；事件分类为研判；涉及表态/转述/预期的标题不当作行动已发生。地缘类仅列风险敏感行业，方向需核实。,上游条件受益、油服间接受益,1,海洋油气工程，工程订单与投资周期敞口,用户2026-10-08产业链基准（原任务书指定），须持续核验最新业务结构,29225000000.0,600938 中国海油；601808 中海油服；600339 中油工程；600583 海油工程,有业务敞口名单内、产业直接性优先，同层按本次总市值降序取前3；非全行业市值排名,2026-10-08T22:22:11+08:00,中,已核验窗口内官方/指定媒体报道，需人工判断影响,news_5313d5ba12cfd302,地缘,巴以冲突3年来超2万名巴勒斯坦师生遇害,2026-10-07T20:16:48+08:00,秒/分,窗口内,央视新闻,https://news.cctv.com/2026/10/07/ARTIn9aBuAnmmizKC3zdOu3H261007.shtml,正文未提取，仅据标题；关联依据不足须复核,NA,油气上游/油服,原油涨价→上游售油实现价格可能提高（中国海油）；持续高油价才可能推动资本开支→中海油服钻井服务需求/日费率；工程公司还需订单兑现，不能等同即期利润增长。,600583,海油工程,6.61,20261008,腾讯全市场+带日期批量报价核验,14.07,用户2026-10-08产业链基准（原任务书指定），须持续核验最新业务结构,产业链研究观察,仅条件性传导，真实利润取决于产品结构、销量、成本和合同；种子/题材不豁免硬筛和风险闸。
逐事件语义复核@2026-10-08；事实：巴以冲突3年来超2万名巴勒斯坦师生遇害；事件分类为研判；涉及表态/转述/预期的标题不当作行动已发生。地缘类仅列风险敏感行业，方向需核实。,条件受益,2,铜金等多金属采选，非纯黄金公司,用户2026-10-08产业链基准（原任务书指定），须持续核验最新业务结构,780972000000.0,600547 山东黄金；600489 中金黄金；601899 紫金矿业,有业务敞口名单内、产业直接性优先，同层按本次总市值降序取前3；非全行业市值排名,2026-10-08T22:22:11+08:00,中,已核验窗口内官方/指定媒体报道，需人工判断影响,news_5313d5ba12cfd302,地缘,巴以冲突3年来超2万名巴勒斯坦师生遇害,2026-10-07T20:16:48+08:00,秒/分,窗口内,央视新闻,https://news.cctv.com/2026/10/07/ARTIn9aBuAnmmizKC3zdOu3H261007.shtml,正文未提取，仅据标题；关联依据不足须复核,NA,黄金资源,黄金报价上升或避险需求→黄金矿山售金收入弹性；实际利润还取决于成本、套保和产量。,601899,紫金矿业,29.37,20261008,腾讯全市场+带日期批量报价核验,11.54,用户2026-10-08产业链基准（原任务书指定），须持续核验最新业务结构,产业链研究观察,仅条件性传导，真实利润取决于产品结构、销量、成本和合同；种子/题材不豁免硬筛和风险闸。
逐事件语义复核@2026-10-08；事实：巴以冲突3年来超2万名巴勒斯坦师生遇害；事件分类为研判；涉及表态/转述/预期的标题不当作行动已发生。地缘类仅列风险敏感行业，方向需核实。,条件受益,2,黄金开采，上游黄金售价与成本敞口,用户2026-10-08产业链基准（原任务书指定），须持续核验最新业务结构,121840000000.00002,600547 山东黄金；600489 中金黄金；601899 紫金矿业,有业务敞口名单内、产业直接性优先，同层按本次总市值降序取前3；非全行业市值排名,2026-10-08T22:22:11+08:00,中,已核验窗口内官方/指定媒体报道，需人工判断影响,news_5313d5ba12cfd302,地缘,巴以冲突3年来超2万名巴勒斯坦师生遇害,2026-10-07T20:16:48+08:00,秒/分,窗口内,央视新闻,https://news.cctv.com/2026/10/07/ARTIn9aBuAnmmizKC3zdOu3H261007.shtml,正文未提取，仅据标题；关联依据不足须复核,NA,黄金资源,黄金报价上升或避险需求→黄金矿山售金收入弹性；实际利润还取决于成本、套保和产量。,600547,山东黄金,26.43,20261008,腾讯全市场+带日期批量报价核验,22.26,用户2026-10-08产业链基准（原任务书指定），须持续核验最新业务结构,产业链研究观察,仅条件性传导，真实利润取决于产品结构、销量、成本和合同；种子/题材不豁免硬筛和风险闸。
逐事件语义复核@2026-10-08；事实：巴以冲突3年来超2万名巴勒斯坦师生遇害；事件分类为研判；涉及表态/转述/预期的标题不当作行动已发生。地缘类仅列风险敏感行业，方向需核实。,条件受益,2,黄金采选冶，上游黄金售价与成本敞口,用户2026-10-08产业链基准（原任务书指定），须持续核验最新业务结构,104120000000.0,600547 山东黄金；600489 中金黄金；601899 紫金矿业,有业务敞口名单内、产业直接性优先，同层按本次总市值降序取前3；非全行业市值排名,2026-10-08T22:22:11+08:00,中,已核验窗口内官方/指定媒体报道，需人工判断影响,news_5313d5ba12cfd302,地缘,巴以冲突3年来超2万名巴勒斯坦师生遇害,2026-10-07T20:16:48+08:00,秒/分,窗口内,央视新闻,https://news.cctv.com/2026/10/07/ARTIn9aBuAnmmizKC3zdOu3H261007.shtml,正文未提取，仅据标题；关联依据不足须复核,NA,黄金资源,黄金报价上升或避险需求→黄金矿山售金收入弹性；实际利润还取决于成本、套保和产量。,600489,中金黄金,21.48,20261008,腾讯全市场+带日期批量报价核验,15.79,用户2026-10-08产业链基准（原任务书指定），须持续核验最新业务结构,产业链研究观察,仅条件性传导，真实利润取决于产品结构、销量、成本和合同；种子/题材不豁免硬筛和风险闸。
逐事件语义复核@2026-10-08；事实：巴以冲突3年来超2万名巴勒斯坦师生遇害；事件分类为研判；涉及表态/转述/预期的标题不当作行动已发生。地缘类仅列风险敏感行业，方向需核实。,方向待人工确认,3,油运及其他航运，航线/运价与运力敞口,用户2026-10-08产业链基准（原任务书指定），须持续核验最新业务结构,177882000000.0,600026 中远海能；601872 招商轮船,有业务敞口名单内、产业直接性优先，同层按本次总市值降序取前3；非全行业市值排名,2026-10-08T22:22:11+08:00,中,已核验窗口内官方/指定媒体报道，需人工判断影响,news_5313d5ba12cfd302,地缘,巴以冲突3年来超2万名巴勒斯坦师生遇害,2026-10-07T20:16:48+08:00,秒/分,窗口内,央视新闻,https://news.cctv.com/2026/10/07/ARTIn9aBuAnmmizKC3zdOu3H261007.shtml,正文未提取，仅据标题；关联依据不足须复核,NA,油运,冲突/航道扰动→绕航吨海里与油运运价可能上升；同时燃料、保险和封航风险上升，油价上涨本身不证明油运盈利增加。,601872,招商轮船,22.03,20261008,腾讯全市场+带日期批量报价核验,16.4,用户2026-10-08产业链基准（原任务书指定），须持续核验最新业务结构,产业链研究观察,仅条件性传导，真实利润取决于产品结构、销量、成本和合同；种子/题材不豁免硬筛和风险闸。
逐事件语义复核@2026-10-08；事实：巴以冲突3年来超2万名巴勒斯坦师生遇害；事件分类为研判；涉及表态/转述/预期的标题不当作行动已发生。地缘类仅列风险敏感行业，方向需核实。,方向待人工确认,3,油轮运输，吨海里与运价敞口；燃料及保险成本风险,用户2026-10-08产业链基准（原任务书指定），须持续核验最新业务结构,123759999999.99998,600026 中远海能；601872 招商轮船,有业务敞口名单内、产业直接性优先，同层按本次总市值降序取前3；非全行业市值排名,2026-10-08T22:22:11+08:00,中,已核验窗口内官方/指定媒体报道，需人工判断影响,news_5313d5ba12cfd302,地缘,巴以冲突3年来超2万名巴勒斯坦师生遇害,2026-10-07T20:16:48+08:00,秒/分,窗口内,央视新闻,https://news.cctv.com/2026/10/07/ARTIn9aBuAnmmizKC3zdOu3H261007.shtml,正文未提取，仅据标题；关联依据不足须复核,NA,油运,冲突/航道扰动→绕航吨海里与油运运价可能上升；同时燃料、保险和封航风险上升，油价上涨本身不证明油运盈利增加。,600026,中远海能,22.62,20261008,腾讯全市场+带日期批量报价核验,18.43,用户2026-10-08产业链基准（原任务书指定），须持续核验最新业务结构,产业链研究观察,仅条件性传导，真实利润取决于产品结构、销量、成本和合同；种子/题材不豁免硬筛和风险闸。
逐事件语义复核@2026-10-08；事实：哈马斯发声明纪念“阿克萨洪水”行动三周年 称将致力于履行停火协议；事件分类为研判；涉及表态/转述/预期的标题不当作行动已发生。地缘类仅列风险敏感行业，方向需核实。,风险溢价回落可能承压,1,原油及天然气勘探、开发、生产，上游实现售价敞口,中国海油官网公司简介 https://www.cnoocltd.com/index.html 核验2026-10-08,1624099000000.0,600938 中国海油；601808 中海油服；600339 中油工程；600583 海油工程,有业务敞口名单内、产业直接性优先，同层按本次总市值降序取前3；非全行业市值排名,2026-10-08T22:22:11+08:00,高,标题命中重大事件检索词；不代表利好,news_904b30ace65b5015,地缘,哈马斯发声明纪念“阿克萨洪水”行动三周年 称将致力于履行停火协议,2026-10-07T16:35:31+08:00,秒/分,窗口内,央视新闻,https://news.cctv.com/2026/10/07/ARTILsGn1bjVHjS4jWDgckoZ261007.shtml,正文未提取，仅据标题；关联依据不足须复核,NA,油气上游/油服,停火/缓和表态若落实→供应扰动溢价下降，上游实现油价可能承压；表态不等于停火生效。,600938,中国海油,34.17,20261008,腾讯全市场+带日期批量报价核验,11.74,中国海油官网公司简介 https://www.cnoocltd.com/index.html 核验2026-10-08,产业链研究观察,仅条件性传导，真实利润取决于产品结构、销量、成本和合同；种子/题材不豁免硬筛和风险闸。
逐事件语义复核@2026-10-08；事实：哈马斯发声明纪念“阿克萨洪水”行动三周年 称将致力于履行停火协议；事件分类为研判；涉及表态/转述/预期的标题不当作行动已发生。地缘类仅列风险敏感行业，方向需核实。,风险溢价回落可能承压,1,油田技术/钻井服务，上游资本开支与日费率敞口，非直接售油企业,中海油服官方公司介绍 https://www.cosl.com.cn/attach/0/999dd62f9a1749e59c21e7097d2e2a7e.pdf 核验2026-10-08,59930999999.99999,600938 中国海油；601808 中海油服；600339 中油工程；600583 海油工程,有业务敞口名单内、产业直接性优先，同层按本次总市值降序取前3；非全行业市值排名,2026-10-08T22:22:11+08:00,高,标题命中重大事件检索词；不代表利好,news_904b30ace65b5015,地缘,哈马斯发声明纪念“阿克萨洪水”行动三周年 称将致力于履行停火协议,2026-10-07T16:35:31+08:00,秒/分,窗口内,央视新闻,https://news.cctv.com/2026/10/07/ARTILsGn1bjVHjS4jWDgckoZ261007.shtml,正文未提取，仅据标题；关联依据不足须复核,NA,油气上游/油服,停火/缓和表态若落实→供应扰动溢价下降，上游实现油价可能承压；表态不等于停火生效。,601808,中海油服,12.56,20261008,腾讯全市场+带日期批量报价核验,15.42,中海油服官方公司介绍 https://www.cosl.com.cn/attach/0/999dd62f9a1749e59c21e7097d2e2a7e.pdf 核验2026-10-08,产业链研究观察,仅条件性传导，真实利润取决于产品结构、销量、成本和合同；种子/题材不豁免硬筛和风险闸。
逐事件语义复核@2026-10-08；事实：哈马斯发声明纪念“阿克萨洪水”行动三周年 称将致力于履行停火协议；事件分类为研判；涉及表态/转述/预期的标题不当作行动已发生。地缘类仅列风险敏感行业，方向需核实。,风险溢价回落可能承压,1,海洋油气工程，工程订单与投资周期敞口,用户2026-10-08产业链基准（原任务书指定），须持续核验最新业务结构,29225000000.0,600938 中国海油；601808 中海油服；600339 中油工程；600583 海油工程,有业务敞口名单内、产业直接性优先，同层按本次总市值降序取前3；非全行业市值排名,2026-10-08T22:22:11+08:00,高,标题命中重大事件检索词；不代表利好,news_904b30ace65b5015,地缘,哈马斯发声明纪念“阿克萨洪水”行动三周年 称将致力于履行停火协议,2026-10-07T16:35:31+08:00,秒/分,窗口内,央视新闻,https://news.cctv.com/2026/10/07/ARTILsGn1bjVHjS4jWDgckoZ261007.shtml,正文未提取，仅据标题；关联依据不足须复核,NA,油气上游/油服,停火/缓和表态若落实→供应扰动溢价下降，上游实现油价可能承压；表态不等于停火生效。,600583,海油工程,6.61,20261008,腾讯全市场+带日期批量报价核验,14.07,用户2026-10-08产业链基准（原任务书指定），须持续核验最新业务结构,产业链研究观察,仅条件性传导，真实利润取决于产品结构、销量、成本和合同；种子/题材不豁免硬筛和风险闸。
逐事件语义复核@2026-10-08；事实：哈马斯发声明纪念“阿克萨洪水”行动三周年 称将致力于履行停火协议；事件分类为研判；涉及表态/转述/预期的标题不当作行动已发生。地缘类仅列风险敏感行业，方向需核实。,避险溢价回落可能承压,2,铜金等多金属采选，非纯黄金公司,用户2026-10-08产业链基准（原任务书指定），须持续核验最新业务结构,780972000000.0,600547 山东黄金；600489 中金黄金；601899 紫金矿业,有业务敞口名单内、产业直接性优先，同层按本次总市值降序取前3；非全行业市值排名,2026-10-08T22:22:11+08:00,高,标题命中重大事件检索词；不代表利好,news_904b30ace65b5015,地缘,哈马斯发声明纪念“阿克萨洪水”行动三周年 称将致力于履行停火协议,2026-10-07T16:35:31+08:00,秒/分,窗口内,央视新闻,https://news.cctv.com/2026/10/07/ARTILsGn1bjVHjS4jWDgckoZ261007.shtml,正文未提取，仅据标题；关联依据不足须复核,NA,黄金资源,若冲突风险缓解→避险需求可能下降；利率和美元仍可改变黄金方向。,601899,紫金矿业,29.37,20261008,腾讯全市场+带日期批量报价核验,11.54,用户2026-10-08产业链基准（原任务书指定），须持续核验最新业务结构,产业链研究观察,仅条件性传导，真实利润取决于产品结构、销量、成本和合同；种子/题材不豁免硬筛和风险闸。
逐事件语义复核@2026-10-08；事实：哈马斯发声明纪念“阿克萨洪水”行动三周年 称将致力于履行停火协议；事件分类为研判；涉及表态/转述/预期的标题不当作行动已发生。地缘类仅列风险敏感行业，方向需核实。,避险溢价回落可能承压,2,黄金开采，上游黄金售价与成本敞口,用户2026-10-08产业链基准（原任务书指定），须持续核验最新业务结构,121840000000.00002,600547 山东黄金；600489 中金黄金；601899 紫金矿业,有业务敞口名单内、产业直接性优先，同层按本次总市值降序取前3；非全行业市值排名,2026-10-08T22:22:11+08:00,高,标题命中重大事件检索词；不代表利好,news_904b30ace65b5015,地缘,哈马斯发声明纪念“阿克萨洪水”行动三周年 称将致力于履行停火协议,2026-10-07T16:35:31+08:00,秒/分,窗口内,央视新闻,https://news.cctv.com/2026/10/07/ARTILsGn1bjVHjS4jWDgckoZ261007.shtml,正文未提取，仅据标题；关联依据不足须复核,NA,黄金资源,若冲突风险缓解→避险需求可能下降；利率和美元仍可改变黄金方向。,600547,山东黄金,26.43,20261008,腾讯全市场+带日期批量报价核验,22.26,用户2026-10-08产业链基准（原任务书指定），须持续核验最新业务结构,产业链研究观察,仅条件性传导，真实利润取决于产品结构、销量、成本和合同；种子/题材不豁免硬筛和风险闸。
逐事件语义复核@2026-10-08；事实：哈马斯发声明纪念“阿克萨洪水”行动三周年 称将致力于履行停火协议；事件分类为研判；涉及表态/转述/预期的标题不当作行动已发生。地缘类仅列风险敏感行业，方向需核实。,避险溢价回落可能承压,2,黄金采选冶，上游黄金售价与成本敞口,用户2026-10-08产业链基准（原任务书指定），须持续核验最新业务结构,104120000000.0,600547 山东黄金；600489 中金黄金；601899 紫金矿业,有业务敞口名单内、产业直接性优先，同层按本次总市值降序取前3；非全行业市值排名,2026-10-08T22:22:11+08:00,高,标题命中重大事件检索词；不代表利好,news_904b30ace65b5015,地缘,哈马斯发声明纪念“阿克萨洪水”行动三周年 称将致力于履行停火协议,2026-10-07T16:35:31+08:00,秒/分,窗口内,央视新闻,https://news.cctv.com/2026/10/07/ARTILsGn1bjVHjS4jWDgckoZ261007.shtml,正文未提取，仅据标题；关联依据不足须复核,NA,黄金资源,若冲突风险缓解→避险需求可能下降；利率和美元仍可改变黄金方向。,600489,中金黄金,21.48,20261008,腾讯全市场+带日期批量报价核验,15.79,用户2026-10-08产业链基准（原任务书指定），须持续核验最新业务结构,产业链研究观察,仅条件性传导，真实利润取决于产品结构、销量、成本和合同；种子/题材不豁免硬筛和风险闸。
逐事件语义复核@2026-10-08；事实：哈马斯发声明纪念“阿克萨洪水”行动三周年 称将致力于履行停火协议；事件分类为研判；涉及表态/转述/预期的标题不当作行动已发生。地缘类仅列风险敏感行业，方向需核实。,待人工确认,3,油运及其他航运，航线/运价与运力敞口,用户2026-10-08产业链基准（原任务书指定），须持续核验最新业务结构,177882000000.0,600026 中远海能；601872 招商轮船,有业务敞口名单内、产业直接性优先，同层按本次总市值降序取前3；非全行业市值排名,2026-10-08T22:22:11+08:00,高,标题命中重大事件检索词；不代表利好,news_904b30ace65b5015,地缘,哈马斯发声明纪念“阿克萨洪水”行动三周年 称将致力于履行停火协议,2026-10-07T16:35:31+08:00,秒/分,窗口内,央视新闻,https://news.cctv.com/2026/10/07/ARTILsGn1bjVHjS4jWDgckoZ261007.shtml,正文未提取，仅据标题；关联依据不足须复核,NA,油运,若航道恢复→绕航吨海里下降可能压运价，但保险与燃料成本也下降，净效应待核实。,601872,招商轮船,22.03,20261008,腾讯全市场+带日期批量报价核验,16.4,用户2026-10-08产业链基准（原任务书指定），须持续核验最新业务结构,产业链研究观察,仅条件性传导，真实利润取决于产品结构、销量、成本和合同；种子/题材不豁免硬筛和风险闸。
逐事件语义复核@2026-10-08；事实：哈马斯发声明纪念“阿克萨洪水”行动三周年 称将致力于履行停火协议；事件分类为研判；涉及表态/转述/预期的标题不当作行动已发生。地缘类仅列风险敏感行业，方向需核实。,待人工确认,3,油轮运输，吨海里与运价敞口；燃料及保险成本风险,用户2026-10-08产业链基准（原任务书指定），须持续核验最新业务结构,123759999999.99998,600026 中远海能；601872 招商轮船,有业务敞口名单内、产业直接性优先，同层按本次总市值降序取前3；非全行业市值排名,2026-10-08T22:22:11+08:00,高,标题命中重大事件检索词；不代表利好,news_904b30ace65b5015,地缘,哈马斯发声明纪念“阿克萨洪水”行动三周年 称将致力于履行停火协议,2026-10-07T16:35:31+08:00,秒/分,窗口内,央视新闻,https://news.cctv.com/2026/10/07/ARTILsGn1bjVHjS4jWDgckoZ261007.shtml,正文未提取，仅据标题；关联依据不足须复核,NA,油运,若航道恢复→绕航吨海里下降可能压运价，但保险与燃料成本也下降，净效应待核实。,600026,中远海能,22.62,20261008,腾讯全市场+带日期批量报价核验,18.43,用户2026-10-08产业链基准（原任务书指定），须持续核验最新业务结构,产业链研究观察,仅条件性传导，真实利润取决于产品结构、销量、成本和合同；种子/题材不豁免硬筛和风险闸。
逐事件语义复核@2026-10-08；事实：万斯：伊朗须“实质性”削减铀浓缩能力才能结束战事；事件分类为研判；涉及表态/转述/预期的标题不当作行动已发生。地缘类仅列风险敏感行业，方向需核实。,上游条件受益、油服间接受益,1,原油及天然气勘探、开发、生产，上游实现售价敞口,中国海油官网公司简介 https://www.cnoocltd.com/index.html 核验2026-10-08,1624099000000.0,600938 中国海油；601808 中海油服；600339 中油工程；600583 海油工程,有业务敞口名单内、产业直接性优先，同层按本次总市值降序取前3；非全行业市值排名,2026-10-08T22:22:11+08:00,中,已核验窗口内官方/指定媒体报道，需人工判断影响,news_e257d28fb99497e9,地缘,万斯：伊朗须“实质性”削减铀浓缩能力才能结束战事,2026-10-07T16:35:22+08:00,秒/分,窗口内,央视新闻,https://news.cctv.com/2026/10/07/ARTI8a2AbZQWKQ7cwHJTOZtG261007.shtml,正文未提取，仅据标题；关联依据不足须复核,NA,油气上游/油服,原油涨价→上游售油实现价格可能提高（中国海油）；持续高油价才可能推动资本开支→中海油服钻井服务需求/日费率；工程公司还需订单兑现，不能等同即期利润增长。,600938,中国海油,34.17,20261008,腾讯全市场+带日期批量报价核验,11.74,中国海油官网公司简介 https://www.cnoocltd.com/index.html 核验2026-10-08,产业链研究观察,仅条件性传导，真实利润取决于产品结构、销量、成本和合同；种子/题材不豁免硬筛和风险闸。
逐事件语义复核@2026-10-08；事实：万斯：伊朗须“实质性”削减铀浓缩能力才能结束战事；事件分类为研判；涉及表态/转述/预期的标题不当作行动已发生。地缘类仅列风险敏感行业，方向需核实。,上游条件受益、油服间接受益,1,油田技术/钻井服务，上游资本开支与日费率敞口，非直接售油企业,中海油服官方公司介绍 https://www.cosl.com.cn/attach/0/999dd62f9a1749e59c21e7097d2e2a7e.pdf 核验2026-10-08,59930999999.99999,600938 中国海油；601808 中海油服；600339 中油工程；600583 海油工程,有业务敞口名单内、产业直接性优先，同层按本次总市值降序取前3；非全行业市值排名,2026-10-08T22:22:11+08:00,中,已核验窗口内官方/指定媒体报道，需人工判断影响,news_e257d28fb99497e9,地缘,万斯：伊朗须“实质性”削减铀浓缩能力才能结束战事,2026-10-07T16:35:22+08:00,秒/分,窗口内,央视新闻,https://news.cctv.com/2026/10/07/ARTI8a2AbZQWKQ7cwHJTOZtG261007.shtml,正文未提取，仅据标题；关联依据不足须复核,NA,油气上游/油服,原油涨价→上游售油实现价格可能提高（中国海油）；持续高油价才可能推动资本开支→中海油服钻井服务需求/日费率；工程公司还需订单兑现，不能等同即期利润增长。,601808,中海油服,12.56,20261008,腾讯全市场+带日期批量报价核验,15.42,中海油服官方公司介绍 https://www.cosl.com.cn/attach/0/999dd62f9a1749e59c21e7097d2e2a7e.pdf 核验2026-10-08,产业链研究观察,仅条件性传导，真实利润取决于产品结构、销量、成本和合同；种子/题材不豁免硬筛和风险闸。
逐事件语义复核@2026-10-08；事实：万斯：伊朗须“实质性”削减铀浓缩能力才能结束战事；事件分类为研判；涉及表态/转述/预期的标题不当作行动已发生。地缘类仅列风险敏感行业，方向需核实。,上游条件受益、油服间接受益,1,海洋油气工程，工程订单与投资周期敞口,用户2026-10-08产业链基准（原任务书指定），须持续核验最新业务结构,29225000000.0,600938 中国海油；601808 中海油服；600339 中油工程；600583 海油工程,有业务敞口名单内、产业直接性优先，同层按本次总市值降序取前3；非全行业市值排名,2026-10-08T22:22:11+08:00,中,已核验窗口内官方/指定媒体报道，需人工判断影响,news_e257d28fb99497e9,地缘,万斯：伊朗须“实质性”削减铀浓缩能力才能结束战事,2026-10-07T16:35:22+08:00,秒/分,窗口内,央视新闻,https://news.cctv.com/2026/10/07/ARTI8a2AbZQWKQ7cwHJTOZtG261007.shtml,正文未提取，仅据标题；关联依据不足须复核,NA,油气上游/油服,原油涨价→上游售油实现价格可能提高（中国海油）；持续高油价才可能推动资本开支→中海油服钻井服务需求/日费率；工程公司还需订单兑现，不能等同即期利润增长。,600583,海油工程,6.61,20261008,腾讯全市场+带日期批量报价核验,14.07,用户2026-10-08产业链基准（原任务书指定），须持续核验最新业务结构,产业链研究观察,仅条件性传导，真实利润取决于产品结构、销量、成本和合同；种子/题材不豁免硬筛和风险闸。
逐事件语义复核@2026-10-08；事实：万斯：伊朗须“实质性”削减铀浓缩能力才能结束战事；事件分类为研判；涉及表态/转述/预期的标题不当作行动已发生。地缘类仅列风险敏感行业，方向需核实。,条件受益,2,铜金等多金属采选，非纯黄金公司,用户2026-10-08产业链基准（原任务书指定），须持续核验最新业务结构,780972000000.0,600547 山东黄金；600489 中金黄金；601899 紫金矿业,有业务敞口名单内、产业直接性优先，同层按本次总市值降序取前3；非全行业市值排名,2026-10-08T22:22:11+08:00,中,已核验窗口内官方/指定媒体报道，需人工判断影响,news_e257d28fb99497e9,地缘,万斯：伊朗须“实质性”削减铀浓缩能力才能结束战事,2026-10-07T16:35:22+08:00,秒/分,窗口内,央视新闻,https://news.cctv.com/2026/10/07/ARTI8a2AbZQWKQ7cwHJTOZtG261007.shtml,正文未提取，仅据标题；关联依据不足须复核,NA,黄金资源,黄金报价上升或避险需求→黄金矿山售金收入弹性；实际利润还取决于成本、套保和产量。,601899,紫金矿业,29.37,20261008,腾讯全市场+带日期批量报价核验,11.54,用户2026-10-08产业链基准（原任务书指定），须持续核验最新业务结构,产业链研究观察,仅条件性传导，真实利润取决于产品结构、销量、成本和合同；种子/题材不豁免硬筛和风险闸。
逐事件语义复核@2026-10-08；事实：万斯：伊朗须“实质性”削减铀浓缩能力才能结束战事；事件分类为研判；涉及表态/转述/预期的标题不当作行动已发生。地缘类仅列风险敏感行业，方向需核实。,条件受益,2,黄金开采，上游黄金售价与成本敞口,用户2026-10-08产业链基准（原任务书指定），须持续核验最新业务结构,121840000000.00002,600547 山东黄金；600489 中金黄金；601899 紫金矿业,有业务敞口名单内、产业直接性优先，同层按本次总市值降序取前3；非全行业市值排名,2026-10-08T22:22:11+08:00,中,已核验窗口内官方/指定媒体报道，需人工判断影响,news_e257d28fb99497e9,地缘,万斯：伊朗须“实质性”削减铀浓缩能力才能结束战事,2026-10-07T16:35:22+08:00,秒/分,窗口内,央视新闻,https://news.cctv.com/2026/10/07/ARTI8a2AbZQWKQ7cwHJTOZtG261007.shtml,正文未提取，仅据标题；关联依据不足须复核,NA,黄金资源,黄金报价上升或避险需求→黄金矿山售金收入弹性；实际利润还取决于成本、套保和产量。,600547,山东黄金,26.43,20261008,腾讯全市场+带日期批量报价核验,22.26,用户2026-10-08产业链基准（原任务书指定），须持续核验最新业务结构,产业链研究观察,仅条件性传导，真实利润取决于产品结构、销量、成本和合同；种子/题材不豁免硬筛和风险闸。
逐事件语义复核@2026-10-08；事实：万斯：伊朗须“实质性”削减铀浓缩能力才能结束战事；事件分类为研判；涉及表态/转述/预期的标题不当作行动已发生。地缘类仅列风险敏感行业，方向需核实。,条件受益,2,黄金采选冶，上游黄金售价与成本敞口,用户2026-10-08产业链基准（原任务书指定），须持续核验最新业务结构,104120000000.0,600547 山东黄金；600489 中金黄金；601899 紫金矿业,有业务敞口名单内、产业直接性优先，同层按本次总市值降序取前3；非全行业市值排名,2026-10-08T22:22:11+08:00,中,已核验窗口内官方/指定媒体报道，需人工判断影响,news_e257d28fb99497e9,地缘,万斯：伊朗须“实质性”削减铀浓缩能力才能结束战事,2026-10-07T16:35:22+08:00,秒/分,窗口内,央视新闻,https://news.cctv.com/2026/10/07/ARTI8a2AbZQWKQ7cwHJTOZtG261007.shtml,正文未提取，仅据标题；关联依据不足须复核,NA,黄金资源,黄金报价上升或避险需求→黄金矿山售金收入弹性；实际利润还取决于成本、套保和产量。,600489,中金黄金,21.48,20261008,腾讯全市场+带日期批量报价核验,15.79,用户2026-10-08产业链基准（原任务书指定），须持续核验最新业务结构,产业链研究观察,仅条件性传导，真实利润取决于产品结构、销量、成本和合同；种子/题材不豁免硬筛和风险闸。
逐事件语义复核@2026-10-08；事实：万斯：伊朗须“实质性”削减铀浓缩能力才能结束战事；事件分类为研判；涉及表态/转述/预期的标题不当作行动已发生。地缘类仅列风险敏感行业，方向需核实。,方向待人工确认,3,油运及其他航运，航线/运价与运力敞口,用户2026-10-08产业链基准（原任务书指定），须持续核验最新业务结构,177882000000.0,600026 中远海能；601872 招商轮船,有业务敞口名单内、产业直接性优先，同层按本次总市值降序取前3；非全行业市值排名,2026-10-08T22:22:11+08:00,中,已核验窗口内官方/指定媒体报道，需人工判断影响,news_e257d28fb99497e9,地缘,万斯：伊朗须“实质性”削减铀浓缩能力才能结束战事,2026-10-07T16:35:22+08:00,秒/分,窗口内,央视新闻,https://news.cctv.com/2026/10/07/ARTI8a2AbZQWKQ7cwHJTOZtG261007.shtml,正文未提取，仅据标题；关联依据不足须复核,NA,油运,冲突/航道扰动→绕航吨海里与油运运价可能上升；同时燃料、保险和封航风险上升，油价上涨本身不证明油运盈利增加。,601872,招商轮船,22.03,20261008,腾讯全市场+带日期批量报价核验,16.4,用户2026-10-08产业链基准（原任务书指定），须持续核验最新业务结构,产业链研究观察,仅条件性传导，真实利润取决于产品结构、销量、成本和合同；种子/题材不豁免硬筛和风险闸。
逐事件语义复核@2026-10-08；事实：万斯：伊朗须“实质性”削减铀浓缩能力才能结束战事；事件分类为研判；涉及表态/转述/预期的标题不当作行动已发生。地缘类仅列风险敏感行业，方向需核实。,方向待人工确认,3,油轮运输，吨海里与运价敞口；燃料及保险成本风险,用户2026-10-08产业链基准（原任务书指定），须持续核验最新业务结构,123759999999.99998,600026 中远海能；601872 招商轮船,有业务敞口名单内、产业直接性优先，同层按本次总市值降序取前3；非全行业市值排名,2026-10-08T22:22:11+08:00,中,已核验窗口内官方/指定媒体报道，需人工判断影响,news_e257d28fb99497e9,地缘,万斯：伊朗须“实质性”削减铀浓缩能力才能结束战事,2026-10-07T16:35:22+08:00,秒/分,窗口内,央视新闻,https://news.cctv.com/2026/10/07/ARTI8a2AbZQWKQ7cwHJTOZtG261007.shtml,正文未提取，仅据标题；关联依据不足须复核,NA,油运,冲突/航道扰动→绕航吨海里与油运运价可能上升；同时燃料、保险和封航风险上升，油价上涨本身不证明油运盈利增加。,600026,中远海能,22.62,20261008,腾讯全市场+带日期批量报价核验,18.43,用户2026-10-08产业链基准（原任务书指定），须持续核验最新业务结构,产业链研究观察,仅条件性传导，真实利润取决于产品结构、销量、成本和合同；种子/题材不豁免硬筛和风险闸。
待人工确认：尚无逐事件事实与方向复核，不通过正文词语自动选择产业,待人工确认,NA,NA,NA,NA,NA,NA,2026-10-08T22:22:11+08:00,中,已核验窗口内官方/指定媒体报道，需人工判断影响,news_35ce26c79ba01269,地缘,俄罗斯总统助理、海事委员会主席帕特鲁舍夫将访华,2026-10-07T16:21:23+08:00,秒/分,窗口内,央视新闻,https://news.cctv.com/2026/10/07/ARTISfvNWXlS8U5ikuhhLyO8261007.shtml,正文未提取，仅据标题；关联依据不足须复核,NA,待人工确认,待人工确认：尚无逐事件事实与方向复核，不通过正文词语自动选择产业,NA,NA,NA,NA,NA,NA,NA,待人工确认,未完成事件语义复核，不把词语相似当业务受益；无符合当前已核验映射的标的。
逐事件语义复核@2026-10-08；事实：乌克兰首都遭袭 已致2人死亡；事件分类为研判；涉及表态/转述/预期的标题不当作行动已发生。地缘类仅列风险敏感行业，方向需核实。,上游条件受益、油服间接受益,1,原油及天然气勘探、开发、生产，上游实现售价敞口,中国海油官网公司简介 https://www.cnoocltd.com/index.html 核验2026-10-08,1624099000000.0,600938 中国海油；601808 中海油服；600339 中油工程；600583 海油工程,有业务敞口名单内、产业直接性优先，同层按本次总市值降序取前3；非全行业市值排名,2026-10-08T22:22:11+08:00,中,已核验窗口内官方/指定媒体报道，需人工判断影响,news_94116cfc5fb85231,地缘,乌克兰首都遭袭 已致2人死亡,2026-10-07T14:39:30+08:00,秒/分,窗口内,央视新闻,https://news.cctv.com/2026/10/07/ARTIxdt1bDhMBP6EeiRZWDQx261007.shtml,正文未提取，仅据标题；关联依据不足须复核,NA,油气上游/油服,原油涨价→上游售油实现价格可能提高（中国海油）；持续高油价才可能推动资本开支→中海油服钻井服务需求/日费率；工程公司还需订单兑现，不能等同即期利润增长。,600938,中国海油,34.17,20261008,腾讯全市场+带日期批量报价核验,11.74,中国海油官网公司简介 https://www.cnoocltd.com/index.html 核验2026-10-08,产业链研究观察,仅条件性传导，真实利润取决于产品结构、销量、成本和合同；种子/题材不豁免硬筛和风险闸。
逐事件语义复核@2026-10-08；事实：乌克兰首都遭袭 已致2人死亡；事件分类为研判；涉及表态/转述/预期的标题不当作行动已发生。地缘类仅列风险敏感行业，方向需核实。,上游条件受益、油服间接受益,1,油田技术/钻井服务，上游资本开支与日费率敞口，非直接售油企业,中海油服官方公司介绍 https://www.cosl.com.cn/attach/0/999dd62f9a1749e59c21e7097d2e2a7e.pdf 核验2026-10-08,59930999999.99999,600938 中国海油；601808 中海油服；600339 中油工程；600583 海油工程,有业务敞口名单内、产业直接性优先，同层按本次总市值降序取前3；非全行业市值排名,2026-10-08T22:22:11+08:00,中,已核验窗口内官方/指定媒体报道，需人工判断影响,news_94116cfc5fb85231,地缘,乌克兰首都遭袭 已致2人死亡,2026-10-07T14:39:30+08:00,秒/分,窗口内,央视新闻,https://news.cctv.com/2026/10/07/ARTIxdt1bDhMBP6EeiRZWDQx261007.shtml,正文未提取，仅据标题；关联依据不足须复核,NA,油气上游/油服,原油涨价→上游售油实现价格可能提高（中国海油）；持续高油价才可能推动资本开支→中海油服钻井服务需求/日费率；工程公司还需订单兑现，不能等同即期利润增长。,601808,中海油服,12.56,20261008,腾讯全市场+带日期批量报价核验,15.42,中海油服官方公司介绍 https://www.cosl.com.cn/attach/0/999dd62f9a1749e59c21e7097d2e2a7e.pdf 核验2026-10-08,产业链研究观察,仅条件性传导，真实利润取决于产品结构、销量、成本和合同；种子/题材不豁免硬筛和风险闸。
逐事件语义复核@2026-10-08；事实：乌克兰首都遭袭 已致2人死亡；事件分类为研判；涉及表态/转述/预期的标题不当作行动已发生。地缘类仅列风险敏感行业，方向需核实。,上游条件受益、油服间接受益,1,海洋油气工程，工程订单与投资周期敞口,用户2026-10-08产业链基准（原任务书指定），须持续核验最新业务结构,29225000000.0,600938 中国海油；601808 中海油服；600339 中油工程；600583 海油工程,有业务敞口名单内、产业直接性优先，同层按本次总市值降序取前3；非全行业市值排名,2026-10-08T22:22:11+08:00,中,已核验窗口内官方/指定媒体报道，需人工判断影响,news_94116cfc5fb85231,地缘,乌克兰首都遭袭 已致2人死亡,2026-10-07T14:39:30+08:00,秒/分,窗口内,央视新闻,https://news.cctv.com/2026/10/07/ARTIxdt1bDhMBP6EeiRZWDQx261007.shtml,正文未提取，仅据标题；关联依据不足须复核,NA,油气上游/油服,原油涨价→上游售油实现价格可能提高（中国海油）；持续高油价才可能推动资本开支→中海油服钻井服务需求/日费率；工程公司还需订单兑现，不能等同即期利润增长。,600583,海油工程,6.61,20261008,腾讯全市场+带日期批量报价核验,14.07,用户2026-10-08产业链基准（原任务书指定），须持续核验最新业务结构,产业链研究观察,仅条件性传导，真实利润取决于产品结构、销量、成本和合同；种子/题材不豁免硬筛和风险闸。
逐事件语义复核@2026-10-08；事实：乌克兰首都遭袭 已致2人死亡；事件分类为研判；涉及表态/转述/预期的标题不当作行动已发生。地缘类仅列风险敏感行业，方向需核实。,条件受益,2,铜金等多金属采选，非纯黄金公司,用户2026-10-08产业链基准（原任务书指定），须持续核验最新业务结构,780972000000.0,600547 山东黄金；600489 中金黄金；601899 紫金矿业,有业务敞口名单内、产业直接性优先，同层按本次总市值降序取前3；非全行业市值排名,2026-10-08T22:22:11+08:00,中,已核验窗口内官方/指定媒体报道，需人工判断影响,news_94116cfc5fb85231,地缘,乌克兰首都遭袭 已致2人死亡,2026-10-07T14:39:30+08:00,秒/分,窗口内,央视新闻,https://news.cctv.com/2026/10/07/ARTIxdt1bDhMBP6EeiRZWDQx261007.shtml,正文未提取，仅据标题；关联依据不足须复核,NA,黄金资源,黄金报价上升或避险需求→黄金矿山售金收入弹性；实际利润还取决于成本、套保和产量。,601899,紫金矿业,29.37,20261008,腾讯全市场+带日期批量报价核验,11.54,用户2026-10-08产业链基准（原任务书指定），须持续核验最新业务结构,产业链研究观察,仅条件性传导，真实利润取决于产品结构、销量、成本和合同；种子/题材不豁免硬筛和风险闸。
逐事件语义复核@2026-10-08；事实：乌克兰首都遭袭 已致2人死亡；事件分类为研判；涉及表态/转述/预期的标题不当作行动已发生。地缘类仅列风险敏感行业，方向需核实。,条件受益,2,黄金开采，上游黄金售价与成本敞口,用户2026-10-08产业链基准（原任务书指定），须持续核验最新业务结构,121840000000.00002,600547 山东黄金；600489 中金黄金；601899 紫金矿业,有业务敞口名单内、产业直接性优先，同层按本次总市值降序取前3；非全行业市值排名,2026-10-08T22:22:11+08:00,中,已核验窗口内官方/指定媒体报道，需人工判断影响,news_94116cfc5fb85231,地缘,乌克兰首都遭袭 已致2人死亡,2026-10-07T14:39:30+08:00,秒/分,窗口内,央视新闻,https://news.cctv.com/2026/10/07/ARTIxdt1bDhMBP6EeiRZWDQx261007.shtml,正文未提取，仅据标题；关联依据不足须复核,NA,黄金资源,黄金报价上升或避险需求→黄金矿山售金收入弹性；实际利润还取决于成本、套保和产量。,600547,山东黄金,26.43,20261008,腾讯全市场+带日期批量报价核验,22.26,用户2026-10-08产业链基准（原任务书指定），须持续核验最新业务结构,产业链研究观察,仅条件性传导，真实利润取决于产品结构、销量、成本和合同；种子/题材不豁免硬筛和风险闸。
逐事件语义复核@2026-10-08；事实：乌克兰首都遭袭 已致2人死亡；事件分类为研判；涉及表态/转述/预期的标题不当作行动已发生。地缘类仅列风险敏感行业，方向需核实。,条件受益,2,黄金采选冶，上游黄金售价与成本敞口,用户2026-10-08产业链基准（原任务书指定），须持续核验最新业务结构,104120000000.0,600547 山东黄金；600489 中金黄金；601899 紫金矿业,有业务敞口名单内、产业直接性优先，同层按本次总市值降序取前3；非全行业市值排名,2026-10-08T22:22:11+08:00,中,已核验窗口内官方/指定媒体报道，需人工判断影响,news_94116cfc5fb85231,地缘,乌克兰首都遭袭 已致2人死亡,2026-10-07T14:39:30+08:00,秒/分,窗口内,央视新闻,https://news.cctv.com/2026/10/07/ARTIxdt1bDhMBP6EeiRZWDQx261007.shtml,正文未提取，仅据标题；关联依据不足须复核,NA,黄金资源,黄金报价上升或避险需求→黄金矿山售金收入弹性；实际利润还取决于成本、套保和产量。,600489,中金黄金,21.48,20261008,腾讯全市场+带日期批量报价核验,15.79,用户2026-10-08产业链基准（原任务书指定），须持续核验最新业务结构,产业链研究观察,仅条件性传导，真实利润取决于产品结构、销量、成本和合同；种子/题材不豁免硬筛和风险闸。
逐事件语义复核@2026-10-08；事实：乌克兰首都遭袭 已致2人死亡；事件分类为研判；涉及表态/转述/预期的标题不当作行动已发生。地缘类仅列风险敏感行业，方向需核实。,方向待人工确认,3,油运及其他航运，航线/运价与运力敞口,用户2026-10-08产业链基准（原任务书指定），须持续核验最新业务结构,177882000000.0,600026 中远海能；601872 招商轮船,有业务敞口名单内、产业直接性优先，同层按本次总市值降序取前3；非全行业市值排名,2026-10-08T22:22:11+08:00,中,已核验窗口内官方/指定媒体报道，需人工判断影响,news_94116cfc5fb85231,地缘,乌克兰首都遭袭 已致2人死亡,2026-10-07T14:39:30+08:00,秒/分,窗口内,央视新闻,https://news.cctv.com/2026/10/07/ARTIxdt1bDhMBP6EeiRZWDQx261007.shtml,正文未提取，仅据标题；关联依据不足须复核,NA,油运,冲突/航道扰动→绕航吨海里与油运运价可能上升；同时燃料、保险和封航风险上升，油价上涨本身不证明油运盈利增加。,601872,招商轮船,22.03,20261008,腾讯全市场+带日期批量报价核验,16.4,用户2026-10-08产业链基准（原任务书指定），须持续核验最新业务结构,产业链研究观察,仅条件性传导，真实利润取决于产品结构、销量、成本和合同；种子/题材不豁免硬筛和风险闸。
逐事件语义复核@2026-10-08；事实：乌克兰首都遭袭 已致2人死亡；事件分类为研判；涉及表态/转述/预期的标题不当作行动已发生。地缘类仅列风险敏感行业，方向需核实。,方向待人工确认,3,油轮运输，吨海里与运价敞口；燃料及保险成本风险,用户2026-10-08产业链基准（原任务书指定），须持续核验最新业务结构,123759999999.99998,600026 中远海能；601872 招商轮船,有业务敞口名单内、产业直接性优先，同层按本次总市值降序取前3；非全行业市值排名,2026-10-08T22:22:11+08:00,中,已核验窗口内官方/指定媒体报道，需人工判断影响,news_94116cfc5fb85231,地缘,乌克兰首都遭袭 已致2人死亡,2026-10-07T14:39:30+08:00,秒/分,窗口内,央视新闻,https://news.cctv.com/2026/10/07/ARTIxdt1bDhMBP6EeiRZWDQx261007.shtml,正文未提取，仅据标题；关联依据不足须复核,NA,油运,冲突/航道扰动→绕航吨海里与油运运价可能上升；同时燃料、保险和封航风险上升，油价上涨本身不证明油运盈利增加。,600026,中远海能,22.62,20261008,腾讯全市场+带日期批量报价核验,18.43,用户2026-10-08产业链基准（原任务书指定），须持续核验最新业务结构,产业链研究观察,仅条件性传导，真实利润取决于产品结构、销量、成本和合同；种子/题材不豁免硬筛和风险闸。
逐事件语义复核@2026-10-08；事实：国际观察丨巴以冲突爆发三年 和平曙光依然难见；事件分类为研判；涉及表态/转述/预期的标题不当作行动已发生。地缘类仅列风险敏感行业，方向需核实。,上游条件受益、油服间接受益,1,原油及天然气勘探、开发、生产，上游实现售价敞口,中国海油官网公司简介 https://www.cnoocltd.com/index.html 核验2026-10-08,1624099000000.0,600938 中国海油；601808 中海油服；600339 中油工程；600583 海油工程,有业务敞口名单内、产业直接性优先，同层按本次总市值降序取前3；非全行业市值排名,2026-10-08T22:22:11+08:00,中,已核验窗口内官方/指定媒体报道，需人工判断影响,news_4a6ac5adf649798d,地缘,国际观察丨巴以冲突爆发三年 和平曙光依然难见,2026-10-07T00:00:00+08:00,日（时刻NA）,窗口内（仅日期）,新华社,https://www.news.cn/world/20261007/90e9686aa24c44718179189d85a1ffc3/c.html,正文未提取，仅据标题；关联依据不足须复核,NA,油气上游/油服,原油涨价→上游售油实现价格可能提高（中国海油）；持续高油价才可能推动资本开支→中海油服钻井服务需求/日费率；工程公司还需订单兑现，不能等同即期利润增长。,600938,中国海油,34.17,20261008,腾讯全市场+带日期批量报价核验,11.74,中国海油官网公司简介 https://www.cnoocltd.com/index.html 核验2026-10-08,产业链研究观察,仅条件性传导，真实利润取决于产品结构、销量、成本和合同；种子/题材不豁免硬筛和风险闸。
逐事件语义复核@2026-10-08；事实：国际观察丨巴以冲突爆发三年 和平曙光依然难见；事件分类为研判；涉及表态/转述/预期的标题不当作行动已发生。地缘类仅列风险敏感行业，方向需核实。,上游条件受益、油服间接受益,1,油田技术/钻井服务，上游资本开支与日费率敞口，非直接售油企业,中海油服官方公司介绍 https://www.cosl.com.cn/attach/0/999dd62f9a1749e59c21e7097d2e2a7e.pdf 核验2026-10-08,59930999999.99999,600938 中国海油；601808 中海油服；600339 中油工程；600583 海油工程,有业务敞口名单内、产业直接性优先，同层按本次总市值降序取前3；非全行业市值排名,2026-10-08T22:22:11+08:00,中,已核验窗口内官方/指定媒体报道，需人工判断影响,news_4a6ac5adf649798d,地缘,国际观察丨巴以冲突爆发三年 和平曙光依然难见,2026-10-07T00:00:00+08:00,日（时刻NA）,窗口内（仅日期）,新华社,https://www.news.cn/world/20261007/90e9686aa24c44718179189d85a1ffc3/c.html,正文未提取，仅据标题；关联依据不足须复核,NA,油气上游/油服,原油涨价→上游售油实现价格可能提高（中国海油）；持续高油价才可能推动资本开支→中海油服钻井服务需求/日费率；工程公司还需订单兑现，不能等同即期利润增长。,601808,中海油服,12.56,20261008,腾讯全市场+带日期批量报价核验,15.42,中海油服官方公司介绍 https://www.cosl.com.cn/attach/0/999dd62f9a1749e59c21e7097d2e2a7e.pdf 核验2026-10-08,产业链研究观察,仅条件性传导，真实利润取决于产品结构、销量、成本和合同；种子/题材不豁免硬筛和风险闸。
逐事件语义复核@2026-10-08；事实：国际观察丨巴以冲突爆发三年 和平曙光依然难见；事件分类为研判；涉及表态/转述/预期的标题不当作行动已发生。地缘类仅列风险敏感行业，方向需核实。,上游条件受益、油服间接受益,1,海洋油气工程，工程订单与投资周期敞口,用户2026-10-08产业链基准（原任务书指定），须持续核验最新业务结构,29225000000.0,600938 中国海油；601808 中海油服；600339 中油工程；600583 海油工程,有业务敞口名单内、产业直接性优先，同层按本次总市值降序取前3；非全行业市值排名,2026-10-08T22:22:11+08:00,中,已核验窗口内官方/指定媒体报道，需人工判断影响,news_4a6ac5adf649798d,地缘,国际观察丨巴以冲突爆发三年 和平曙光依然难见,2026-10-07T00:00:00+08:00,日（时刻NA）,窗口内（仅日期）,新华社,https://www.news.cn/world/20261007/90e9686aa24c44718179189d85a1ffc3/c.html,正文未提取，仅据标题；关联依据不足须复核,NA,油气上游/油服,原油涨价→上游售油实现价格可能提高（中国海油）；持续高油价才可能推动资本开支→中海油服钻井服务需求/日费率；工程公司还需订单兑现，不能等同即期利润增长。,600583,海油工程,6.61,20261008,腾讯全市场+带日期批量报价核验,14.07,用户2026-10-08产业链基准（原任务书指定），须持续核验最新业务结构,产业链研究观察,仅条件性传导，真实利润取决于产品结构、销量、成本和合同；种子/题材不豁免硬筛和风险闸。
逐事件语义复核@2026-10-08；事实：国际观察丨巴以冲突爆发三年 和平曙光依然难见；事件分类为研判；涉及表态/转述/预期的标题不当作行动已发生。地缘类仅列风险敏感行业，方向需核实。,条件受益,2,铜金等多金属采选，非纯黄金公司,用户2026-10-08产业链基准（原任务书指定），须持续核验最新业务结构,780972000000.0,600547 山东黄金；600489 中金黄金；601899 紫金矿业,有业务敞口名单内、产业直接性优先，同层按本次总市值降序取前3；非全行业市值排名,2026-10-08T22:22:11+08:00,中,已核验窗口内官方/指定媒体报道，需人工判断影响,news_4a6ac5adf649798d,地缘,国际观察丨巴以冲突爆发三年 和平曙光依然难见,2026-10-07T00:00:00+08:00,日（时刻NA）,窗口内（仅日期）,新华社,https://www.news.cn/world/20261007/90e9686aa24c44718179189d85a1ffc3/c.html,正文未提取，仅据标题；关联依据不足须复核,NA,黄金资源,黄金报价上升或避险需求→黄金矿山售金收入弹性；实际利润还取决于成本、套保和产量。,601899,紫金矿业,29.37,20261008,腾讯全市场+带日期批量报价核验,11.54,用户2026-10-08产业链基准（原任务书指定），须持续核验最新业务结构,产业链研究观察,仅条件性传导，真实利润取决于产品结构、销量、成本和合同；种子/题材不豁免硬筛和风险闸。
逐事件语义复核@2026-10-08；事实：国际观察丨巴以冲突爆发三年 和平曙光依然难见；事件分类为研判；涉及表态/转述/预期的标题不当作行动已发生。地缘类仅列风险敏感行业，方向需核实。,条件受益,2,黄金开采，上游黄金售价与成本敞口,用户2026-10-08产业链基准（原任务书指定），须持续核验最新业务结构,121840000000.00002,600547 山东黄金；600489 中金黄金；601899 紫金矿业,有业务敞口名单内、产业直接性优先，同层按本次总市值降序取前3；非全行业市值排名,2026-10-08T22:22:11+08:00,中,已核验窗口内官方/指定媒体报道，需人工判断影响,news_4a6ac5adf649798d,地缘,国际观察丨巴以冲突爆发三年 和平曙光依然难见,2026-10-07T00:00:00+08:00,日（时刻NA）,窗口内（仅日期）,新华社,https://www.news.cn/world/20261007/90e9686aa24c44718179189d85a1ffc3/c.html,正文未提取，仅据标题；关联依据不足须复核,NA,黄金资源,黄金报价上升或避险需求→黄金矿山售金收入弹性；实际利润还取决于成本、套保和产量。,600547,山东黄金,26.43,20261008,腾讯全市场+带日期批量报价核验,22.26,用户2026-10-08产业链基准（原任务书指定），须持续核验最新业务结构,产业链研究观察,仅条件性传导，真实利润取决于产品结构、销量、成本和合同；种子/题材不豁免硬筛和风险闸。
逐事件语义复核@2026-10-08；事实：国际观察丨巴以冲突爆发三年 和平曙光依然难见；事件分类为研判；涉及表态/转述/预期的标题不当作行动已发生。地缘类仅列风险敏感行业，方向需核实。,条件受益,2,黄金采选冶，上游黄金售价与成本敞口,用户2026-10-08产业链基准（原任务书指定），须持续核验最新业务结构,104120000000.0,600547 山东黄金；600489 中金黄金；601899 紫金矿业,有业务敞口名单内、产业直接性优先，同层按本次总市值降序取前3；非全行业市值排名,2026-10-08T22:22:11+08:00,中,已核验窗口内官方/指定媒体报道，需人工判断影响,news_4a6ac5adf649798d,地缘,国际观察丨巴以冲突爆发三年 和平曙光依然难见,2026-10-07T00:00:00+08:00,日（时刻NA）,窗口内（仅日期）,新华社,https://www.news.cn/world/20261007/90e9686aa24c44718179189d85a1ffc3/c.html,正文未提取，仅据标题；关联依据不足须复核,NA,黄金资源,黄金报价上升或避险需求→黄金矿山售金收入弹性；实际利润还取决于成本、套保和产量。,600489,中金黄金,21.48,20261008,腾讯全市场+带日期批量报价核验,15.79,用户2026-10-08产业链基准（原任务书指定），须持续核验最新业务结构,产业链研究观察,仅条件性传导，真实利润取决于产品结构、销量、成本和合同；种子/题材不豁免硬筛和风险闸。
逐事件语义复核@2026-10-08；事实：国际观察丨巴以冲突爆发三年 和平曙光依然难见；事件分类为研判；涉及表态/转述/预期的标题不当作行动已发生。地缘类仅列风险敏感行业，方向需核实。,方向待人工确认,3,油运及其他航运，航线/运价与运力敞口,用户2026-10-08产业链基准（原任务书指定），须持续核验最新业务结构,177882000000.0,600026 中远海能；601872 招商轮船,有业务敞口名单内、产业直接性优先，同层按本次总市值降序取前3；非全行业市值排名,2026-10-08T22:22:11+08:00,中,已核验窗口内官方/指定媒体报道，需人工判断影响,news_4a6ac5adf649798d,地缘,国际观察丨巴以冲突爆发三年 和平曙光依然难见,2026-10-07T00:00:00+08:00,日（时刻NA）,窗口内（仅日期）,新华社,https://www.news.cn/world/20261007/90e9686aa24c44718179189d85a1ffc3/c.html,正文未提取，仅据标题；关联依据不足须复核,NA,油运,冲突/航道扰动→绕航吨海里与油运运价可能上升；同时燃料、保险和封航风险上升，油价上涨本身不证明油运盈利增加。,601872,招商轮船,22.03,20261008,腾讯全市场+带日期批量报价核验,16.4,用户2026-10-08产业链基准（原任务书指定），须持续核验最新业务结构,产业链研究观察,仅条件性传导，真实利润取决于产品结构、销量、成本和合同；种子/题材不豁免硬筛和风险闸。
逐事件语义复核@2026-10-08；事实：国际观察丨巴以冲突爆发三年 和平曙光依然难见；事件分类为研判；涉及表态/转述/预期的标题不当作行动已发生。地缘类仅列风险敏感行业，方向需核实。,方向待人工确认,3,油轮运输，吨海里与运价敞口；燃料及保险成本风险,用户2026-10-08产业链基准（原任务书指定），须持续核验最新业务结构,123759999999.99998,600026 中远海能；601872 招商轮船,有业务敞口名单内、产业直接性优先，同层按本次总市值降序取前3；非全行业市值排名,2026-10-08T22:22:11+08:00,中,已核验窗口内官方/指定媒体报道，需人工判断影响,news_4a6ac5adf649798d,地缘,国际观察丨巴以冲突爆发三年 和平曙光依然难见,2026-10-07T00:00:00+08:00,日（时刻NA）,窗口内（仅日期）,新华社,https://www.news.cn/world/20261007/90e9686aa24c44718179189d85a1ffc3/c.html,正文未提取，仅据标题；关联依据不足须复核,NA,油运,冲突/航道扰动→绕航吨海里与油运运价可能上升；同时燃料、保险和封航风险上升，油价上涨本身不证明油运盈利增加。,600026,中远海能,22.62,20261008,腾讯全市场+带日期批量报价核验,18.43,用户2026-10-08产业链基准（原任务书指定），须持续核验最新业务结构,产业链研究观察,仅条件性传导，真实利润取决于产品结构、销量、成本和合同；种子/题材不豁免硬筛和风险闸。
逐事件语义复核@2026-10-08；事实：特朗普：对伊朗的军事行动 “必须收尾了”；事件分类为研判；涉及表态/转述/预期的标题不当作行动已发生。地缘类仅列风险敏感行业，方向需核实。,风险溢价回落可能承压,1,原油及天然气勘探、开发、生产，上游实现售价敞口,中国海油官网公司简介 https://www.cnoocltd.com/index.html 核验2026-10-08,1624099000000.0,600938 中国海油；601808 中海油服；600339 中油工程；600583 海油工程,有业务敞口名单内、产业直接性优先，同层按本次总市值降序取前3；非全行业市值排名,2026-10-08T22:22:11+08:00,中,已核验窗口内官方/指定媒体报道，需人工判断影响,news_d8b63c46370c35aa,地缘,特朗普：对伊朗的军事行动 “必须收尾了”,2026-10-07T00:00:00+08:00,日（时刻NA）,窗口内（仅日期）,新华社,https://www.news.cn/world/20261007/58af618ea6f0405a8ee68500dc0e39b1/c.html,正文未提取，仅据标题；关联依据不足须复核,NA,油气上游/油服,停火/缓和表态若落实→供应扰动溢价下降，上游实现油价可能承压；表态不等于停火生效。,600938,中国海油,34.17,20261008,腾讯全市场+带日期批量报价核验,11.74,中国海油官网公司简介 https://www.cnoocltd.com/index.html 核验2026-10-08,产业链研究观察,仅条件性传导，真实利润取决于产品结构、销量、成本和合同；种子/题材不豁免硬筛和风险闸。
逐事件语义复核@2026-10-08；事实：特朗普：对伊朗的军事行动 “必须收尾了”；事件分类为研判；涉及表态/转述/预期的标题不当作行动已发生。地缘类仅列风险敏感行业，方向需核实。,风险溢价回落可能承压,1,油田技术/钻井服务，上游资本开支与日费率敞口，非直接售油企业,中海油服官方公司介绍 https://www.cosl.com.cn/attach/0/999dd62f9a1749e59c21e7097d2e2a7e.pdf 核验2026-10-08,59930999999.99999,600938 中国海油；601808 中海油服；600339 中油工程；600583 海油工程,有业务敞口名单内、产业直接性优先，同层按本次总市值降序取前3；非全行业市值排名,2026-10-08T22:22:11+08:00,中,已核验窗口内官方/指定媒体报道，需人工判断影响,news_d8b63c46370c35aa,地缘,特朗普：对伊朗的军事行动 “必须收尾了”,2026-10-07T00:00:00+08:00,日（时刻NA）,窗口内（仅日期）,新华社,https://www.news.cn/world/20261007/58af618ea6f0405a8ee68500dc0e39b1/c.html,正文未提取，仅据标题；关联依据不足须复核,NA,油气上游/油服,停火/缓和表态若落实→供应扰动溢价下降，上游实现油价可能承压；表态不等于停火生效。,601808,中海油服,12.56,20261008,腾讯全市场+带日期批量报价核验,15.42,中海油服官方公司介绍 https://www.cosl.com.cn/attach/0/999dd62f9a1749e59c21e7097d2e2a7e.pdf 核验2026-10-08,产业链研究观察,仅条件性传导，真实利润取决于产品结构、销量、成本和合同；种子/题材不豁免硬筛和风险闸。
逐事件语义复核@2026-10-08；事实：特朗普：对伊朗的军事行动 “必须收尾了”；事件分类为研判；涉及表态/转述/预期的标题不当作行动已发生。地缘类仅列风险敏感行业，方向需核实。,风险溢价回落可能承压,1,海洋油气工程，工程订单与投资周期敞口,用户2026-10-08产业链基准（原任务书指定），须持续核验最新业务结构,29225000000.0,600938 中国海油；601808 中海油服；600339 中油工程；600583 海油工程,有业务敞口名单内、产业直接性优先，同层按本次总市值降序取前3；非全行业市值排名,2026-10-08T22:22:11+08:00,中,已核验窗口内官方/指定媒体报道，需人工判断影响,news_d8b63c46370c35aa,地缘,特朗普：对伊朗的军事行动 “必须收尾了”,2026-10-07T00:00:00+08:00,日（时刻NA）,窗口内（仅日期）,新华社,https://www.news.cn/world/20261007/58af618ea6f0405a8ee68500dc0e39b1/c.html,正文未提取，仅据标题；关联依据不足须复核,NA,油气上游/油服,停火/缓和表态若落实→供应扰动溢价下降，上游实现油价可能承压；表态不等于停火生效。,600583,海油工程,6.61,20261008,腾讯全市场+带日期批量报价核验,14.07,用户2026-10-08产业链基准（原任务书指定），须持续核验最新业务结构,产业链研究观察,仅条件性传导，真实利润取决于产品结构、销量、成本和合同；种子/题材不豁免硬筛和风险闸。
逐事件语义复核@2026-10-08；事实：特朗普：对伊朗的军事行动 “必须收尾了”；事件分类为研判；涉及表态/转述/预期的标题不当作行动已发生。地缘类仅列风险敏感行业，方向需核实。,避险溢价回落可能承压,2,铜金等多金属采选，非纯黄金公司,用户2026-10-08产业链基准（原任务书指定），须持续核验最新业务结构,780972000000.0,600547 山东黄金；600489 中金黄金；601899 紫金矿业,有业务敞口名单内、产业直接性优先，同层按本次总市值降序取前3；非全行业市值排名,2026-10-08T22:22:11+08:00,中,已核验窗口内官方/指定媒体报道，需人工判断影响,news_d8b63c46370c35aa,地缘,特朗普：对伊朗的军事行动 “必须收尾了”,2026-10-07T00:00:00+08:00,日（时刻NA）,窗口内（仅日期）,新华社,https://www.news.cn/world/20261007/58af618ea6f0405a8ee68500dc0e39b1/c.html,正文未提取，仅据标题；关联依据不足须复核,NA,黄金资源,若冲突风险缓解→避险需求可能下降；利率和美元仍可改变黄金方向。,601899,紫金矿业,29.37,20261008,腾讯全市场+带日期批量报价核验,11.54,用户2026-10-08产业链基准（原任务书指定），须持续核验最新业务结构,产业链研究观察,仅条件性传导，真实利润取决于产品结构、销量、成本和合同；种子/题材不豁免硬筛和风险闸。
逐事件语义复核@2026-10-08；事实：特朗普：对伊朗的军事行动 “必须收尾了”；事件分类为研判；涉及表态/转述/预期的标题不当作行动已发生。地缘类仅列风险敏感行业，方向需核实。,避险溢价回落可能承压,2,黄金开采，上游黄金售价与成本敞口,用户2026-10-08产业链基准（原任务书指定），须持续核验最新业务结构,121840000000.00002,600547 山东黄金；600489 中金黄金；601899 紫金矿业,有业务敞口名单内、产业直接性优先，同层按本次总市值降序取前3；非全行业市值排名,2026-10-08T22:22:11+08:00,中,已核验窗口内官方/指定媒体报道，需人工判断影响,news_d8b63c46370c35aa,地缘,特朗普：对伊朗的军事行动 “必须收尾了”,2026-10-07T00:00:00+08:00,日（时刻NA）,窗口内（仅日期）,新华社,https://www.news.cn/world/20261007/58af618ea6f0405a8ee68500dc0e39b1/c.html,正文未提取，仅据标题；关联依据不足须复核,NA,黄金资源,若冲突风险缓解→避险需求可能下降；利率和美元仍可改变黄金方向。,600547,山东黄金,26.43,20261008,腾讯全市场+带日期批量报价核验,22.26,用户2026-10-08产业链基准（原任务书指定），须持续核验最新业务结构,产业链研究观察,仅条件性传导，真实利润取决于产品结构、销量、成本和合同；种子/题材不豁免硬筛和风险闸。
逐事件语义复核@2026-10-08；事实：特朗普：对伊朗的军事行动 “必须收尾了”；事件分类为研判；涉及表态/转述/预期的标题不当作行动已发生。地缘类仅列风险敏感行业，方向需核实。,避险溢价回落可能承压,2,黄金采选冶，上游黄金售价与成本敞口,用户2026-10-08产业链基准（原任务书指定），须持续核验最新业务结构,104120000000.0,600547 山东黄金；600489 中金黄金；601899 紫金矿业,有业务敞口名单内、产业直接性优先，同层按本次总市值降序取前3；非全行业市值排名,2026-10-08T22:22:11+08:00,中,已核验窗口内官方/指定媒体报道，需人工判断影响,news_d8b63c46370c35aa,地缘,特朗普：对伊朗的军事行动 “必须收尾了”,2026-10-07T00:00:00+08:00,日（时刻NA）,窗口内（仅日期）,新华社,https://www.news.cn/world/20261007/58af618ea6f0405a8ee68500dc0e39b1/c.html,正文未提取，仅据标题；关联依据不足须复核,NA,黄金资源,若冲突风险缓解→避险需求可能下降；利率和美元仍可改变黄金方向。,600489,中金黄金,21.48,20261008,腾讯全市场+带日期批量报价核验,15.79,用户2026-10-08产业链基准（原任务书指定），须持续核验最新业务结构,产业链研究观察,仅条件性传导，真实利润取决于产品结构、销量、成本和合同；种子/题材不豁免硬筛和风险闸。
逐事件语义复核@2026-10-08；事实：特朗普：对伊朗的军事行动 “必须收尾了”；事件分类为研判；涉及表态/转述/预期的标题不当作行动已发生。地缘类仅列风险敏感行业，方向需核实。,待人工确认,3,油运及其他航运，航线/运价与运力敞口,用户2026-10-08产业链基准（原任务书指定），须持续核验最新业务结构,177882000000.0,600026 中远海能；601872 招商轮船,有业务敞口名单内、产业直接性优先，同层按本次总市值降序取前3；非全行业市值排名,2026-10-08T22:22:11+08:00,中,已核验窗口内官方/指定媒体报道，需人工判断影响,news_d8b63c46370c35aa,地缘,特朗普：对伊朗的军事行动 “必须收尾了”,2026-10-07T00:00:00+08:00,日（时刻NA）,窗口内（仅日期）,新华社,https://www.news.cn/world/20261007/58af618ea6f0405a8ee68500dc0e39b1/c.html,正文未提取，仅据标题；关联依据不足须复核,NA,油运,若航道恢复→绕航吨海里下降可能压运价，但保险与燃料成本也下降，净效应待核实。,601872,招商轮船,22.03,20261008,腾讯全市场+带日期批量报价核验,16.4,用户2026-10-08产业链基准（原任务书指定），须持续核验最新业务结构,产业链研究观察,仅条件性传导，真实利润取决于产品结构、销量、成本和合同；种子/题材不豁免硬筛和风险闸。
逐事件语义复核@2026-10-08；事实：特朗普：对伊朗的军事行动 “必须收尾了”；事件分类为研判；涉及表态/转述/预期的标题不当作行动已发生。地缘类仅列风险敏感行业，方向需核实。,待人工确认,3,油轮运输，吨海里与运价敞口；燃料及保险成本风险,用户2026-10-08产业链基准（原任务书指定），须持续核验最新业务结构,123759999999.99998,600026 中远海能；601872 招商轮船,有业务敞口名单内、产业直接性优先，同层按本次总市值降序取前3；非全行业市值排名,2026-10-08T22:22:11+08:00,中,已核验窗口内官方/指定媒体报道，需人工判断影响,news_d8b63c46370c35aa,地缘,特朗普：对伊朗的军事行动 “必须收尾了”,2026-10-07T00:00:00+08:00,日（时刻NA）,窗口内（仅日期）,新华社,https://www.news.cn/world/20261007/58af618ea6f0405a8ee68500dc0e39b1/c.html,正文未提取，仅据标题；关联依据不足须复核,NA,油运,若航道恢复→绕航吨海里下降可能压运价，但保险与燃料成本也下降，净效应待核实。,600026,中远海能,22.62,20261008,腾讯全市场+带日期批量报价核验,18.43,用户2026-10-08产业链基准（原任务书指定），须持续核验最新业务结构,产业链研究观察,仅条件性传导，真实利润取决于产品结构、销量、成本和合同；种子/题材不豁免硬筛和风险闸。
待人工确认：尚无逐事件事实与方向复核，不通过正文词语自动选择产业,待人工确认,NA,NA,NA,NA,NA,NA,2026-10-08T22:22:11+08:00,中,已核验窗口内官方/指定媒体报道，需人工判断影响,news_3f4b1273ac6df203,地缘,俄罗斯总统助理、海事委员会主席帕特鲁舍夫将访华,2026-10-07T00:00:00+08:00,日（时刻NA）,窗口内（仅日期）,新华社,https://www.news.cn/world/20261007/95a47c15987348739de6d5ed1fecd6df/c.html,正文未提取，仅据标题；关联依据不足须复核,NA,待人工确认,待人工确认：尚无逐事件事实与方向复核，不通过正文词语自动选择产业,NA,NA,NA,NA,NA,NA,NA,待人工确认,未完成事件语义复核，不把词语相似当业务受益；无符合当前已核验映射的标的。
逐事件语义复核@2026-10-08；事实：热点问答丨沙土巴防务联盟能否遏制胡塞武装袭击；事件分类为研判；涉及表态/转述/预期的标题不当作行动已发生。地缘类仅列风险敏感行业，方向需核实。,上游条件受益、油服间接受益,1,原油及天然气勘探、开发、生产，上游实现售价敞口,中国海油官网公司简介 https://www.cnoocltd.com/index.html 核验2026-10-08,1624099000000.0,600938 中国海油；601808 中海油服；600339 中油工程；600583 海油工程,有业务敞口名单内、产业直接性优先，同层按本次总市值降序取前3；非全行业市值排名,2026-10-08T22:22:11+08:00,中,已核验窗口内官方/指定媒体报道，需人工判断影响,news_9f04837ca6019e3c,地缘,热点问答丨沙土巴防务联盟能否遏制胡塞武装袭击,2026-10-07T00:00:00+08:00,日（时刻NA）,窗口内（仅日期）,新华社,https://www.news.cn/world/20261007/c06199135d8f4897ac195b4ab96a3199/c.html,正文未提取，仅据标题；关联依据不足须复核,NA,油气上游/油服,原油涨价→上游售油实现价格可能提高（中国海油）；持续高油价才可能推动资本开支→中海油服钻井服务需求/日费率；工程公司还需订单兑现，不能等同即期利润增长。,600938,中国海油,34.17,20261008,腾讯全市场+带日期批量报价核验,11.74,中国海油官网公司简介 https://www.cnoocltd.com/index.html 核验2026-10-08,产业链研究观察,仅条件性传导，真实利润取决于产品结构、销量、成本和合同；种子/题材不豁免硬筛和风险闸。
逐事件语义复核@2026-10-08；事实：热点问答丨沙土巴防务联盟能否遏制胡塞武装袭击；事件分类为研判；涉及表态/转述/预期的标题不当作行动已发生。地缘类仅列风险敏感行业，方向需核实。,上游条件受益、油服间接受益,1,油田技术/钻井服务，上游资本开支与日费率敞口，非直接售油企业,中海油服官方公司介绍 https://www.cosl.com.cn/attach/0/999dd62f9a1749e59c21e7097d2e2a7e.pdf 核验2026-10-08,59930999999.99999,600938 中国海油；601808 中海油服；600339 中油工程；600583 海油工程,有业务敞口名单内、产业直接性优先，同层按本次总市值降序取前3；非全行业市值排名,2026-10-08T22:22:11+08:00,中,已核验窗口内官方/指定媒体报道，需人工判断影响,news_9f04837ca6019e3c,地缘,热点问答丨沙土巴防务联盟能否遏制胡塞武装袭击,2026-10-07T00:00:00+08:00,日（时刻NA）,窗口内（仅日期）,新华社,https://www.news.cn/world/20261007/c06199135d8f4897ac195b4ab96a3199/c.html,正文未提取，仅据标题；关联依据不足须复核,NA,油气上游/油服,原油涨价→上游售油实现价格可能提高（中国海油）；持续高油价才可能推动资本开支→中海油服钻井服务需求/日费率；工程公司还需订单兑现，不能等同即期利润增长。,601808,中海油服,12.56,20261008,腾讯全市场+带日期批量报价核验,15.42,中海油服官方公司介绍 https://www.cosl.com.cn/attach/0/999dd62f9a1749e59c21e7097d2e2a7e.pdf 核验2026-10-08,产业链研究观察,仅条件性传导，真实利润取决于产品结构、销量、成本和合同；种子/题材不豁免硬筛和风险闸。
逐事件语义复核@2026-10-08；事实：热点问答丨沙土巴防务联盟能否遏制胡塞武装袭击；事件分类为研判；涉及表态/转述/预期的标题不当作行动已发生。地缘类仅列风险敏感行业，方向需核实。,上游条件受益、油服间接受益,1,海洋油气工程，工程订单与投资周期敞口,用户2026-10-08产业链基准（原任务书指定），须持续核验最新业务结构,29225000000.0,600938 中国海油；601808 中海油服；600339 中油工程；600583 海油工程,有业务敞口名单内、产业直接性优先，同层按本次总市值降序取前3；非全行业市值排名,2026-10-08T22:22:11+08:00,中,已核验窗口内官方/指定媒体报道，需人工判断影响,news_9f04837ca6019e3c,地缘,热点问答丨沙土巴防务联盟能否遏制胡塞武装袭击,2026-10-07T00:00:00+08:00,日（时刻NA）,窗口内（仅日期）,新华社,https://www.news.cn/world/20261007/c06199135d8f4897ac195b4ab96a3199/c.html,正文未提取，仅据标题；关联依据不足须复核,NA,油气上游/油服,原油涨价→上游售油实现价格可能提高（中国海油）；持续高油价才可能推动资本开支→中海油服钻井服务需求/日费率；工程公司还需订单兑现，不能等同即期利润增长。,600583,海油工程,6.61,20261008,腾讯全市场+带日期批量报价核验,14.07,用户2026-10-08产业链基准（原任务书指定），须持续核验最新业务结构,产业链研究观察,仅条件性传导，真实利润取决于产品结构、销量、成本和合同；种子/题材不豁免硬筛和风险闸。
逐事件语义复核@2026-10-08；事实：热点问答丨沙土巴防务联盟能否遏制胡塞武装袭击；事件分类为研判；涉及表态/转述/预期的标题不当作行动已发生。地缘类仅列风险敏感行业，方向需核实。,条件受益,2,铜金等多金属采选，非纯黄金公司,用户2026-10-08产业链基准（原任务书指定），须持续核验最新业务结构,780972000000.0,600547 山东黄金；600489 中金黄金；601899 紫金矿业,有业务敞口名单内、产业直接性优先，同层按本次总市值降序取前3；非全行业市值排名,2026-10-08T22:22:11+08:00,中,已核验窗口内官方/指定媒体报道，需人工判断影响,news_9f04837ca6019e3c,地缘,热点问答丨沙土巴防务联盟能否遏制胡塞武装袭击,2026-10-07T00:00:00+08:00,日（时刻NA）,窗口内（仅日期）,新华社,https://www.news.cn/world/20261007/c06199135d8f4897ac195b4ab96a3199/c.html,正文未提取，仅据标题；关联依据不足须复核,NA,黄金资源,黄金报价上升或避险需求→黄金矿山售金收入弹性；实际利润还取决于成本、套保和产量。,601899,紫金矿业,29.37,20261008,腾讯全市场+带日期批量报价核验,11.54,用户2026-10-08产业链基准（原任务书指定），须持续核验最新业务结构,产业链研究观察,仅条件性传导，真实利润取决于产品结构、销量、成本和合同；种子/题材不豁免硬筛和风险闸。
逐事件语义复核@2026-10-08；事实：热点问答丨沙土巴防务联盟能否遏制胡塞武装袭击；事件分类为研判；涉及表态/转述/预期的标题不当作行动已发生。地缘类仅列风险敏感行业，方向需核实。,条件受益,2,黄金开采，上游黄金售价与成本敞口,用户2026-10-08产业链基准（原任务书指定），须持续核验最新业务结构,121840000000.00002,600547 山东黄金；600489 中金黄金；601899 紫金矿业,有业务敞口名单内、产业直接性优先，同层按本次总市值降序取前3；非全行业市值排名,2026-10-08T22:22:11+08:00,中,已核验窗口内官方/指定媒体报道，需人工判断影响,news_9f04837ca6019e3c,地缘,热点问答丨沙土巴防务联盟能否遏制胡塞武装袭击,2026-10-07T00:00:00+08:00,日（时刻NA）,窗口内（仅日期）,新华社,https://www.news.cn/world/20261007/c06199135d8f4897ac195b4ab96a3199/c.html,正文未提取，仅据标题；关联依据不足须复核,NA,黄金资源,黄金报价上升或避险需求→黄金矿山售金收入弹性；实际利润还取决于成本、套保和产量。,600547,山东黄金,26.43,20261008,腾讯全市场+带日期批量报价核验,22.26,用户2026-10-08产业链基准（原任务书指定），须持续核验最新业务结构,产业链研究观察,仅条件性传导，真实利润取决于产品结构、销量、成本和合同；种子/题材不豁免硬筛和风险闸。
逐事件语义复核@2026-10-08；事实：热点问答丨沙土巴防务联盟能否遏制胡塞武装袭击；事件分类为研判；涉及表态/转述/预期的标题不当作行动已发生。地缘类仅列风险敏感行业，方向需核实。,条件受益,2,黄金采选冶，上游黄金售价与成本敞口,用户2026-10-08产业链基准（原任务书指定），须持续核验最新业务结构,104120000000.0,600547 山东黄金；600489 中金黄金；601899 紫金矿业,有业务敞口名单内、产业直接性优先，同层按本次总市值降序取前3；非全行业市值排名,2026-10-08T22:22:11+08:00,中,已核验窗口内官方/指定媒体报道，需人工判断影响,news_9f04837ca6019e3c,地缘,热点问答丨沙土巴防务联盟能否遏制胡塞武装袭击,2026-10-07T00:00:00+08:00,日（时刻NA）,窗口内（仅日期）,新华社,https://www.news.cn/world/20261007/c06199135d8f4897ac195b4ab96a3199/c.html,正文未提取，仅据标题；关联依据不足须复核,NA,黄金资源,黄金报价上升或避险需求→黄金矿山售金收入弹性；实际利润还取决于成本、套保和产量。,600489,中金黄金,21.48,20261008,腾讯全市场+带日期批量报价核验,15.79,用户2026-10-08产业链基准（原任务书指定），须持续核验最新业务结构,产业链研究观察,仅条件性传导，真实利润取决于产品结构、销量、成本和合同；种子/题材不豁免硬筛和风险闸。
逐事件语义复核@2026-10-08；事实：热点问答丨沙土巴防务联盟能否遏制胡塞武装袭击；事件分类为研判；涉及表态/转述/预期的标题不当作行动已发生。地缘类仅列风险敏感行业，方向需核实。,方向待人工确认,3,油运及其他航运，航线/运价与运力敞口,用户2026-10-08产业链基准（原任务书指定），须持续核验最新业务结构,177882000000.0,600026 中远海能；601872 招商轮船,有业务敞口名单内、产业直接性优先，同层按本次总市值降序取前3；非全行业市值排名,2026-10-08T22:22:11+08:00,中,已核验窗口内官方/指定媒体报道，需人工判断影响,news_9f04837ca6019e3c,地缘,热点问答丨沙土巴防务联盟能否遏制胡塞武装袭击,2026-10-07T00:00:00+08:00,日（时刻NA）,窗口内（仅日期）,新华社,https://www.news.cn/world/20261007/c06199135d8f4897ac195b4ab96a3199/c.html,正文未提取，仅据标题；关联依据不足须复核,NA,油运,冲突/航道扰动→绕航吨海里与油运运价可能上升；同时燃料、保险和封航风险上升，油价上涨本身不证明油运盈利增加。,601872,招商轮船,22.03,20261008,腾讯全市场+带日期批量报价核验,16.4,用户2026-10-08产业链基准（原任务书指定），须持续核验最新业务结构,产业链研究观察,仅条件性传导，真实利润取决于产品结构、销量、成本和合同；种子/题材不豁免硬筛和风险闸。
逐事件语义复核@2026-10-08；事实：热点问答丨沙土巴防务联盟能否遏制胡塞武装袭击；事件分类为研判；涉及表态/转述/预期的标题不当作行动已发生。地缘类仅列风险敏感行业，方向需核实。,方向待人工确认,3,油轮运输，吨海里与运价敞口；燃料及保险成本风险,用户2026-10-08产业链基准（原任务书指定），须持续核验最新业务结构,123759999999.99998,600026 中远海能；601872 招商轮船,有业务敞口名单内、产业直接性优先，同层按本次总市值降序取前3；非全行业市值排名,2026-10-08T22:22:11+08:00,中,已核验窗口内官方/指定媒体报道，需人工判断影响,news_9f04837ca6019e3c,地缘,热点问答丨沙土巴防务联盟能否遏制胡塞武装袭击,2026-10-07T00:00:00+08:00,日（时刻NA）,窗口内（仅日期）,新华社,https://www.news.cn/world/20261007/c06199135d8f4897ac195b4ab96a3199/c.html,正文未提取，仅据标题；关联依据不足须复核,NA,油运,冲突/航道扰动→绕航吨海里与油运运价可能上升；同时燃料、保险和封航风险上升，油价上涨本身不证明油运盈利增加。,600026,中远海能,22.62,20261008,腾讯全市场+带日期批量报价核验,18.43,用户2026-10-08产业链基准（原任务书指定），须持续核验最新业务结构,产业链研究观察,仅条件性传导，真实利润取决于产品结构、销量、成本和合同；种子/题材不豁免硬筛和风险闸。
美联储官网发布主体，金融条件传导；方向待人工确认,待人工确认,1,银行，利差/信用成本/资产估值敞口,金融行业定向业务名单；仅银行/券商/保险，不从新闻关键词匹配；最新业务占比待核实,1051920000000.0001,600036 招商银行；600030 中信证券；601318 中国平安,有业务敞口名单内、产业直接性优先，同层按本次总市值降序取前3；非全行业市值排名,2026-10-08T22:22:11+08:00,中,已核验窗口内官方/指定媒体报道，需人工判断影响,news_c1f0a867690795e8,海外,"Bowman, Modernizing the Regulatory and Supervisory Landscape",2026-10-06T22:45:00+08:00,秒/分,窗口内,美联储讲话,https://www.federalreserve.gov/newsevents/speech/bowman20261006a.htm,正文未提取，仅据标题；关联依据不足须复核,NA,银行/券商/保险,美联储政策/讲话→美元利率与资金条件→银行利差、券商风险偏好、保险资产负债估值；鹰鸽方向及人民币利率传导未明确前不宣称受益。仅银行/券商/保险。,600036,招商银行,41.71,20261008,腾讯全市场+带日期批量报价核验,6.93,金融行业定向业务名单；仅银行/券商/保险，不从新闻关键词匹配；最新业务占比待核实,产业链研究观察,仅条件性传导，真实利润取决于产品结构、销量、成本和合同；种子/题材不豁免硬筛和风险闸。
美联储官网发布主体，金融条件传导；方向待人工确认,待人工确认,1,券商，资本市场估值与交易活跃度敞口,金融行业定向业务名单；仅银行/券商/保险，不从新闻关键词匹配；最新业务占比待核实,396857000000.0,600036 招商银行；600030 中信证券；601318 中国平安,有业务敞口名单内、产业直接性优先，同层按本次总市值降序取前3；非全行业市值排名,2026-10-08T22:22:11+08:00,中,已核验窗口内官方/指定媒体报道，需人工判断影响,news_c1f0a867690795e8,海外,"Bowman, Modernizing the Regulatory and Supervisory Landscape",2026-10-06T22:45:00+08:00,秒/分,窗口内,美联储讲话,https://www.federalreserve.gov/newsevents/speech/bowman20261006a.htm,正文未提取，仅据标题；关联依据不足须复核,NA,银行/券商/保险,美联储政策/讲话→美元利率与资金条件→银行利差、券商风险偏好、保险资产负债估值；鹰鸽方向及人民币利率传导未明确前不宣称受益。仅银行/券商/保险。,600030,中信证券,25.4,20261008,腾讯全市场+带日期批量报价核验,10.01,金融行业定向业务名单；仅银行/券商/保险，不从新闻关键词匹配；最新业务占比待核实,产业链研究观察,仅条件性传导，真实利润取决于产品结构、销量、成本和合同；种子/题材不豁免硬筛和风险闸。
待人工确认：尚无逐事件事实与方向复核，不通过正文词语自动选择产业,待人工确认,NA,NA,NA,NA,NA,NA,2026-10-08T22:22:11+08:00,中,已核验窗口内官方/指定媒体报道，需人工判断影响,news_2d0ca7c98f13dccb,海外,Electrification and diversification can help address Southeast Asia’s growing energy security challenges,2026-10-06T06:01:00+08:00,秒/分,窗口内,IEA,https://www.iea.org/news/electrification-and-diversification-can-help-address-southeast-asias-growing-energy-security-challenges,ASEAN Energy Security Review Explore report,NA,待人工确认,待人工确认：尚无逐事件事实与方向复核，不通过正文词语自动选择产业,NA,NA,NA,NA,NA,NA,NA,待人工确认,未完成事件语义复核，不把词语相似当业务受益；无符合当前已核验映射的标的。
美联储官网发布主体，金融条件传导；方向待人工确认,待人工确认,1,银行，利差/信用成本/资产估值敞口,金融行业定向业务名单；仅银行/券商/保险，不从新闻关键词匹配；最新业务占比待核实,1051920000000.0001,600036 招商银行；600030 中信证券；601318 中国平安,有业务敞口名单内、产业直接性优先，同层按本次总市值降序取前3；非全行业市值排名,2026-10-08T22:22:11+08:00,中,已核验窗口内官方/指定媒体报道，需人工判断影响,news_1bc4132b3f0326c5,海外,Federal Reserve Board announces approval of application by Isabella Bank Corporation,2026-10-06T04:30:00+08:00,秒/分,窗口内,美联储公告,https://www.federalreserve.gov/newsevents/pressreleases/orders20261005a.htm,正文未提取，仅据标题；关联依据不足须复核,NA,银行/券商/保险,美联储政策/讲话→美元利率与资金条件→银行利差、券商风险偏好、保险资产负债估值；鹰鸽方向及人民币利率传导未明确前不宣称受益。仅银行/券商/保险。,600036,招商银行,41.71,20261008,腾讯全市场+带日期批量报价核验,6.93,金融行业定向业务名单；仅银行/券商/保险，不从新闻关键词匹配；最新业务占比待核实,产业链研究观察,仅条件性传导，真实利润取决于产品结构、销量、成本和合同；种子/题材不豁免硬筛和风险闸。
美联储官网发布主体，金融条件传导；方向待人工确认,待人工确认,1,券商，资本市场估值与交易活跃度敞口,金融行业定向业务名单；仅银行/券商/保险，不从新闻关键词匹配；最新业务占比待核实,396857000000.0,600036 招商银行；600030 中信证券；601318 中国平安,有业务敞口名单内、产业直接性优先，同层按本次总市值降序取前3；非全行业市值排名,2026-10-08T22:22:11+08:00,中,已核验窗口内官方/指定媒体报道，需人工判断影响,news_1bc4132b3f0326c5,海外,Federal Reserve Board announces approval of application by Isabella Bank Corporation,2026-10-06T04:30:00+08:00,秒/分,窗口内,美联储公告,https://www.federalreserve.gov/newsevents/pressreleases/orders20261005a.htm,正文未提取，仅据标题；关联依据不足须复核,NA,银行/券商/保险,美联储政策/讲话→美元利率与资金条件→银行利差、券商风险偏好、保险资产负债估值；鹰鸽方向及人民币利率传导未明确前不宣称受益。仅银行/券商/保险。,600030,中信证券,25.4,20261008,腾讯全市场+带日期批量报价核验,10.01,金融行业定向业务名单；仅银行/券商/保险，不从新闻关键词匹配；最新业务占比待核实,产业链研究观察,仅条件性传导，真实利润取决于产品结构、销量、成本和合同；种子/题材不豁免硬筛和风险闸。
逐事件语义复核@2026-10-08；事实：英媒：若以色列关闭英领事馆　英或将驱逐以外交官；事件分类为研判；涉及表态/转述/预期的标题不当作行动已发生。地缘类仅列风险敏感行业，方向需核实。,上游条件受益、油服间接受益,1,原油及天然气勘探、开发、生产，上游实现售价敞口,中国海油官网公司简介 https://www.cnoocltd.com/index.html 核验2026-10-08,1624099000000.0,600938 中国海油；601808 中海油服；600339 中油工程；600583 海油工程,有业务敞口名单内、产业直接性优先，同层按本次总市值降序取前3；非全行业市值排名,2026-10-08T22:22:11+08:00,中,已核验窗口内官方/指定媒体报道，需人工判断影响,news_a252a7e48f851b51,地缘,英媒：若以色列关闭英领事馆　英或将驱逐以外交官,2026-10-06T00:00:00+08:00,日（时刻NA）,窗口内（仅日期）,新华社,https://www.news.cn/world/20261006/2fa93cef44db4dbd92ba5f8a3005338b/c.html,正文未提取，仅据标题；关联依据不足须复核,NA,油气上游/油服,原油涨价→上游售油实现价格可能提高（中国海油）；持续高油价才可能推动资本开支→中海油服钻井服务需求/日费率；工程公司还需订单兑现，不能等同即期利润增长。,600938,中国海油,34.17,20261008,腾讯全市场+带日期批量报价核验,11.74,中国海油官网公司简介 https://www.cnoocltd.com/index.html 核验2026-10-08,产业链研究观察,仅条件性传导，真实利润取决于产品结构、销量、成本和合同；种子/题材不豁免硬筛和风险闸。
逐事件语义复核@2026-10-08；事实：英媒：若以色列关闭英领事馆　英或将驱逐以外交官；事件分类为研判；涉及表态/转述/预期的标题不当作行动已发生。地缘类仅列风险敏感行业，方向需核实。,上游条件受益、油服间接受益,1,油田技术/钻井服务，上游资本开支与日费率敞口，非直接售油企业,中海油服官方公司介绍 https://www.cosl.com.cn/attach/0/999dd62f9a1749e59c21e7097d2e2a7e.pdf 核验2026-10-08,59930999999.99999,600938 中国海油；601808 中海油服；600339 中油工程；600583 海油工程,有业务敞口名单内、产业直接性优先，同层按本次总市值降序取前3；非全行业市值排名,2026-10-08T22:22:11+08:00,中,已核验窗口内官方/指定媒体报道，需人工判断影响,news_a252a7e48f851b51,地缘,英媒：若以色列关闭英领事馆　英或将驱逐以外交官,2026-10-06T00:00:00+08:00,日（时刻NA）,窗口内（仅日期）,新华社,https://www.news.cn/world/20261006/2fa93cef44db4dbd92ba5f8a3005338b/c.html,正文未提取，仅据标题；关联依据不足须复核,NA,油气上游/油服,原油涨价→上游售油实现价格可能提高（中国海油）；持续高油价才可能推动资本开支→中海油服钻井服务需求/日费率；工程公司还需订单兑现，不能等同即期利润增长。,601808,中海油服,12.56,20261008,腾讯全市场+带日期批量报价核验,15.42,中海油服官方公司介绍 https://www.cosl.com.cn/attach/0/999dd62f9a1749e59c21e7097d2e2a7e.pdf 核验2026-10-08,产业链研究观察,仅条件性传导，真实利润取决于产品结构、销量、成本和合同；种子/题材不豁免硬筛和风险闸。
逐事件语义复核@2026-10-08；事实：英媒：若以色列关闭英领事馆　英或将驱逐以外交官；事件分类为研判；涉及表态/转述/预期的标题不当作行动已发生。地缘类仅列风险敏感行业，方向需核实。,上游条件受益、油服间接受益,1,海洋油气工程，工程订单与投资周期敞口,用户2026-10-08产业链基准（原任务书指定），须持续核验最新业务结构,29225000000.0,600938 中国海油；601808 中海油服；600339 中油工程；600583 海油工程,有业务敞口名单内、产业直接性优先，同层按本次总市值降序取前3；非全行业市值排名,2026-10-08T22:22:11+08:00,中,已核验窗口内官方/指定媒体报道，需人工判断影响,news_a252a7e48f851b51,地缘,英媒：若以色列关闭英领事馆　英或将驱逐以外交官,2026-10-06T00:00:00+08:00,日（时刻NA）,窗口内（仅日期）,新华社,https://www.news.cn/world/20261006/2fa93cef44db4dbd92ba5f8a3005338b/c.html,正文未提取，仅据标题；关联依据不足须复核,NA,油气上游/油服,原油涨价→上游售油实现价格可能提高（中国海油）；持续高油价才可能推动资本开支→中海油服钻井服务需求/日费率；工程公司还需订单兑现，不能等同即期利润增长。,600583,海油工程,6.61,20261008,腾讯全市场+带日期批量报价核验,14.07,用户2026-10-08产业链基准（原任务书指定），须持续核验最新业务结构,产业链研究观察,仅条件性传导，真实利润取决于产品结构、销量、成本和合同；种子/题材不豁免硬筛和风险闸。
逐事件语义复核@2026-10-08；事实：英媒：若以色列关闭英领事馆　英或将驱逐以外交官；事件分类为研判；涉及表态/转述/预期的标题不当作行动已发生。地缘类仅列风险敏感行业，方向需核实。,条件受益,2,铜金等多金属采选，非纯黄金公司,用户2026-10-08产业链基准（原任务书指定），须持续核验最新业务结构,780972000000.0,600547 山东黄金；600489 中金黄金；601899 紫金矿业,有业务敞口名单内、产业直接性优先，同层按本次总市值降序取前3；非全行业市值排名,2026-10-08T22:22:11+08:00,中,已核验窗口内官方/指定媒体报道，需人工判断影响,news_a252a7e48f851b51,地缘,英媒：若以色列关闭英领事馆　英或将驱逐以外交官,2026-10-06T00:00:00+08:00,日（时刻NA）,窗口内（仅日期）,新华社,https://www.news.cn/world/20261006/2fa93cef44db4dbd92ba5f8a3005338b/c.html,正文未提取，仅据标题；关联依据不足须复核,NA,黄金资源,黄金报价上升或避险需求→黄金矿山售金收入弹性；实际利润还取决于成本、套保和产量。,601899,紫金矿业,29.37,20261008,腾讯全市场+带日期批量报价核验,11.54,用户2026-10-08产业链基准（原任务书指定），须持续核验最新业务结构,产业链研究观察,仅条件性传导，真实利润取决于产品结构、销量、成本和合同；种子/题材不豁免硬筛和风险闸。
逐事件语义复核@2026-10-08；事实：英媒：若以色列关闭英领事馆　英或将驱逐以外交官；事件分类为研判；涉及表态/转述/预期的标题不当作行动已发生。地缘类仅列风险敏感行业，方向需核实。,条件受益,2,黄金开采，上游黄金售价与成本敞口,用户2026-10-08产业链基准（原任务书指定），须持续核验最新业务结构,121840000000.00002,600547 山东黄金；600489 中金黄金；601899 紫金矿业,有业务敞口名单内、产业直接性优先，同层按本次总市值降序取前3；非全行业市值排名,2026-10-08T22:22:11+08:00,中,已核验窗口内官方/指定媒体报道，需人工判断影响,news_a252a7e48f851b51,地缘,英媒：若以色列关闭英领事馆　英或将驱逐以外交官,2026-10-06T00:00:00+08:00,日（时刻NA）,窗口内（仅日期）,新华社,https://www.news.cn/world/20261006/2fa93cef44db4dbd92ba5f8a3005338b/c.html,正文未提取，仅据标题；关联依据不足须复核,NA,黄金资源,黄金报价上升或避险需求→黄金矿山售金收入弹性；实际利润还取决于成本、套保和产量。,600547,山东黄金,26.43,20261008,腾讯全市场+带日期批量报价核验,22.26,用户2026-10-08产业链基准（原任务书指定），须持续核验最新业务结构,产业链研究观察,仅条件性传导，真实利润取决于产品结构、销量、成本和合同；种子/题材不豁免硬筛和风险闸。
逐事件语义复核@2026-10-08；事实：英媒：若以色列关闭英领事馆　英或将驱逐以外交官；事件分类为研判；涉及表态/转述/预期的标题不当作行动已发生。地缘类仅列风险敏感行业，方向需核实。,条件受益,2,黄金采选冶，上游黄金售价与成本敞口,用户2026-10-08产业链基准（原任务书指定），须持续核验最新业务结构,104120000000.0,600547 山东黄金；600489 中金黄金；601899 紫金矿业,有业务敞口名单内、产业直接性优先，同层按本次总市值降序取前3；非全行业市值排名,2026-10-08T22:22:11+08:00,中,已核验窗口内官方/指定媒体报道，需人工判断影响,news_a252a7e48f851b51,地缘,英媒：若以色列关闭英领事馆　英或将驱逐以外交官,2026-10-06T00:00:00+08:00,日（时刻NA）,窗口内（仅日期）,新华社,https://www.news.cn/world/20261006/2fa93cef44db4dbd92ba5f8a3005338b/c.html,正文未提取，仅据标题；关联依据不足须复核,NA,黄金资源,黄金报价上升或避险需求→黄金矿山售金收入弹性；实际利润还取决于成本、套保和产量。,600489,中金黄金,21.48,20261008,腾讯全市场+带日期批量报价核验,15.79,用户2026-10-08产业链基准（原任务书指定），须持续核验最新业务结构,产业链研究观察,仅条件性传导，真实利润取决于产品结构、销量、成本和合同；种子/题材不豁免硬筛和风险闸。
逐事件语义复核@2026-10-08；事实：英媒：若以色列关闭英领事馆　英或将驱逐以外交官；事件分类为研判；涉及表态/转述/预期的标题不当作行动已发生。地缘类仅列风险敏感行业，方向需核实。,方向待人工确认,3,油运及其他航运，航线/运价与运力敞口,用户2026-10-08产业链基准（原任务书指定），须持续核验最新业务结构,177882000000.0,600026 中远海能；601872 招商轮船,有业务敞口名单内、产业直接性优先，同层按本次总市值降序取前3；非全行业市值排名,2026-10-08T22:22:11+08:00,中,已核验窗口内官方/指定媒体报道，需人工判断影响,news_a252a7e48f851b51,地缘,英媒：若以色列关闭英领事馆　英或将驱逐以外交官,2026-10-06T00:00:00+08:00,日（时刻NA）,窗口内（仅日期）,新华社,https://www.news.cn/world/20261006/2fa93cef44db4dbd92ba5f8a3005338b/c.html,正文未提取，仅据标题；关联依据不足须复核,NA,油运,冲突/航道扰动→绕航吨海里与油运运价可能上升；同时燃料、保险和封航风险上升，油价上涨本身不证明油运盈利增加。,601872,招商轮船,22.03,20261008,腾讯全市场+带日期批量报价核验,16.4,用户2026-10-08产业链基准（原任务书指定），须持续核验最新业务结构,产业链研究观察,仅条件性传导，真实利润取决于产品结构、销量、成本和合同；种子/题材不豁免硬筛和风险闸。
逐事件语义复核@2026-10-08；事实：英媒：若以色列关闭英领事馆　英或将驱逐以外交官；事件分类为研判；涉及表态/转述/预期的标题不当作行动已发生。地缘类仅列风险敏感行业，方向需核实。,方向待人工确认,3,油轮运输，吨海里与运价敞口；燃料及保险成本风险,用户2026-10-08产业链基准（原任务书指定），须持续核验最新业务结构,123759999999.99998,600026 中远海能；601872 招商轮船,有业务敞口名单内、产业直接性优先，同层按本次总市值降序取前3；非全行业市值排名,2026-10-08T22:22:11+08:00,中,已核验窗口内官方/指定媒体报道，需人工判断影响,news_a252a7e48f851b51,地缘,英媒：若以色列关闭英领事馆　英或将驱逐以外交官,2026-10-06T00:00:00+08:00,日（时刻NA）,窗口内（仅日期）,新华社,https://www.news.cn/world/20261006/2fa93cef44db4dbd92ba5f8a3005338b/c.html,正文未提取，仅据标题；关联依据不足须复核,NA,油运,冲突/航道扰动→绕航吨海里与油运运价可能上升；同时燃料、保险和封航风险上升，油价上涨本身不证明油运盈利增加。,600026,中远海能,22.62,20261008,腾讯全市场+带日期批量报价核验,18.43,用户2026-10-08产业链基准（原任务书指定），须持续核验最新业务结构,产业链研究观察,仅条件性传导，真实利润取决于产品结构、销量、成本和合同；种子/题材不豁免硬筛和风险闸。
逐事件语义复核@2026-10-08；事实：美媒：特朗普称伊朗可“摧毁”洛杉矶或圣迭戈；事件分类为研判；涉及表态/转述/预期的标题不当作行动已发生。地缘类仅列风险敏感行业，方向需核实。,上游条件受益、油服间接受益,1,原油及天然气勘探、开发、生产，上游实现售价敞口,中国海油官网公司简介 https://www.cnoocltd.com/index.html 核验2026-10-08,1624099000000.0,600938 中国海油；601808 中海油服；600339 中油工程；600583 海油工程,有业务敞口名单内、产业直接性优先，同层按本次总市值降序取前3；非全行业市值排名,2026-10-08T22:22:11+08:00,中,已核验窗口内官方/指定媒体报道，需人工判断影响,news_523e4c8d36305ea1,地缘,美媒：特朗普称伊朗可“摧毁”洛杉矶或圣迭戈,2026-10-06T00:00:00+08:00,日（时刻NA）,窗口内（仅日期）,新华社,https://www.news.cn/world/20261006/b82349bf1ba04f898d25a970f05c6769/c.html,正文未提取，仅据标题；关联依据不足须复核,NA,油气上游/油服,原油涨价→上游售油实现价格可能提高（中国海油）；持续高油价才可能推动资本开支→中海油服钻井服务需求/日费率；工程公司还需订单兑现，不能等同即期利润增长。,600938,中国海油,34.17,20261008,腾讯全市场+带日期批量报价核验,11.74,中国海油官网公司简介 https://www.cnoocltd.com/index.html 核验2026-10-08,产业链研究观察,仅条件性传导，真实利润取决于产品结构、销量、成本和合同；种子/题材不豁免硬筛和风险闸。
逐事件语义复核@2026-10-08；事实：美媒：特朗普称伊朗可“摧毁”洛杉矶或圣迭戈；事件分类为研判；涉及表态/转述/预期的标题不当作行动已发生。地缘类仅列风险敏感行业，方向需核实。,上游条件受益、油服间接受益,1,油田技术/钻井服务，上游资本开支与日费率敞口，非直接售油企业,中海油服官方公司介绍 https://www.cosl.com.cn/attach/0/999dd62f9a1749e59c21e7097d2e2a7e.pdf 核验2026-10-08,59930999999.99999,600938 中国海油；601808 中海油服；600339 中油工程；600583 海油工程,有业务敞口名单内、产业直接性优先，同层按本次总市值降序取前3；非全行业市值排名,2026-10-08T22:22:11+08:00,中,已核验窗口内官方/指定媒体报道，需人工判断影响,news_523e4c8d36305ea1,地缘,美媒：特朗普称伊朗可“摧毁”洛杉矶或圣迭戈,2026-10-06T00:00:00+08:00,日（时刻NA）,窗口内（仅日期）,新华社,https://www.news.cn/world/20261006/b82349bf1ba04f898d25a970f05c6769/c.html,正文未提取，仅据标题；关联依据不足须复核,NA,油气上游/油服,原油涨价→上游售油实现价格可能提高（中国海油）；持续高油价才可能推动资本开支→中海油服钻井服务需求/日费率；工程公司还需订单兑现，不能等同即期利润增长。,601808,中海油服,12.56,20261008,腾讯全市场+带日期批量报价核验,15.42,中海油服官方公司介绍 https://www.cosl.com.cn/attach/0/999dd62f9a1749e59c21e7097d2e2a7e.pdf 核验2026-10-08,产业链研究观察,仅条件性传导，真实利润取决于产品结构、销量、成本和合同；种子/题材不豁免硬筛和风险闸。
逐事件语义复核@2026-10-08；事实：美媒：特朗普称伊朗可“摧毁”洛杉矶或圣迭戈；事件分类为研判；涉及表态/转述/预期的标题不当作行动已发生。地缘类仅列风险敏感行业，方向需核实。,上游条件受益、油服间接受益,1,海洋油气工程，工程订单与投资周期敞口,用户2026-10-08产业链基准（原任务书指定），须持续核验最新业务结构,29225000000.0,600938 中国海油；601808 中海油服；600339 中油工程；600583 海油工程,有业务敞口名单内、产业直接性优先，同层按本次总市值降序取前3；非全行业市值排名,2026-10-08T22:22:11+08:00,中,已核验窗口内官方/指定媒体报道，需人工判断影响,news_523e4c8d36305ea1,地缘,美媒：特朗普称伊朗可“摧毁”洛杉矶或圣迭戈,2026-10-06T00:00:00+08:00,日（时刻NA）,窗口内（仅日期）,新华社,https://www.news.cn/world/20261006/b82349bf1ba04f898d25a970f05c6769/c.html,正文未提取，仅据标题；关联依据不足须复核,NA,油气上游/油服,原油涨价→上游售油实现价格可能提高（中国海油）；持续高油价才可能推动资本开支→中海油服钻井服务需求/日费率；工程公司还需订单兑现，不能等同即期利润增长。,600583,海油工程,6.61,20261008,腾讯全市场+带日期批量报价核验,14.07,用户2026-10-08产业链基准（原任务书指定），须持续核验最新业务结构,产业链研究观察,仅条件性传导，真实利润取决于产品结构、销量、成本和合同；种子/题材不豁免硬筛和风险闸。
逐事件语义复核@2026-10-08；事实：美媒：特朗普称伊朗可“摧毁”洛杉矶或圣迭戈；事件分类为研判；涉及表态/转述/预期的标题不当作行动已发生。地缘类仅列风险敏感行业，方向需核实。,条件受益,2,铜金等多金属采选，非纯黄金公司,用户2026-10-08产业链基准（原任务书指定），须持续核验最新业务结构,780972000000.0,600547 山东黄金；600489 中金黄金；601899 紫金矿业,有业务敞口名单内、产业直接性优先，同层按本次总市值降序取前3；非全行业市值排名,2026-10-08T22:22:11+08:00,中,已核验窗口内官方/指定媒体报道，需人工判断影响,news_523e4c8d36305ea1,地缘,美媒：特朗普称伊朗可“摧毁”洛杉矶或圣迭戈,2026-10-06T00:00:00+08:00,日（时刻NA）,窗口内（仅日期）,新华社,https://www.news.cn/world/20261006/b82349bf1ba04f898d25a970f05c6769/c.html,正文未提取，仅据标题；关联依据不足须复核,NA,黄金资源,黄金报价上升或避险需求→黄金矿山售金收入弹性；实际利润还取决于成本、套保和产量。,601899,紫金矿业,29.37,20261008,腾讯全市场+带日期批量报价核验,11.54,用户2026-10-08产业链基准（原任务书指定），须持续核验最新业务结构,产业链研究观察,仅条件性传导，真实利润取决于产品结构、销量、成本和合同；种子/题材不豁免硬筛和风险闸。
逐事件语义复核@2026-10-08；事实：美媒：特朗普称伊朗可“摧毁”洛杉矶或圣迭戈；事件分类为研判；涉及表态/转述/预期的标题不当作行动已发生。地缘类仅列风险敏感行业，方向需核实。,条件受益,2,黄金开采，上游黄金售价与成本敞口,用户2026-10-08产业链基准（原任务书指定），须持续核验最新业务结构,121840000000.00002,600547 山东黄金；600489 中金黄金；601899 紫金矿业,有业务敞口名单内、产业直接性优先，同层按本次总市值降序取前3；非全行业市值排名,2026-10-08T22:22:11+08:00,中,已核验窗口内官方/指定媒体报道，需人工判断影响,news_523e4c8d36305ea1,地缘,美媒：特朗普称伊朗可“摧毁”洛杉矶或圣迭戈,2026-10-06T00:00:00+08:00,日（时刻NA）,窗口内（仅日期）,新华社,https://www.news.cn/world/20261006/b82349bf1ba04f898d25a970f05c6769/c.html,正文未提取，仅据标题；关联依据不足须复核,NA,黄金资源,黄金报价上升或避险需求→黄金矿山售金收入弹性；实际利润还取决于成本、套保和产量。,600547,山东黄金,26.43,20261008,腾讯全市场+带日期批量报价核验,22.26,用户2026-10-08产业链基准（原任务书指定），须持续核验最新业务结构,产业链研究观察,仅条件性传导，真实利润取决于产品结构、销量、成本和合同；种子/题材不豁免硬筛和风险闸。
逐事件语义复核@2026-10-08；事实：美媒：特朗普称伊朗可“摧毁”洛杉矶或圣迭戈；事件分类为研判；涉及表态/转述/预期的标题不当作行动已发生。地缘类仅列风险敏感行业，方向需核实。,条件受益,2,黄金采选冶，上游黄金售价与成本敞口,用户2026-10-08产业链基准（原任务书指定），须持续核验最新业务结构,104120000000.0,600547 山东黄金；600489 中金黄金；601899 紫金矿业,有业务敞口名单内、产业直接性优先，同层按本次总市值降序取前3；非全行业市值排名,2026-10-08T22:22:11+08:00,中,已核验窗口内官方/指定媒体报道，需人工判断影响,news_523e4c8d36305ea1,地缘,美媒：特朗普称伊朗可“摧毁”洛杉矶或圣迭戈,2026-10-06T00:00:00+08:00,日（时刻NA）,窗口内（仅日期）,新华社,https://www.news.cn/world/20261006/b82349bf1ba04f898d25a970f05c6769/c.html,正文未提取，仅据标题；关联依据不足须复核,NA,黄金资源,黄金报价上升或避险需求→黄金矿山售金收入弹性；实际利润还取决于成本、套保和产量。,600489,中金黄金,21.48,20261008,腾讯全市场+带日期批量报价核验,15.79,用户2026-10-08产业链基准（原任务书指定），须持续核验最新业务结构,产业链研究观察,仅条件性传导，真实利润取决于产品结构、销量、成本和合同；种子/题材不豁免硬筛和风险闸。
逐事件语义复核@2026-10-08；事实：美媒：特朗普称伊朗可“摧毁”洛杉矶或圣迭戈；事件分类为研判；涉及表态/转述/预期的标题不当作行动已发生。地缘类仅列风险敏感行业，方向需核实。,方向待人工确认,3,油运及其他航运，航线/运价与运力敞口,用户2026-10-08产业链基准（原任务书指定），须持续核验最新业务结构,177882000000.0,600026 中远海能；601872 招商轮船,有业务敞口名单内、产业直接性优先，同层按本次总市值降序取前3；非全行业市值排名,2026-10-08T22:22:11+08:00,中,已核验窗口内官方/指定媒体报道，需人工判断影响,news_523e4c8d36305ea1,地缘,美媒：特朗普称伊朗可“摧毁”洛杉矶或圣迭戈,2026-10-06T00:00:00+08:00,日（时刻NA）,窗口内（仅日期）,新华社,https://www.news.cn/world/20261006/b82349bf1ba04f898d25a970f05c6769/c.html,正文未提取，仅据标题；关联依据不足须复核,NA,油运,冲突/航道扰动→绕航吨海里与油运运价可能上升；同时燃料、保险和封航风险上升，油价上涨本身不证明油运盈利增加。,601872,招商轮船,22.03,20261008,腾讯全市场+带日期批量报价核验,16.4,用户2026-10-08产业链基准（原任务书指定），须持续核验最新业务结构,产业链研究观察,仅条件性传导，真实利润取决于产品结构、销量、成本和合同；种子/题材不豁免硬筛和风险闸。
逐事件语义复核@2026-10-08；事实：美媒：特朗普称伊朗可“摧毁”洛杉矶或圣迭戈；事件分类为研判；涉及表态/转述/预期的标题不当作行动已发生。地缘类仅列风险敏感行业，方向需核实。,方向待人工确认,3,油轮运输，吨海里与运价敞口；燃料及保险成本风险,用户2026-10-08产业链基准（原任务书指定），须持续核验最新业务结构,123759999999.99998,600026 中远海能；601872 招商轮船,有业务敞口名单内、产业直接性优先，同层按本次总市值降序取前3；非全行业市值排名,2026-10-08T22:22:11+08:00,中,已核验窗口内官方/指定媒体报道，需人工判断影响,news_523e4c8d36305ea1,地缘,美媒：特朗普称伊朗可“摧毁”洛杉矶或圣迭戈,2026-10-06T00:00:00+08:00,日（时刻NA）,窗口内（仅日期）,新华社,https://www.news.cn/world/20261006/b82349bf1ba04f898d25a970f05c6769/c.html,正文未提取，仅据标题；关联依据不足须复核,NA,油运,冲突/航道扰动→绕航吨海里与油运运价可能上升；同时燃料、保险和封航风险上升，油价上涨本身不证明油运盈利增加。,600026,中远海能,22.62,20261008,腾讯全市场+带日期批量报价核验,18.43,用户2026-10-08产业链基准（原任务书指定），须持续核验最新业务结构,产业链研究观察,仅条件性传导，真实利润取决于产品结构、销量、成本和合同；种子/题材不豁免硬筛和风险闸。
逐事件语义复核@2026-10-08；事实：伊朗总统称与不断背弃承诺的“敌人”谈判毫无意义；事件分类为研判；涉及表态/转述/预期的标题不当作行动已发生。地缘类仅列风险敏感行业，方向需核实。,上游条件受益、油服间接受益,1,原油及天然气勘探、开发、生产，上游实现售价敞口,中国海油官网公司简介 https://www.cnoocltd.com/index.html 核验2026-10-08,1624099000000.0,600938 中国海油；601808 中海油服；600339 中油工程；600583 海油工程,有业务敞口名单内、产业直接性优先，同层按本次总市值降序取前3；非全行业市值排名,2026-10-08T22:22:11+08:00,中,已核验窗口内官方/指定媒体报道，需人工判断影响,news_fa15b6d0dfb283d9,地缘,伊朗总统称与不断背弃承诺的“敌人”谈判毫无意义,2026-10-06T00:00:00+08:00,日（时刻NA）,窗口内（仅日期）,新华社,https://www.news.cn/world/20261006/2d1e7c436dfc4374af42bb252ca6f4ab/c.html,正文未提取，仅据标题；关联依据不足须复核,NA,油气上游/油服,原油涨价→上游售油实现价格可能提高（中国海油）；持续高油价才可能推动资本开支→中海油服钻井服务需求/日费率；工程公司还需订单兑现，不能等同即期利润增长。,600938,中国海油,34.17,20261008,腾讯全市场+带日期批量报价核验,11.74,中国海油官网公司简介 https://www.cnoocltd.com/index.html 核验2026-10-08,产业链研究观察,仅条件性传导，真实利润取决于产品结构、销量、成本和合同；种子/题材不豁免硬筛和风险闸。
逐事件语义复核@2026-10-08；事实：伊朗总统称与不断背弃承诺的“敌人”谈判毫无意义；事件分类为研判；涉及表态/转述/预期的标题不当作行动已发生。地缘类仅列风险敏感行业，方向需核实。,上游条件受益、油服间接受益,1,油田技术/钻井服务，上游资本开支与日费率敞口，非直接售油企业,中海油服官方公司介绍 https://www.cosl.com.cn/attach/0/999dd62f9a1749e59c21e7097d2e2a7e.pdf 核验2026-10-08,59930999999.99999,600938 中国海油；601808 中海油服；600339 中油工程；600583 海油工程,有业务敞口名单内、产业直接性优先，同层按本次总市值降序取前3；非全行业市值排名,2026-10-08T22:22:11+08:00,中,已核验窗口内官方/指定媒体报道，需人工判断影响,news_fa15b6d0dfb283d9,地缘,伊朗总统称与不断背弃承诺的“敌人”谈判毫无意义,2026-10-06T00:00:00+08:00,日（时刻NA）,窗口内（仅日期）,新华社,https://www.news.cn/world/20261006/2d1e7c436dfc4374af42bb252ca6f4ab/c.html,正文未提取，仅据标题；关联依据不足须复核,NA,油气上游/油服,原油涨价→上游售油实现价格可能提高（中国海油）；持续高油价才可能推动资本开支→中海油服钻井服务需求/日费率；工程公司还需订单兑现，不能等同即期利润增长。,601808,中海油服,12.56,20261008,腾讯全市场+带日期批量报价核验,15.42,中海油服官方公司介绍 https://www.cosl.com.cn/attach/0/999dd62f9a1749e59c21e7097d2e2a7e.pdf 核验2026-10-08,产业链研究观察,仅条件性传导，真实利润取决于产品结构、销量、成本和合同；种子/题材不豁免硬筛和风险闸。
逐事件语义复核@2026-10-08；事实：伊朗总统称与不断背弃承诺的“敌人”谈判毫无意义；事件分类为研判；涉及表态/转述/预期的标题不当作行动已发生。地缘类仅列风险敏感行业，方向需核实。,上游条件受益、油服间接受益,1,海洋油气工程，工程订单与投资周期敞口,用户2026-10-08产业链基准（原任务书指定），须持续核验最新业务结构,29225000000.0,600938 中国海油；601808 中海油服；600339 中油工程；600583 海油工程,有业务敞口名单内、产业直接性优先，同层按本次总市值降序取前3；非全行业市值排名,2026-10-08T22:22:11+08:00,中,已核验窗口内官方/指定媒体报道，需人工判断影响,news_fa15b6d0dfb283d9,地缘,伊朗总统称与不断背弃承诺的“敌人”谈判毫无意义,2026-10-06T00:00:00+08:00,日（时刻NA）,窗口内（仅日期）,新华社,https://www.news.cn/world/20261006/2d1e7c436dfc4374af42bb252ca6f4ab/c.html,正文未提取，仅据标题；关联依据不足须复核,NA,油气上游/油服,原油涨价→上游售油实现价格可能提高（中国海油）；持续高油价才可能推动资本开支→中海油服钻井服务需求/日费率；工程公司还需订单兑现，不能等同即期利润增长。,600583,海油工程,6.61,20261008,腾讯全市场+带日期批量报价核验,14.07,用户2026-10-08产业链基准（原任务书指定），须持续核验最新业务结构,产业链研究观察,仅条件性传导，真实利润取决于产品结构、销量、成本和合同；种子/题材不豁免硬筛和风险闸。
逐事件语义复核@2026-10-08；事实：伊朗总统称与不断背弃承诺的“敌人”谈判毫无意义；事件分类为研判；涉及表态/转述/预期的标题不当作行动已发生。地缘类仅列风险敏感行业，方向需核实。,条件受益,2,铜金等多金属采选，非纯黄金公司,用户2026-10-08产业链基准（原任务书指定），须持续核验最新业务结构,780972000000.0,600547 山东黄金；600489 中金黄金；601899 紫金矿业,有业务敞口名单内、产业直接性优先，同层按本次总市值降序取前3；非全行业市值排名,2026-10-08T22:22:11+08:00,中,已核验窗口内官方/指定媒体报道，需人工判断影响,news_fa15b6d0dfb283d9,地缘,伊朗总统称与不断背弃承诺的“敌人”谈判毫无意义,2026-10-06T00:00:00+08:00,日（时刻NA）,窗口内（仅日期）,新华社,https://www.news.cn/world/20261006/2d1e7c436dfc4374af42bb252ca6f4ab/c.html,正文未提取，仅据标题；关联依据不足须复核,NA,黄金资源,黄金报价上升或避险需求→黄金矿山售金收入弹性；实际利润还取决于成本、套保和产量。,601899,紫金矿业,29.37,20261008,腾讯全市场+带日期批量报价核验,11.54,用户2026-10-08产业链基准（原任务书指定），须持续核验最新业务结构,产业链研究观察,仅条件性传导，真实利润取决于产品结构、销量、成本和合同；种子/题材不豁免硬筛和风险闸。
逐事件语义复核@2026-10-08；事实：伊朗总统称与不断背弃承诺的“敌人”谈判毫无意义；事件分类为研判；涉及表态/转述/预期的标题不当作行动已发生。地缘类仅列风险敏感行业，方向需核实。,条件受益,2,黄金开采，上游黄金售价与成本敞口,用户2026-10-08产业链基准（原任务书指定），须持续核验最新业务结构,121840000000.00002,600547 山东黄金；600489 中金黄金；601899 紫金矿业,有业务敞口名单内、产业直接性优先，同层按本次总市值降序取前3；非全行业市值排名,2026-10-08T22:22:11+08:00,中,已核验窗口内官方/指定媒体报道，需人工判断影响,news_fa15b6d0dfb283d9,地缘,伊朗总统称与不断背弃承诺的“敌人”谈判毫无意义,2026-10-06T00:00:00+08:00,日（时刻NA）,窗口内（仅日期）,新华社,https://www.news.cn/world/20261006/2d1e7c436dfc4374af42bb252ca6f4ab/c.html,正文未提取，仅据标题；关联依据不足须复核,NA,黄金资源,黄金报价上升或避险需求→黄金矿山售金收入弹性；实际利润还取决于成本、套保和产量。,600547,山东黄金,26.43,20261008,腾讯全市场+带日期批量报价核验,22.26,用户2026-10-08产业链基准（原任务书指定），须持续核验最新业务结构,产业链研究观察,仅条件性传导，真实利润取决于产品结构、销量、成本和合同；种子/题材不豁免硬筛和风险闸。
逐事件语义复核@2026-10-08；事实：伊朗总统称与不断背弃承诺的“敌人”谈判毫无意义；事件分类为研判；涉及表态/转述/预期的标题不当作行动已发生。地缘类仅列风险敏感行业，方向需核实。,条件受益,2,黄金采选冶，上游黄金售价与成本敞口,用户2026-10-08产业链基准（原任务书指定），须持续核验最新业务结构,104120000000.0,600547 山东黄金；600489 中金黄金；601899 紫金矿业,有业务敞口名单内、产业直接性优先，同层按本次总市值降序取前3；非全行业市值排名,2026-10-08T22:22:11+08:00,中,已核验窗口内官方/指定媒体报道，需人工判断影响,news_fa15b6d0dfb283d9,地缘,伊朗总统称与不断背弃承诺的“敌人”谈判毫无意义,2026-10-06T00:00:00+08:00,日（时刻NA）,窗口内（仅日期）,新华社,https://www.news.cn/world/20261006/2d1e7c436dfc4374af42bb252ca6f4ab/c.html,正文未提取，仅据标题；关联依据不足须复核,NA,黄金资源,黄金报价上升或避险需求→黄金矿山售金收入弹性；实际利润还取决于成本、套保和产量。,600489,中金黄金,21.48,20261008,腾讯全市场+带日期批量报价核验,15.79,用户2026-10-08产业链基准（原任务书指定），须持续核验最新业务结构,产业链研究观察,仅条件性传导，真实利润取决于产品结构、销量、成本和合同；种子/题材不豁免硬筛和风险闸。
逐事件语义复核@2026-10-08；事实：伊朗总统称与不断背弃承诺的“敌人”谈判毫无意义；事件分类为研判；涉及表态/转述/预期的标题不当作行动已发生。地缘类仅列风险敏感行业，方向需核实。,方向待人工确认,3,油运及其他航运，航线/运价与运力敞口,用户2026-10-08产业链基准（原任务书指定），须持续核验最新业务结构,177882000000.0,600026 中远海能；601872 招商轮船,有业务敞口名单内、产业直接性优先，同层按本次总市值降序取前3；非全行业市值排名,2026-10-08T22:22:11+08:00,中,已核验窗口内官方/指定媒体报道，需人工判断影响,news_fa15b6d0dfb283d9,地缘,伊朗总统称与不断背弃承诺的“敌人”谈判毫无意义,2026-10-06T00:00:00+08:00,日（时刻NA）,窗口内（仅日期）,新华社,https://www.news.cn/world/20261006/2d1e7c436dfc4374af42bb252ca6f4ab/c.html,正文未提取，仅据标题；关联依据不足须复核,NA,油运,冲突/航道扰动→绕航吨海里与油运运价可能上升；同时燃料、保险和封航风险上升，油价上涨本身不证明油运盈利增加。,601872,招商轮船,22.03,20261008,腾讯全市场+带日期批量报价核验,16.4,用户2026-10-08产业链基准（原任务书指定），须持续核验最新业务结构,产业链研究观察,仅条件性传导，真实利润取决于产品结构、销量、成本和合同；种子/题材不豁免硬筛和风险闸。
逐事件语义复核@2026-10-08；事实：伊朗总统称与不断背弃承诺的“敌人”谈判毫无意义；事件分类为研判；涉及表态/转述/预期的标题不当作行动已发生。地缘类仅列风险敏感行业，方向需核实。,方向待人工确认,3,油轮运输，吨海里与运价敞口；燃料及保险成本风险,用户2026-10-08产业链基准（原任务书指定），须持续核验最新业务结构,123759999999.99998,600026 中远海能；601872 招商轮船,有业务敞口名单内、产业直接性优先，同层按本次总市值降序取前3；非全行业市值排名,2026-10-08T22:22:11+08:00,中,已核验窗口内官方/指定媒体报道，需人工判断影响,news_fa15b6d0dfb283d9,地缘,伊朗总统称与不断背弃承诺的“敌人”谈判毫无意义,2026-10-06T00:00:00+08:00,日（时刻NA）,窗口内（仅日期）,新华社,https://www.news.cn/world/20261006/2d1e7c436dfc4374af42bb252ca6f4ab/c.html,正文未提取，仅据标题；关联依据不足须复核,NA,油运,冲突/航道扰动→绕航吨海里与油运运价可能上升；同时燃料、保险和封航风险上升，油价上涨本身不证明油运盈利增加。,600026,中远海能,22.62,20261008,腾讯全市场+带日期批量报价核验,18.43,用户2026-10-08产业链基准（原任务书指定），须持续核验最新业务结构,产业链研究观察,仅条件性传导，真实利润取决于产品结构、销量、成本和合同；种子/题材不豁免硬筛和风险闸。
待人工确认：尚无逐事件事实与方向复核，不通过正文词语自动选择产业,待人工确认,NA,NA,NA,NA,NA,NA,2026-10-08T22:22:11+08:00,中,已核验窗口内官方/指定媒体报道，需人工判断影响,news_9fd85f5883b1c127,地缘,2026年10月6日外交部发言人郭嘉昆答记者问,2026-10-06T00:00:00+08:00,日（时刻NA）,窗口内（仅日期）,外交部,https://www.mfa.gov.cn/fyrbt_673021/jzhsl_673025/202610/t20261006_12035789.shtml,路透社记者：美国官员认为中国在2028年前“入侵”台湾的可能性正变得越来越低。外交部对此有何回应？ 郭嘉昆：台湾问题是中国内政，解决台湾问题完全是中国人自己的事，不容任何,NA,待人工确认,待人工确认：尚无逐事件事实与方向复核，不通过正文词语自动选择产业,NA,NA,NA,NA,NA,NA,NA,待人工确认,未完成事件语义复核，不把词语相似当业务受益；无符合当前已核验映射的标的。
美联储官网发布主体，金融条件传导；方向待人工确认,待人工确认,1,银行，利差/信用成本/资产估值敞口,金融行业定向业务名单；仅银行/券商/保险，不从新闻关键词匹配；最新业务占比待核实,1051920000000.0001,600036 招商银行；600030 中信证券；601318 中国平安,有业务敞口名单内、产业直接性优先，同层按本次总市值降序取前3；非全行业市值排名,2026-10-08T22:22:11+08:00,中,已核验窗口内官方/指定媒体报道，需人工判断影响,news_5d4b355ec3292efc,海外,Federal Reserve Board announces approval of application by Fleur Capital Corporation,2026-10-03T04:45:00+08:00,秒/分,窗口内,美联储公告,https://www.federalreserve.gov/newsevents/pressreleases/orders20261002a.htm,正文未提取，仅据标题；关联依据不足须复核,NA,银行/券商/保险,美联储政策/讲话→美元利率与资金条件→银行利差、券商风险偏好、保险资产负债估值；鹰鸽方向及人民币利率传导未明确前不宣称受益。仅银行/券商/保险。,600036,招商银行,41.71,20261008,腾讯全市场+带日期批量报价核验,6.93,金融行业定向业务名单；仅银行/券商/保险，不从新闻关键词匹配；最新业务占比待核实,产业链研究观察,仅条件性传导，真实利润取决于产品结构、销量、成本和合同；种子/题材不豁免硬筛和风险闸。
美联储官网发布主体，金融条件传导；方向待人工确认,待人工确认,1,券商，资本市场估值与交易活跃度敞口,金融行业定向业务名单；仅银行/券商/保险，不从新闻关键词匹配；最新业务占比待核实,396857000000.0,600036 招商银行；600030 中信证券；601318 中国平安,有业务敞口名单内、产业直接性优先，同层按本次总市值降序取前3；非全行业市值排名,2026-10-08T22:22:11+08:00,中,已核验窗口内官方/指定媒体报道，需人工判断影响,news_5d4b355ec3292efc,海外,Federal Reserve Board announces approval of application by Fleur Capital Corporation,2026-10-03T04:45:00+08:00,秒/分,窗口内,美联储公告,https://www.federalreserve.gov/newsevents/pressreleases/orders20261002a.htm,正文未提取，仅据标题；关联依据不足须复核,NA,银行/券商/保险,美联储政策/讲话→美元利率与资金条件→银行利差、券商风险偏好、保险资产负债估值；鹰鸽方向及人民币利率传导未明确前不宣称受益。仅银行/券商/保险。,600030,中信证券,25.4,20261008,腾讯全市场+带日期批量报价核验,10.01,金融行业定向业务名单；仅银行/券商/保险，不从新闻关键词匹配；最新业务占比待核实,产业链研究观察,仅条件性传导，真实利润取决于产品结构、销量、成本和合同；种子/题材不豁免硬筛和风险闸。
美联储官网发布主体，金融条件传导；方向待人工确认,待人工确认,1,银行，利差/信用成本/资产估值敞口,金融行业定向业务名单；仅银行/券商/保险，不从新闻关键词匹配；最新业务占比待核实,1051920000000.0001,600036 招商银行；600030 中信证券；601318 中国平安,有业务敞口名单内、产业直接性优先，同层按本次总市值降序取前3；非全行业市值排名,2026-10-08T22:22:11+08:00,中,已核验窗口内官方/指定媒体报道，需人工判断影响,news_8f9bf8f9d80dc8af,海外,"Federal Reserve Board announces it will extend, until November 4, the comment period on its proposal to modernize Regulation O",2026-10-03T04:00:00+08:00,秒/分,窗口内,美联储公告,https://www.federalreserve.gov/newsevents/pressreleases/bcreg20261002a.htm,正文未提取，仅据标题；关联依据不足须复核,NA,银行/券商/保险,美联储政策/讲话→美元利率与资金条件→银行利差、券商风险偏好、保险资产负债估值；鹰鸽方向及人民币利率传导未明确前不宣称受益。仅银行/券商/保险。,600036,招商银行,41.71,20261008,腾讯全市场+带日期批量报价核验,6.93,金融行业定向业务名单；仅银行/券商/保险，不从新闻关键词匹配；最新业务占比待核实,产业链研究观察,仅条件性传导，真实利润取决于产品结构、销量、成本和合同；种子/题材不豁免硬筛和风险闸。
美联储官网发布主体，金融条件传导；方向待人工确认,待人工确认,1,券商，资本市场估值与交易活跃度敞口,金融行业定向业务名单；仅银行/券商/保险，不从新闻关键词匹配；最新业务占比待核实,396857000000.0,600036 招商银行；600030 中信证券；601318 中国平安,有业务敞口名单内、产业直接性优先，同层按本次总市值降序取前3；非全行业市值排名,2026-10-08T22:22:11+08:00,中,已核验窗口内官方/指定媒体报道，需人工判断影响,news_8f9bf8f9d80dc8af,海外,"Federal Reserve Board announces it will extend, until November 4, the comment period on its proposal to modernize Regulation O",2026-10-03T04:00:00+08:00,秒/分,窗口内,美联储公告,https://www.federalreserve.gov/newsevents/pressreleases/bcreg20261002a.htm,正文未提取，仅据标题；关联依据不足须复核,NA,银行/券商/保险,美联储政策/讲话→美元利率与资金条件→银行利差、券商风险偏好、保险资产负债估值；鹰鸽方向及人民币利率传导未明确前不宣称受益。仅银行/券商/保险。,600030,中信证券,25.4,20261008,腾讯全市场+带日期批量报价核验,10.01,金融行业定向业务名单；仅银行/券商/保险，不从新闻关键词匹配；最新业务占比待核实,产业链研究观察,仅条件性传导，真实利润取决于产品结构、销量、成本和合同；种子/题材不豁免硬筛和风险闸。
待人工确认：尚无逐事件事实与方向复核，不通过正文词语自动选择产业,待人工确认,NA,NA,NA,NA,NA,NA,2026-10-08T22:22:11+08:00,中,已核验窗口内官方/指定媒体报道，需人工判断影响,news_349bfc0306f3a3a4,海外,Executive Director participates in G7 Leaders’ meeting on energy security and markets,2026-10-03T02:13:38+08:00,秒/分,窗口内,IEA,https://www.iea.org/news/executive-director-participates-in-g7-leaders-meeting-on-energy-security-and-markets,正文未提取，仅据标题；关联依据不足须复核,NA,待人工确认,待人工确认：尚无逐事件事实与方向复核，不通过正文词语自动选择产业,NA,NA,NA,NA,NA,NA,NA,待人工确认,未完成事件语义复核，不把词语相似当业务受益；无符合当前已核验映射的标的。
待人工确认：尚无逐事件事实与方向复核，不通过正文词语自动选择产业,待人工确认,NA,NA,NA,NA,NA,NA,2026-10-08T22:22:11+08:00,中,已核验窗口内官方/指定媒体报道，需人工判断影响,news_a3c1faedd3a2d750,地缘,2026年10月3日外交部发言人郭嘉昆答记者问,2026-10-03T00:00:00+08:00,日（时刻NA）,窗口内（仅日期）,外交部,https://www.mfa.gov.cn/fyrbt_673021/jzhsl_673025/202610/t20261003_12035446.shtml,路透社记者：据俄罗斯媒体报道，普京总统表示下个月在亚太经合组织（APEC）领导人非正式会议期间与习近平主席的会晤将取得积极成果。请问中方能否确认两位领导人将举行会晤？将在,NA,待人工确认,待人工确认：尚无逐事件事实与方向复核，不通过正文词语自动选择产业,NA,NA,NA,NA,NA,NA,NA,待人工确认,未完成事件语义复核，不把词语相似当业务受益；无符合当前已核验映射的标的。
美联储官网发布主体，金融条件传导；方向待人工确认,待人工确认,1,银行，利差/信用成本/资产估值敞口,金融行业定向业务名单；仅银行/券商/保险，不从新闻关键词匹配；最新业务占比待核实,1051920000000.0001,600036 招商银行；600030 中信证券；601318 中国平安,有业务敞口名单内、产业直接性优先，同层按本次总市值降序取前3；非全行业市值排名,2026-10-08T22:22:11+08:00,中,已核验窗口内官方/指定媒体报道，需人工判断影响,news_b441ff6c63c6936c,海外,"Federal Reserve Board issues enforcement action with Ontario Bancorporation, Inc.",2026-10-02T23:00:00+08:00,秒/分,窗口内,美联储公告,https://www.federalreserve.gov/newsevents/pressreleases/enforcement20261002a.htm,正文未提取，仅据标题；关联依据不足须复核,NA,银行/券商/保险,美联储政策/讲话→美元利率与资金条件→银行利差、券商风险偏好、保险资产负债估值；鹰鸽方向及人民币利率传导未明确前不宣称受益。仅银行/券商/保险。,600036,招商银行,41.71,20261008,腾讯全市场+带日期批量报价核验,6.93,金融行业定向业务名单；仅银行/券商/保险，不从新闻关键词匹配；最新业务占比待核实,产业链研究观察,仅条件性传导，真实利润取决于产品结构、销量、成本和合同；种子/题材不豁免硬筛和风险闸。
美联储官网发布主体，金融条件传导；方向待人工确认,待人工确认,1,券商，资本市场估值与交易活跃度敞口,金融行业定向业务名单；仅银行/券商/保险，不从新闻关键词匹配；最新业务占比待核实,396857000000.0,600036 招商银行；600030 中信证券；601318 中国平安,有业务敞口名单内、产业直接性优先，同层按本次总市值降序取前3；非全行业市值排名,2026-10-08T22:22:11+08:00,中,已核验窗口内官方/指定媒体报道，需人工判断影响,news_b441ff6c63c6936c,海外,"Federal Reserve Board issues enforcement action with Ontario Bancorporation, Inc.",2026-10-02T23:00:00+08:00,秒/分,窗口内,美联储公告,https://www.federalreserve.gov/newsevents/pressreleases/enforcement20261002a.htm,正文未提取，仅据标题；关联依据不足须复核,NA,银行/券商/保险,美联储政策/讲话→美元利率与资金条件→银行利差、券商风险偏好、保险资产负债估值；鹰鸽方向及人民币利率传导未明确前不宣称受益。仅银行/券商/保险。,600030,中信证券,25.4,20261008,腾讯全市场+带日期批量报价核验,10.01,金融行业定向业务名单；仅银行/券商/保险，不从新闻关键词匹配；最新业务占比待核实,产业链研究观察,仅条件性传导，真实利润取决于产品结构、销量、成本和合同；种子/题材不豁免硬筛和风险闸。
待人工确认：尚无逐事件事实与方向复核，不通过正文词语自动选择产业,待人工确认,NA,NA,NA,NA,NA,NA,2026-10-08T22:22:11+08:00,中,已核验窗口内官方/指定媒体报道，需人工判断影响,news_59fc502cf857300b,海外,Videoconference with G7 leaders on the global energy situation.,2026-10-02T06:00:00+08:00,日（时刻NA）,窗口内（仅日期）,G7轮值主席国法国,https://www.elysee.fr/en/emmanuel-macron/2026/10/02/videoconference-with-g7-leaders-on-the-global-energy-situation,正文未提取，仅据标题；关联依据不足须复核,NA,待人工确认,待人工确认：尚无逐事件事实与方向复核，不通过正文词语自动选择产业,NA,NA,NA,NA,NA,NA,NA,待人工确认,未完成事件语义复核，不把词语相似当业务受益；无符合当前已核验映射的标的。
待人工确认：尚无逐事件事实与方向复核，不通过正文词语自动选择产业,待人工确认,NA,NA,NA,NA,NA,NA,2026-10-08T22:22:11+08:00,中,已核验窗口内官方/指定媒体报道，需人工判断影响,news_e23a02bc14eb183a,海外,G7 Leaders’ Statement on global energy security and market stability.,2026-10-02T06:00:00+08:00,日（时刻NA）,窗口内（仅日期）,G7轮值主席国法国,https://www.elysee.fr/en/emmanuel-macron/2026/10/02/g7-leaders-statement-on-global-energy-security-and-market-stability,正文未提取，仅据标题；关联依据不足须复核,NA,待人工确认,待人工确认：尚无逐事件事实与方向复核，不通过正文词语自动选择产业,NA,NA,NA,NA,NA,NA,NA,待人工确认,未完成事件语义复核，不把词语相似当业务受益；无符合当前已核验映射的标的。
美联储官网发布主体，金融条件传导；方向待人工确认,待人工确认,1,银行，利差/信用成本/资产估值敞口,金融行业定向业务名单；仅银行/券商/保险，不从新闻关键词匹配；最新业务占比待核实,1051920000000.0001,600036 招商银行；600030 中信证券；601318 中国平安,有业务敞口名单内、产业直接性优先，同层按本次总市值降序取前3；非全行业市值排名,2026-10-08T22:22:11+08:00,中,已核验窗口内官方/指定媒体报道，需人工判断影响,news_37069d7d528dc248,海外,"Bowman, Modernizing Financial Regulation: Initial Observations from eSLR",2026-10-02T03:00:00+08:00,秒/分,窗口内,美联储讲话,https://www.federalreserve.gov/newsevents/speech/bowman20261001a.htm,正文未提取，仅据标题；关联依据不足须复核,NA,银行/券商/保险,美联储政策/讲话→美元利率与资金条件→银行利差、券商风险偏好、保险资产负债估值；鹰鸽方向及人民币利率传导未明确前不宣称受益。仅银行/券商/保险。,600036,招商银行,41.71,20261008,腾讯全市场+带日期批量报价核验,6.93,金融行业定向业务名单；仅银行/券商/保险，不从新闻关键词匹配；最新业务占比待核实,产业链研究观察,仅条件性传导，真实利润取决于产品结构、销量、成本和合同；种子/题材不豁免硬筛和风险闸。
美联储官网发布主体，金融条件传导；方向待人工确认,待人工确认,1,券商，资本市场估值与交易活跃度敞口,金融行业定向业务名单；仅银行/券商/保险，不从新闻关键词匹配；最新业务占比待核实,396857000000.0,600036 招商银行；600030 中信证券；601318 中国平安,有业务敞口名单内、产业直接性优先，同层按本次总市值降序取前3；非全行业市值排名,2026-10-08T22:22:11+08:00,中,已核验窗口内官方/指定媒体报道，需人工判断影响,news_37069d7d528dc248,海外,"Bowman, Modernizing Financial Regulation: Initial Observations from eSLR",2026-10-02T03:00:00+08:00,秒/分,窗口内,美联储讲话,https://www.federalreserve.gov/newsevents/speech/bowman20261001a.htm,正文未提取，仅据标题；关联依据不足须复核,NA,银行/券商/保险,美联储政策/讲话→美元利率与资金条件→银行利差、券商风险偏好、保险资产负债估值；鹰鸽方向及人民币利率传导未明确前不宣称受益。仅银行/券商/保险。,600030,中信证券,25.4,20261008,腾讯全市场+带日期批量报价核验,10.01,金融行业定向业务名单；仅银行/券商/保险，不从新闻关键词匹配；最新业务占比待核实,产业链研究观察,仅条件性传导，真实利润取决于产品结构、销量、成本和合同；种子/题材不豁免硬筛和风险闸。
美联储官网发布主体，金融条件传导；方向待人工确认,待人工确认,1,银行，利差/信用成本/资产估值敞口,金融行业定向业务名单；仅银行/券商/保险，不从新闻关键词匹配；最新业务占比待核实,1051920000000.0001,600036 招商银行；600030 中信证券；601318 中国平安,有业务敞口名单内、产业直接性优先，同层按本次总市值降序取前3；非全行业市值排名,2026-10-08T22:22:11+08:00,中,已核验窗口内官方/指定媒体报道，需人工判断影响,news_ac115ce1c9c68ec7,海外,"Jefferson, The U.S. Economy and Monetary Policy",2026-10-02T01:30:00+08:00,秒/分,窗口内,美联储讲话,https://www.federalreserve.gov/newsevents/speech/jefferson20261001a.htm,正文未提取，仅据标题；关联依据不足须复核,NA,银行/券商/保险,美联储政策/讲话→美元利率与资金条件→银行利差、券商风险偏好、保险资产负债估值；鹰鸽方向及人民币利率传导未明确前不宣称受益。仅银行/券商/保险。,600036,招商银行,41.71,20261008,腾讯全市场+带日期批量报价核验,6.93,金融行业定向业务名单；仅银行/券商/保险，不从新闻关键词匹配；最新业务占比待核实,产业链研究观察,仅条件性传导，真实利润取决于产品结构、销量、成本和合同；种子/题材不豁免硬筛和风险闸。
美联储官网发布主体，金融条件传导；方向待人工确认,待人工确认,1,券商，资本市场估值与交易活跃度敞口,金融行业定向业务名单；仅银行/券商/保险，不从新闻关键词匹配；最新业务占比待核实,396857000000.0,600036 招商银行；600030 中信证券；601318 中国平安,有业务敞口名单内、产业直接性优先，同层按本次总市值降序取前3；非全行业市值排名,2026-10-08T22:22:11+08:00,中,已核验窗口内官方/指定媒体报道，需人工判断影响,news_ac115ce1c9c68ec7,海外,"Jefferson, The U.S. Economy and Monetary Policy",2026-10-02T01:30:00+08:00,秒/分,窗口内,美联储讲话,https://www.federalreserve.gov/newsevents/speech/jefferson20261001a.htm,正文未提取，仅据标题；关联依据不足须复核,NA,银行/券商/保险,美联储政策/讲话→美元利率与资金条件→银行利差、券商风险偏好、保险资产负债估值；鹰鸽方向及人民币利率传导未明确前不宣称受益。仅银行/券商/保险。,600030,中信证券,25.4,20261008,腾讯全市场+带日期批量报价核验,10.01,金融行业定向业务名单；仅银行/券商/保险，不从新闻关键词匹配；最新业务占比待核实,产业链研究观察,仅条件性传导，真实利润取决于产品结构、销量、成本和合同；种子/题材不豁免硬筛和风险闸。
逐事件语义复核@2026-10-08；事实：国庆假期首日高速公路充电量同比增长60.4%；事件分类为研判；涉及表态/转述/预期的标题不当作行动已发生。地缘类仅列风险敏感行业，方向需核实。,直接使用量关联，利润待确认,1,电缆及充电设施运营/设备，充电利用率敞口,万马爱充官方运营平台 https://open.eichong.com/ 核验2026-10-08；用户指定上市主体,10010000000.0,002276 万马股份；002227 奥特迅,有业务敞口名单内、产业直接性优先，同层按本次总市值降序取前3；非全行业市值排名,2026-10-08T22:22:11+08:00,中,已核验窗口内官方/指定媒体报道，需人工判断影响,news_fde75c420d507276,政策,国庆假期首日高速公路充电量同比增长60.4%,2026-10-02T00:00:00+08:00,日（时刻NA）,窗口内（仅日期）,能源局,https://www.nea.gov.cn/20261002/6cc9b8aed9db4bef91a5e89401def900/c.html,国庆假期，新能源汽车出行热度持续攀升。为深入贯彻落实党中央、国务院决策部署，有效应对国庆假期新能源汽车出行高峰，国家能源局前瞻部署、系统谋划，指导各地落实设备节前检修维护,NA,充电桩/充电运营,高速充电量增长→已有充电站利用率和电量收入可能增加；设备企业需新增建桩订单才兑现，充电量不是新增设备销量。,002276,万马股份,9.9,20261008,腾讯全市场+带日期批量报价核验,32.71,万马爱充官方运营平台 https://open.eichong.com/ 核验2026-10-08；用户指定上市主体,产业链研究观察,仅条件性传导，真实利润取决于产品结构、销量、成本和合同；种子/题材不豁免硬筛和风险闸。
逐事件语义复核@2026-10-08；事实：国庆假期首日高速公路充电量同比增长60.4%；事件分类为研判；涉及表态/转述/预期的标题不当作行动已发生。地缘类仅列风险敏感行业，方向需核实。,间接关联、待人工确认,2,动力及储能电池，车辆保有量/销量间接敞口,用户2026-10-08产业链基准（原任务书指定），须持续核验最新业务结构,56801000000.0,002074 国轩高科；600884 杉杉股份,有业务敞口名单内、产业直接性优先，同层按本次总市值降序取前3；非全行业市值排名,2026-10-08T22:22:11+08:00,中,已核验窗口内官方/指定媒体报道，需人工判断影响,news_fde75c420d507276,政策,国庆假期首日高速公路充电量同比增长60.4%,2026-10-02T00:00:00+08:00,日（时刻NA）,窗口内（仅日期）,能源局,https://www.nea.gov.cn/20261002/6cc9b8aed9db4bef91a5e89401def900/c.html,国庆假期，新能源汽车出行热度持续攀升。为深入贯彻落实党中央、国务院决策部署，有效应对国庆假期新能源汽车出行高峰，国家能源局前瞻部署、系统谋划，指导各地落实设备节前检修维护,NA,动力电池/材料,充电使用量增加反映新能源汽车使用强度；不能直接推出新车/动力电池/负极材料订单增加，电池与材料排在充电运营之后。,002074,国轩高科,31.3,20261008,腾讯全市场+带日期批量报价核验,16.69,用户2026-10-08产业链基准（原任务书指定），须持续核验最新业务结构,产业链研究观察,仅条件性传导，真实利润取决于产品结构、销量、成本和合同；种子/题材不豁免硬筛和风险闸。
逐事件语义复核@2026-10-08；事实：国庆假期首日高速公路充电量同比增长60.4%；事件分类为研判；涉及表态/转述/预期的标题不当作行动已发生。地缘类仅列风险敏感行业，方向需核实。,间接关联、待人工确认,2,电池负极材料等，充电使用量不能直接推出电池订单,用户2026-10-08产业链基准（原任务书指定），须持续核验最新业务结构,26656000000.0,002074 国轩高科；600884 杉杉股份,有业务敞口名单内、产业直接性优先，同层按本次总市值降序取前3；非全行业市值排名,2026-10-08T22:22:11+08:00,中,已核验窗口内官方/指定媒体报道，需人工判断影响,news_fde75c420d507276,政策,国庆假期首日高速公路充电量同比增长60.4%,2026-10-02T00:00:00+08:00,日（时刻NA）,窗口内（仅日期）,能源局,https://www.nea.gov.cn/20261002/6cc9b8aed9db4bef91a5e89401def900/c.html,国庆假期，新能源汽车出行热度持续攀升。为深入贯彻落实党中央、国务院决策部署，有效应对国庆假期新能源汽车出行高峰，国家能源局前瞻部署、系统谋划，指导各地落实设备节前检修维护,NA,动力电池/材料,充电使用量增加反映新能源汽车使用强度；不能直接推出新车/动力电池/负极材料订单增加，电池与材料排在充电运营之后。,600884,杉杉股份,11.87,20261008,腾讯全市场+带日期批量报价核验,24.84,用户2026-10-08产业链基准（原任务书指定），须持续核验最新业务结构,产业链研究观察,仅条件性传导，真实利润取决于产品结构、销量、成本和合同；种子/题材不豁免硬筛和风险闸。
美联储官网发布主体，金融条件传导；方向待人工确认,待人工确认,1,银行，利差/信用成本/资产估值敞口,金融行业定向业务名单；仅银行/券商/保险，不从新闻关键词匹配；最新业务占比待核实,1051920000000.0001,600036 招商银行；600030 中信证券；601318 中国平安,有业务敞口名单内、产业直接性优先，同层按本次总市值降序取前3；非全行业市值排名,2026-10-08T22:22:11+08:00,中,已核验窗口内官方/指定媒体报道，需人工判断影响,news_69ab72a6e8887fd3,海外,"Waller, The Data Version of Godzilla versus Kong: FRED Takes on AI",2026-10-01T22:00:00+08:00,秒/分,窗口内,美联储讲话,https://www.federalreserve.gov/newsevents/speech/waller20261001a.htm,正文未提取，仅据标题；关联依据不足须复核,NA,银行/券商/保险,美联储政策/讲话→美元利率与资金条件→银行利差、券商风险偏好、保险资产负债估值；鹰鸽方向及人民币利率传导未明确前不宣称受益。仅银行/券商/保险。,600036,招商银行,41.71,20261008,腾讯全市场+带日期批量报价核验,6.93,金融行业定向业务名单；仅银行/券商/保险，不从新闻关键词匹配；最新业务占比待核实,产业链研究观察,仅条件性传导，真实利润取决于产品结构、销量、成本和合同；种子/题材不豁免硬筛和风险闸。
美联储官网发布主体，金融条件传导；方向待人工确认,待人工确认,1,券商，资本市场估值与交易活跃度敞口,金融行业定向业务名单；仅银行/券商/保险，不从新闻关键词匹配；最新业务占比待核实,396857000000.0,600036 招商银行；600030 中信证券；601318 中国平安,有业务敞口名单内、产业直接性优先，同层按本次总市值降序取前3；非全行业市值排名,2026-10-08T22:22:11+08:00,中,已核验窗口内官方/指定媒体报道，需人工判断影响,news_69ab72a6e8887fd3,海外,"Waller, The Data Version of Godzilla versus Kong: FRED Takes on AI",2026-10-01T22:00:00+08:00,秒/分,窗口内,美联储讲话,https://www.federalreserve.gov/newsevents/speech/waller20261001a.htm,正文未提取，仅据标题；关联依据不足须复核,NA,银行/券商/保险,美联储政策/讲话→美元利率与资金条件→银行利差、券商风险偏好、保险资产负债估值；鹰鸽方向及人民币利率传导未明确前不宣称受益。仅银行/券商/保险。,600030,中信证券,25.4,20261008,腾讯全市场+带日期批量报价核验,10.01,金融行业定向业务名单；仅银行/券商/保险，不从新闻关键词匹配；最新业务占比待核实,产业链研究观察,仅条件性传导，真实利润取决于产品结构、销量、成本和合同；种子/题材不豁免硬筛和风险闸。
待人工确认：尚无逐事件事实与方向复核，不通过正文词语自动选择产业,待人工确认,NA,NA,NA,NA,NA,NA,2026-10-08T22:22:11+08:00,中,已核验窗口内官方/指定媒体报道，需人工判断影响,news_3529353b971d3efc,海外,New podcast episode looks at the momentum behind fusion energy and the challenges ahead,2026-10-01T15:00:00+08:00,秒/分,窗口内,IEA,https://www.iea.org/news/new-podcast-episode-looks-at-the-momentum-behind-fusion-energy-and-the-challenges-ahead,正文未提取，仅据标题；关联依据不足须复核,NA,待人工确认,待人工确认：尚无逐事件事实与方向复核，不通过正文词语自动选择产业,NA,NA,NA,NA,NA,NA,NA,待人工确认,未完成事件语义复核，不把词语相似当业务受益；无符合当前已核验映射的标的。
美联储官网发布主体，金融条件传导；方向待人工确认,待人工确认,1,银行，利差/信用成本/资产估值敞口,金融行业定向业务名单；仅银行/券商/保险，不从新闻关键词匹配；最新业务占比待核实,1051920000000.0001,600036 招商银行；600030 中信证券；601318 中国平安,有业务敞口名单内、产业直接性优先，同层按本次总市值降序取前3；非全行业市值排名,2026-10-08T22:22:11+08:00,中,已核验窗口内官方/指定媒体报道，需人工判断影响,news_85f84af18928a744,海外,"Cook, The Dual Mandate in Rural America",2026-10-01T03:25:00+08:00,秒/分,窗口内,美联储讲话,https://www.federalreserve.gov/newsevents/speech/cook20260930a.htm,正文未提取，仅据标题；关联依据不足须复核,NA,银行/券商/保险,美联储政策/讲话→美元利率与资金条件→银行利差、券商风险偏好、保险资产负债估值；鹰鸽方向及人民币利率传导未明确前不宣称受益。仅银行/券商/保险。,600036,招商银行,41.71,20261008,腾讯全市场+带日期批量报价核验,6.93,金融行业定向业务名单；仅银行/券商/保险，不从新闻关键词匹配；最新业务占比待核实,产业链研究观察,仅条件性传导，真实利润取决于产品结构、销量、成本和合同；种子/题材不豁免硬筛和风险闸。
美联储官网发布主体，金融条件传导；方向待人工确认,待人工确认,1,券商，资本市场估值与交易活跃度敞口,金融行业定向业务名单；仅银行/券商/保险，不从新闻关键词匹配；最新业务占比待核实,396857000000.0,600036 招商银行；600030 中信证券；601318 中国平安,有业务敞口名单内、产业直接性优先，同层按本次总市值降序取前3；非全行业市值排名,2026-10-08T22:22:11+08:00,中,已核验窗口内官方/指定媒体报道，需人工判断影响,news_85f84af18928a744,海外,"Cook, The Dual Mandate in Rural America",2026-10-01T03:25:00+08:00,秒/分,窗口内,美联储讲话,https://www.federalreserve.gov/newsevents/speech/cook20260930a.htm,正文未提取，仅据标题；关联依据不足须复核,NA,银行/券商/保险,美联储政策/讲话→美元利率与资金条件→银行利差、券商风险偏好、保险资产负债估值；鹰鸽方向及人民币利率传导未明确前不宣称受益。仅银行/券商/保险。,600030,中信证券,25.4,20261008,腾讯全市场+带日期批量报价核验,10.01,金融行业定向业务名单；仅银行/券商/保险，不从新闻关键词匹配；最新业务占比待核实,产业链研究观察,仅条件性传导，真实利润取决于产品结构、销量、成本和合同；种子/题材不豁免硬筛和风险闸。
美联储官网发布主体，金融条件传导；方向待人工确认,待人工确认,1,银行，利差/信用成本/资产估值敞口,金融行业定向业务名单；仅银行/券商/保险，不从新闻关键词匹配；最新业务占比待核实,1051920000000.0001,600036 招商银行；600030 中信证券；601318 中国平安,有业务敞口名单内、产业直接性优先，同层按本次总市值降序取前3；非全行业市值排名,2026-10-08T22:22:11+08:00,中,已核验窗口内官方/指定媒体报道，需人工判断影响,news_2d126dcc2a0a42d3,海外,Federal Reserve Board finalizes changes to enhance the transparency and public accountability of its stress test and reduce volatility in its stress test-related capital requirements,2026-09-30T21:00:00+08:00,秒/分,窗口内,美联储公告,https://www.federalreserve.gov/newsevents/pressreleases/bcreg20260930a.htm,正文未提取，仅据标题；关联依据不足须复核,NA,银行/券商/保险,美联储政策/讲话→美元利率与资金条件→银行利差、券商风险偏好、保险资产负债估值；鹰鸽方向及人民币利率传导未明确前不宣称受益。仅银行/券商/保险。,600036,招商银行,41.71,20261008,腾讯全市场+带日期批量报价核验,6.93,金融行业定向业务名单；仅银行/券商/保险，不从新闻关键词匹配；最新业务占比待核实,产业链研究观察,仅条件性传导，真实利润取决于产品结构、销量、成本和合同；种子/题材不豁免硬筛和风险闸。
美联储官网发布主体，金融条件传导；方向待人工确认,待人工确认,1,券商，资本市场估值与交易活跃度敞口,金融行业定向业务名单；仅银行/券商/保险，不从新闻关键词匹配；最新业务占比待核实,396857000000.0,600036 招商银行；600030 中信证券；601318 中国平安,有业务敞口名单内、产业直接性优先，同层按本次总市值降序取前3；非全行业市值排名,2026-10-08T22:22:11+08:00,中,已核验窗口内官方/指定媒体报道，需人工判断影响,news_2d126dcc2a0a42d3,海外,Federal Reserve Board finalizes changes to enhance the transparency and public accountability of its stress test and reduce volatility in its stress test-related capital requirements,2026-09-30T21:00:00+08:00,秒/分,窗口内,美联储公告,https://www.federalreserve.gov/newsevents/pressreleases/bcreg20260930a.htm,正文未提取，仅据标题；关联依据不足须复核,NA,银行/券商/保险,美联储政策/讲话→美元利率与资金条件→银行利差、券商风险偏好、保险资产负债估值；鹰鸽方向及人民币利率传导未明确前不宣称受益。仅银行/券商/保险。,600030,中信证券,25.4,20261008,腾讯全市场+带日期批量报价核验,10.01,金融行业定向业务名单；仅银行/券商/保险，不从新闻关键词匹配；最新业务占比待核实,产业链研究观察,仅条件性传导，真实利润取决于产品结构、销量、成本和合同；种子/题材不豁免硬筛和风险闸。
待人工确认：发布时间未核验,待人工确认,NA,NA,NA,NA,NA,NA,2026-10-08T22:22:11+08:00,低,发布时间未核验，不升级,news_f6e8a0e74e10ecce,政策,国家能源局发布2026年8月全国可再生能源绿色电力证书核发及交易数据,2026-09-30T00:00:00+08:00,日（时刻NA）,边界日期待核验,能源局,https://www.nea.gov.cn/20260930/8cee035ddfd7417fbea02b55cc386469/c.html,一、绿证核发情况 2026年8月，国家能源局核发绿证3.54亿个，环比增长15.75%，涉及可再生能源发电项目370.96万个，其中可交易绿证2.12亿个，占比60.04,NA,待人工确认,待人工确认：发布时间未核验,NA,NA,NA,NA,NA,NA,NA,待人工确认,未完成事件语义复核，不把词语相似当业务受益；无符合当前已核验映射的标的。
待人工确认：发布时间未核验,待人工确认,NA,NA,NA,NA,NA,NA,2026-10-08T22:22:11+08:00,低,发布时间未核验，不升级,news_d59fb7b931648d65,政策,国家能源局综合司关于公开征求《电力并网运行管理规定》（征求意见稿）意见的通知,2026-09-30T00:00:00+08:00,日（时刻NA）,边界日期待核验,能源局,https://www.nea.gov.cn/20260930/43fede537ca048b1a6a51fe0970fb205/c.html,目录项的基本信息 公开事项名称: 国家能源局综合司关于公开征求《电力并网运行管理规定》（征求意见稿）意见的通知 索引号: 000019705/2026-000158 主办,NA,待人工确认,待人工确认：发布时间未核验,NA,NA,NA,NA,NA,NA,NA,待人工确认,未完成事件语义复核，不把词语相似当业务受益；无符合当前已核验映射的标的。
待人工确认：发布时间未核验,待人工确认,NA,NA,NA,NA,NA,NA,2026-10-08T22:22:11+08:00,低,发布时间未核验，不升级,news_492b577c9e572d59,政策,国家能源局召开党组会议 学习贯彻全国安全生产视频会议精神 部署做好能源电力安全生产工作,2026-09-30T00:00:00+08:00,日（时刻NA）,边界日期待核验,能源局,https://www.nea.gov.cn/20260930/d3e6bcf98d93436c89c62204f4eb0a58/c.html,9月30日，国家能源局召开党组会议，深入学习贯彻全国安全生产视频会议精神，研究部署国庆假期前后安全防范重点工作。局党组书记、局长王宏志主持会议并讲话。 会议指出，国庆假期,NA,待人工确认,待人工确认：发布时间未核验,NA,NA,NA,NA,NA,NA,NA,待人工确认,未完成事件语义复核，不把词语相似当业务受益；无符合当前已核验映射的标的。
待人工确认：发布时间未核验,待人工确认,NA,NA,NA,NA,NA,NA,2026-10-08T22:22:11+08:00,低,发布时间未核验，不升级,news_5659f17dee18a835,政策,超危大工程方案论证专家的选择上，企业应该优先执行《危险性较大的分部分项工程安全管理规定》的要求还是优先执行《电力建设工程施工安全管理导则》的要求？,2026-09-30T00:00:00+08:00,日（时刻NA）,边界日期待核验,能源局,https://www.nea.gov.cn/20260930/599507cdb20640bd95a2fdb71dafd7a4/c.html,咨询时间： 2026.8.10 电力工程项目，在超危大工程方案论证专家的选择上，企业应该优先执行37号令的要求还是优先执行《电力建设工程施工安全管理导则》的要求。又或者其,NA,待人工确认,待人工确认：发布时间未核验,NA,NA,NA,NA,NA,NA,NA,待人工确认,未完成事件语义复核，不把词语相似当业务受益；无符合当前已核验映射的标的。
待人工确认：发布时间未核验,待人工确认,NA,NA,NA,NA,NA,NA,2026-10-08T22:22:11+08:00,低,发布时间未核验，不升级,news_2f82ff7e76345998,政策,超危大工程方案组织召开专家审查论证会时，施工单位本部分管安全的负责人、技术负责人能否授权专业人员代其参加专家审查论证会？,2026-09-30T00:00:00+08:00,日（时刻NA）,边界日期待核验,能源局,https://www.nea.gov.cn/20260930/5ddb605ffa6f4bbf87c1876da13323ee/c.html,咨询时间： 2026.8.10 《电力建设工程施工安全管理导则》NB／T10096-2018中，要求超危方案组织召开专家审查论证会，需“施工单位本部分管安全的负责人、技术,NA,待人工确认,待人工确认：发布时间未核验,NA,NA,NA,NA,NA,NA,NA,待人工确认,未完成事件语义复核，不把词语相似当业务受益；无符合当前已核验映射的标的。
待人工确认：发布时间未核验,待人工确认,NA,NA,NA,NA,NA,NA,2026-10-08T22:22:11+08:00,低,发布时间未核验，不升级,news_0ec845c9795f6c67,政策,以新型电网建设促进“六张网”协同发展,2026-09-30T00:00:00+08:00,日（时刻NA）,边界日期待核验,能源局,https://www.nea.gov.cn/20260930/7fe19863a1a24c2299fd06e8aac47ce8/c.html,习近平总书记指出：“优化基础设施布局、结构、功能和系统集成，构建现代化基础设施体系。”今年4月28日召开的中共中央政治局会议指出，加强水网、新型电网、算力网、新一代通信网,NA,待人工确认,待人工确认：发布时间未核验,NA,NA,NA,NA,NA,NA,NA,待人工确认,未完成事件语义复核，不把词语相似当业务受益；无符合当前已核验映射的标的。
待人工确认：发布时间未核验,待人工确认,NA,NA,NA,NA,NA,NA,2026-10-08T22:22:11+08:00,低,发布时间未核验，不升级,news_bb963b556dc609ca,政策,怎样看待光伏发电装机首超煤电,2026-09-30T00:00:00+08:00,日（时刻NA）,边界日期待核验,能源局,https://www.nea.gov.cn/20260930/cc8c34e7fc454d51aee608d9e75b0d9a/c.html,截至今年7月底，光伏发电装机首超煤电，成为我国装机规模最大的电源品类。10多年前，光伏业还深陷低迷，如今何以取得这样的成绩？ ——人民网网友 确如这位网友所言，如今登顶我,NA,待人工确认,待人工确认：发布时间未核验,NA,NA,NA,NA,NA,NA,NA,待人工确认,未完成事件语义复核，不把词语相似当业务受益；无符合当前已核验映射的标的。
待人工确认：发布时间未核验,待人工确认,NA,NA,NA,NA,NA,NA,2026-10-08T22:22:11+08:00,低,发布时间未核验，不升级,news_52ff58f9bcb4103f,政策,推进能源体系绿色低碳转型,2026-09-30T00:00:00+08:00,日（时刻NA）,边界日期待核验,能源局,https://www.nea.gov.cn/20260930/161af7d1cdfe47d98a34cb2219102590/c.html,习近平总书记指出：“坚持‘双碳’引领，推动全面绿色转型。”《新型能源体系建设“十五五”规划》提出：“更好统筹发展和安全，以安全充裕为前提、经济可行为基础、科技创新为引领、,NA,待人工确认,待人工确认：发布时间未核验,NA,NA,NA,NA,NA,NA,NA,待人工确认,未完成事件语义复核，不把词语相似当业务受益；无符合当前已核验映射的标的。
待人工确认：发布时间未核验,待人工确认,NA,NA,NA,NA,NA,NA,2026-10-08T22:22:11+08:00,低,发布时间未核验，不升级,news_979cd07403612f7c,政策,《新型电池产业发展“十五五”规划》发布,2026-09-30T00:00:00+08:00,日（时刻NA）,边界日期待核验,能源局,https://www.nea.gov.cn/20260930/5a63797bd7264163b6b0c482aa5e6ba9/c.html,工业和信息化部等7部门28日联合印发《新型电池产业发展“十五五”规划》，提出到2030年，我国新体系电池研发取得重大进展，全固态电池初步实现规模化应用。 新型电池是以新机,NA,待人工确认,待人工确认：发布时间未核验,NA,NA,NA,NA,NA,NA,NA,待人工确认,未完成事件语义复核，不把词语相似当业务受益；无符合当前已核验映射的标的。
待人工确认：发布时间未核验,待人工确认,NA,NA,NA,NA,NA,NA,2026-10-08T22:22:11+08:00,低,发布时间未核验，不升级,news_ba16928e8934ed1d,政策,中国石油西南油气田2026年油气当量突破3000万吨,2026-09-30T00:00:00+08:00,日（时刻NA）,边界日期待核验,能源局,https://www.nea.gov.cn/20260930/34991f76a76d433f896869ebef0dec23/c.html,9月28日，中国石油西南油气田公司2026年油气当量突破3000万吨，创历史同期新高。 四川盆地被誉为“天然气地质博物馆”，这里构造复杂，超深层天然气勘探开发难度居国内之,NA,待人工确认,待人工确认：发布时间未核验,NA,NA,NA,NA,NA,NA,NA,待人工确认,未完成事件语义复核，不把词语相似当业务受益；无符合当前已核验映射的标的。
待人工确认：发布时间未核验,待人工确认,NA,NA,NA,NA,NA,NA,2026-10-08T22:22:11+08:00,低,发布时间未核验，不升级,news_ccda26bd94eca954,政策,国家能源局2026年第三季度政府网站和政务新媒体抽查情况,2026-09-30T00:00:00+08:00,日（时刻NA）,边界日期待核验,能源局,https://www.nea.gov.cn/20260930/62eede84053d4220892a8fdb742ee87f/c.html,根据全国政府网站抽查工作要求，现将我局2026年第三季度政府网站和政务新媒体抽查情况通报如下。 一、总体情况 2026年第三季度，我们检查了局门户网站、全局系统21个政府,NA,待人工确认,待人工确认：发布时间未核验,NA,NA,NA,NA,NA,NA,NA,待人工确认,未完成事件语义复核，不把词语相似当业务受益；无符合当前已核验映射的标的。
待人工确认：发布时间未核验,待人工确认,NA,NA,NA,NA,NA,NA,2026-10-08T22:22:11+08:00,低,发布时间未核验，不升级,news_01b0cf5bdd513aa8,地缘,2026年9月30日外交部发言人郭嘉昆主持例行记者会,2026-09-30T00:00:00+08:00,日（时刻NA）,边界日期待核验,外交部,https://www.mfa.gov.cn/fyrbt_673021/jzhsl_673025/202609/t20260930_12034297.shtml,总台央视记者：今天上午，国务院发展研究中心发布《中国发展报告2026》。报告系统梳理了中国式现代化建设取得的新成效，介绍了中国为促进全球发展所作贡献。发言人对此有何评论？,NA,待人工确认,待人工确认：发布时间未核验,NA,NA,NA,NA,NA,NA,NA,待人工确认,未完成事件语义复核，不把词语相似当业务受益；无符合当前已核验映射的标的。
待人工确认：发布时间未核验,待人工确认,NA,NA,NA,NA,NA,NA,2026-10-08T22:22:11+08:00,低,发布时间未核验，不升级,news_32fe0adaadcc2aad,政策,京公网安备 11010202000016号,NA,NA,发布时间NA，不能确认窗口,央行,https://www.beian.gov.cn/portal/registerSystemInfo?recordcode=11010202000016,正文未提取，仅据标题；关联依据不足须复核,NA,待人工确认,待人工确认：发布时间未核验,NA,NA,NA,NA,NA,NA,NA,待人工确认,未完成事件语义复核，不把词语相似当业务受益；无符合当前已核验映射的标的。
待人工确认：发布时间未核验,待人工确认,NA,NA,NA,NA,NA,NA,2026-10-08T22:22:11+08:00,低,发布时间未核验，不升级,news_8ef7e147d586b1e7,政策,政府网站年度报表,NA,NA,发布时间NA，不能确认窗口,证监会,https://www.csrc.gov.cn/csrc/c100028/c1605825/content.shtml,正文未提取，仅据标题；关联依据不足须复核,NA,待人工确认,待人工确认：发布时间未核验,NA,NA,NA,NA,NA,NA,NA,待人工确认,未完成事件语义复核，不把词语相似当业务受益；无符合当前已核验映射的标的。
待人工确认：发布时间未核验,待人工确认,NA,NA,NA,NA,NA,NA,2026-10-08T22:22:11+08:00,低,发布时间未核验，不升级,news_a91bbf34efe35af1,政策,政府网站年度报表,NA,NA,发布时间NA，不能确认窗口,证监会,https://www.csrc.gov.cn/csrc/c100028/c1556034/content.shtml,正文未提取，仅据标题；关联依据不足须复核,NA,待人工确认,待人工确认：发布时间未核验,NA,NA,NA,NA,NA,NA,NA,待人工确认,未完成事件语义复核，不把词语相似当业务受益；无符合当前已核验映射的标的。
待人工确认：发布时间未核验,待人工确认,NA,NA,NA,NA,NA,NA,2026-10-08T22:22:11+08:00,低,发布时间未核验，不升级,news_5180c7ebde7f29f5,海外,News and commentaries,NA,NA,发布时间NA，不能确认窗口,IEA,https://www.iea.org/news?topic%5B0%5D=2022-energy-crisis,"Investment IEA, ECB and EIB highlight importance of an accelerated clean energy trans",NA,待人工确认,待人工确认：发布时间未核验,NA,NA,NA,NA,NA,NA,NA,待人工确认,未完成事件语义复核，不把词语相似当业务受益；无符合当前已核验映射的标的。
待人工确认：发布时间未核验,待人工确认,NA,NA,NA,NA,NA,NA,2026-10-08T22:22:11+08:00,低,发布时间未核验，不升级,news_dd8f81963fb3bcc0,海外,News and commentaries,NA,NA,发布时间NA，不能确认窗口,IEA,https://www.iea.org/news?year=2026,Commentary Can Latin America and the Caribbean’s workforce keep pace with the energy ,NA,待人工确认,待人工确认：发布时间未核验,NA,NA,NA,NA,NA,NA,NA,待人工确认,未完成事件语义复核，不把词语相似当业务受益；无符合当前已核验映射的标的。
待人工确认：发布时间未核验,待人工确认,NA,NA,NA,NA,NA,NA,2026-10-08T22:22:11+08:00,低,发布时间未核验，不升级,news_15ab43181f608535,海外,News and commentaries,NA,NA,发布时间NA，不能确认窗口,IEA,https://www.iea.org/news?year=2025,News New podcast episode explores the shifting geography of energy demand 18 December,NA,待人工确认,待人工确认：发布时间未核验,NA,NA,NA,NA,NA,NA,NA,待人工确认,未完成事件语义复核，不把词语相似当业务受益；无符合当前已核验映射的标的。
待人工确认：发布时间未核验,待人工确认,NA,NA,NA,NA,NA,NA,2026-10-08T22:22:11+08:00,低,发布时间未核验，不升级,news_71f1573d432dd402,海外,News and commentaries,NA,NA,发布时间NA，不能确认窗口,IEA,https://www.iea.org/news?year=2024,Energy Security The IEA in 2024: Reviewing the year after the last Governing Board me,NA,待人工确认,待人工确认：发布时间未核验,NA,NA,NA,NA,NA,NA,NA,待人工确认,未完成事件语义复核，不把词语相似当业务受益；无符合当前已核验映射的标的。
待人工确认：发布时间未核验,待人工确认,NA,NA,NA,NA,NA,NA,2026-10-08T22:22:11+08:00,低,发布时间未核验，不升级,news_957e2da378494cc3,海外,News and commentaries,NA,NA,发布时间NA，不能确认窗口,IEA,https://www.iea.org/news?year=2023,Commentary China’s petrochemical surge is driving global oil demand growth 19 Decembe,NA,待人工确认,待人工确认：发布时间未核验,NA,NA,NA,NA,NA,NA,NA,待人工确认,未完成事件语义复核，不把词语相似当业务受益；无符合当前已核验映射的标的。
待人工确认：发布时间未核验,待人工确认,NA,NA,NA,NA,NA,NA,2026-10-08T22:22:11+08:00,低,发布时间未核验，不升级,news_853de8b79f72049a,海外,News and commentaries,NA,NA,发布时间NA，不能确认窗口,IEA,https://www.iea.org/news?year=2022,Russia's War on Ukraine The world’s coal consumption is set to reach a new high in 20,NA,待人工确认,待人工确认：发布时间未核验,NA,NA,NA,NA,NA,NA,NA,待人工确认,未完成事件语义复核，不把词语相似当业务受益；无符合当前已核验映射的标的。
待人工确认：发布时间未核验,待人工确认,NA,NA,NA,NA,NA,NA,2026-10-08T22:22:11+08:00,低,发布时间未核验，不升级,news_72f28da3dc3645ae,海外,News and commentaries,NA,NA,发布时间NA，不能确认窗口,IEA,https://www.iea.org/news?year=2021,"Commentary Global SUV sales set another record in 2021, setting back efforts to reduc",NA,待人工确认,待人工确认：发布时间未核验,NA,NA,NA,NA,NA,NA,NA,待人工确认,未完成事件语义复核，不把词语相似当业务受益；无符合当前已核验映射的标的。
待人工确认：发布时间未核验,待人工确认,NA,NA,NA,NA,NA,NA,2026-10-08T22:22:11+08:00,低,发布时间未核验，不升级,news_dac933fe96af4c2a,海外,News and commentaries,NA,NA,发布时间NA，不能确认窗口,IEA,https://www.iea.org/news?year=2020,Commentary A policy framework for accelerating sustainable energy transitions in heav,NA,待人工确认,待人工确认：发布时间未核验,NA,NA,NA,NA,NA,NA,NA,待人工确认,未完成事件语义复核，不把词语相似当业务受益；无符合当前已核验映射的标的。
待人工确认：发布时间未核验,待人工确认,NA,NA,NA,NA,NA,NA,2026-10-08T22:22:11+08:00,低,发布时间未核验，不升级,news_465d248fe7eebe31,海外,News and commentaries,NA,NA,发布时间NA，不能确认窗口,IEA,https://www.iea.org/news?year=2019,Commentary Data centres and energy – from global headlines to local headaches? 20 Dec,NA,待人工确认,待人工确认：发布时间未核验,NA,NA,NA,NA,NA,NA,NA,待人工确认,未完成事件语义复核，不把词语相似当业务受益；无符合当前已核验映射的标的。
待人工确认：发布时间未核验,待人工确认,NA,NA,NA,NA,NA,NA,2026-10-08T22:22:11+08:00,低,发布时间未核验，不升级,news_bf6396f1a2a8586c,海外,News and commentaries,NA,NA,发布时间NA，不能确认窗口,IEA,https://www.iea.org/news?year=2018,Energy Efficiency IEA holds first ever Energy Efficiency in Emerging Economies Traini,NA,待人工确认,待人工确认：发布时间未核验,NA,NA,NA,NA,NA,NA,NA,待人工确认,未完成事件语义复核，不把词语相似当业务受益；无符合当前已核验映射的标的。
待人工确认：发布时间未核验,待人工确认,NA,NA,NA,NA,NA,NA,2026-10-08T22:22:11+08:00,低,发布时间未核验，不升级,news_56f42be7c1a8ebc8,海外,News and commentaries,NA,NA,发布时间NA，不能确认窗口,IEA,https://www.iea.org/news?year=2017,Commentary Heating Chinese cities while enhancing air quality 20 December 2017,NA,待人工确认,待人工确认：发布时间未核验,NA,NA,NA,NA,NA,NA,NA,待人工确认,未完成事件语义复核，不把词语相似当业务受益；无符合当前已核验映射的标的。
待人工确认：发布时间未核验,待人工确认,NA,NA,NA,NA,NA,NA,2026-10-08T22:22:11+08:00,低,发布时间未核验，不升级,news_49dd78eb94eebff0,海外,News and commentaries,NA,NA,发布时间NA，不能确认窗口,IEA,https://www.iea.org/news?year=2016,Indonesia Indonesia’s steady progress in tackling fossil fuel subsidies 26 December 2,NA,待人工确认,待人工确认：发布时间未核验,NA,NA,NA,NA,NA,NA,NA,待人工确认,未完成事件语义复核，不把词语相似当业务受益；无符合当前已核验映射的标的。
待人工确认：发布时间未核验,待人工确认,NA,NA,NA,NA,NA,NA,2026-10-08T22:22:11+08:00,低,发布时间未核验，不升级,news_01370be2ecb7a57c,海外,News and commentaries,NA,NA,发布时间NA，不能确认窗口,IEA,https://www.iea.org/news?year=2015,Coal Global coal demand stalls after more than a decade of relentless growth 17 Decem,NA,待人工确认,待人工确认：发布时间未核验,NA,NA,NA,NA,NA,NA,NA,待人工确认,未完成事件语义复核，不把词语相似当业务受益；无符合当前已核验映射的标的。
待人工确认：发布时间未核验,待人工确认,NA,NA,NA,NA,NA,NA,2026-10-08T22:22:11+08:00,低,发布时间未核验，不升级,news_68860c6d8829da11,海外,News and commentaries,NA,NA,发布时间NA，不能确认窗口,IEA,https://www.iea.org/news?year=2014,Energy Security United States must grasp opportunity to build sustainable energy syst,NA,待人工确认,待人工确认：发布时间未核验,NA,NA,NA,NA,NA,NA,NA,待人工确认,未完成事件语义复核，不把词语相似当业务受益；无符合当前已核验映射的标的。
待人工确认：发布时间未核验,待人工确认,NA,NA,NA,NA,NA,NA,2026-10-08T22:22:11+08:00,低,发布时间未核验，不升级,news_a6153e94e32de627,海外,News and commentaries,NA,NA,发布时间NA，不能确认窗口,IEA,https://www.iea.org/news?year=2013,"Coal Global coal demand growth slows slightly, IEA says in latest 5-year outlook 15 D",NA,待人工确认,待人工确认：发布时间未核验,NA,NA,NA,NA,NA,NA,NA,待人工确认,未完成事件语义复核，不把词语相似当业务受益；无符合当前已核验映射的标的。
待人工确认：发布时间未核验,待人工确认,NA,NA,NA,NA,NA,NA,2026-10-08T22:22:11+08:00,低,发布时间未核验，不升级,news_aff1f40ffae71465,海外,News and commentaries,NA,NA,发布时间NA，不能确认窗口,IEA,https://www.iea.org/news?year=2012,Energy Security Medium-Term Coal Market Report 2012 Factsheet 17 December 2012,NA,待人工确认,待人工确认：发布时间未核验,NA,NA,NA,NA,NA,NA,NA,待人工确认,未完成事件语义复核，不把词语相似当业务受益；无符合当前已核验映射的标的。
