名单类别,状态,股票名称,股票代码,所属板块,匹配轨道,行情日期,行情来源,收盘价,MA5,MA10,低吸位下限,低吸位上限,低吸承接条件,尾盘位下限,尾盘位上限,尾盘触发条件,买入参考价,波动分档,20日波动率%,止损价格元,止损百分比,最大允许股数,最大允许仓位元,计划股数,风险金额元,第一止盈,第二止盈,盈亏比,event_id,买点窗口,兑现目标,证伪条件,价格依据,证据来源,纳入或移出原因,解禁,减持,商誉,行业利空,备注,前10个交易日累计涨跌幅%,近60日涨停次数,近60日最长连板,近60日连板记录,涨停次日平均溢价%,次日溢价样本数,股性评分,股性标签,事件热度标签,市场温度,市场温度日期,市场温度依据,市场温度来源,盘中现价,盘中行情时间,当日主线确认,理论仓位上限元,建议股数,建议仓位元,主轨退出方式,移动止盈规则,跟踪止损位,持仓最高浮盈%,跟踪依据,跟踪状态,日线支撑,60分钟企稳,分时勾头,三周期买点条件,三周期证据,分批止盈方式,首批止盈参考价,首批参考股数,剩余参考股数,分批止盈说明,人工情绪阶段,阶段证据,周频率参考区间,本周新开仓笔数,本周剩余名额上限,当日新开仓只数,当前持仓核验,频率与单票校验,隔日滚动标记
扩大候选观察列表,🚫移出,中国巨石,600176,NA,NA,20260930,腾讯全市场+stock_zh_a_hist_tx日线核验,39.41,41.410000000000004,43.795,NA,NA,盘中待核验：缩量止跌、下影勾头/回收支撑；未确认不得介入,NA,NA,盘中待核验：沿分时均线企稳，禁止追直线拉升,NA,高波,3.537600533617207,NA,NA,NA,NA,NA,NA,NA,NA,NA,evt_aedea5a2127ab21d,盘中人工复核，盘前不发最终买入信号,NA,实际披露低于原假设、盈利质量恶化或披露延期。,NA,NA,有效跌破MA10且无企稳；条件不满足，仅观察；当日人工阶段NA/冲突，不自行定性；本周新开仓记录未确认完整，剩余额度NA；当前空仓/持仓证据NA，不视为空仓,NA,NA,NA,NA,出现止损条件无条件离场，不补仓摊平成本；跳空/滑点可能使实际亏损超过理论值。,-16.30919516,1.0,1.0,无,-8.473338203067925,1.0,0.0,股性不足,未超事件涨幅阈值,NA：市场证据不足,2026-09-30,炸板率=NA%；上涨=NA；下跌=NA；仅人工参考,NA：尚未运行；NA：尚未运行；NA：尚未运行,NA,NA,盘前不作当日确认,NA,NA,NA,NA,NA,NA,NA,NA,NA,否,NA,NA,条件不满足，仅观察,NA,NA,NA,NA,NA,建议股数NA或非整数手，不能生成分批计划,NA,NA,NA,NA,NA,NA,NA,当日人工阶段NA/冲突，不自行定性；本周新开仓记录未确认完整，剩余额度NA；当前空仓/持仓证据NA，不视为空仓,NA
扩大候选观察列表,🚫移出,有研新材,600206,半导体；半导体材料,NA,20260930,腾讯全市场+stock_zh_a_hist_tx日线核验,46.62,49.848,50.428999999999995,NA,NA,盘中待核验：缩量止跌、下影勾头/回收支撑；未确认不得介入,NA,NA,盘中待核验：沿分时均线企稳，禁止追直线拉升,NA,高波,3.6879990276164696,NA,NA,NA,NA,NA,NA,NA,NA,NA,evt_da06083ce613aa2f；evt_1ff1bc30d30aa2dd；evt_5718b1a79d09a2ff,盘中人工复核，盘前不发最终买入信号,NA,展会延期、公司没有可验证增量产品/订单披露，或相关预期已提前反映。；实际披露低于原假设、盈利质量恶化或披露延期。；官方延期、撤回或公司业务不适用；没有增量经营影响则受益逻辑不成立。,NA,NA,有效跌破MA10且无企稳；条件不满足，仅观察；当日人工阶段NA/冲突，不自行定性；本周新开仓记录未确认完整，剩余额度NA；当前空仓/持仓证据NA，不视为空仓,NA,NA,NA,NA,出现止损条件无条件离场，不补仓摊平成本；跳空/滑点可能使实际亏损超过理论值。,-0.68172135,7.0,3.0,20260805起3连板（60日窗口内）,4.755070918933493,7.0,3.0,股性活,未超事件涨幅阈值,NA：市场证据不足,2026-09-30,炸板率=NA%；上涨=NA；下跌=NA；仅人工参考,NA：尚未运行；NA：尚未运行；NA：尚未运行,NA,NA,盘前不作当日确认,NA,NA,NA,NA,NA,NA,NA,NA,NA,否,NA,NA,条件不满足，仅观察,NA,NA,NA,NA,NA,建议股数NA或非整数手，不能生成分批计划,NA,NA,NA,NA,NA,NA,NA,当日人工阶段NA/冲突，不自行定性；本周新开仓记录未确认完整，剩余额度NA；当前空仓/持仓证据NA，不视为空仓,NA
扩大候选观察列表,🚫移出,兴森科技,002436,华为海思；印制电路板,NA,20260930,腾讯全市场+stock_zh_a_hist_tx日线核验,40.94,42.698,42.893,NA,NA,盘中待核验：缩量止跌、下影勾头/回收支撑；未确认不得介入,NA,NA,盘中待核验：沿分时均线企稳，禁止追直线拉升,NA,极端高波,4.415867334888362,NA,NA,NA,NA,NA,NA,NA,NA,NA,evt_da06083ce613aa2f；evt_5718b1a79d09a2ff,盘中人工复核，盘前不发最终买入信号,NA,展会延期、公司没有可验证增量产品/订单披露，或相关预期已提前反映。；官方延期、撤回或公司业务不适用；没有增量经营影响则受益逻辑不成立。,NA,NA,有效跌破MA10且无企稳；条件不满足，仅观察；当日人工阶段NA/冲突，不自行定性；本周新开仓记录未确认完整，剩余额度NA；当前空仓/持仓证据NA，不视为空仓,NA,NA,NA,NA,出现止损条件无条件离场，不补仓摊平成本；跳空/滑点可能使实际亏损超过理论值。,0.1957905,3.0,1.0,无,-0.07703774066660059,3.0,1.0,股性不足,未超事件涨幅阈值,NA：市场证据不足,2026-09-30,炸板率=NA%；上涨=NA；下跌=NA；仅人工参考,NA：尚未运行；NA：尚未运行；NA：尚未运行,NA,NA,盘前不作当日确认,NA,NA,NA,NA,NA,NA,NA,NA,NA,否,NA,NA,条件不满足，仅观察,NA,NA,NA,NA,NA,建议股数NA或非整数手，不能生成分批计划,NA,NA,NA,NA,NA,NA,NA,当日人工阶段NA/冲突，不自行定性；本周新开仓记录未确认完整，剩余额度NA；当前空仓/持仓证据NA，不视为空仓,NA
扩大候选观察列表,⚪观察,康强电子,002119,半导体；半导体材料,事件观察【不推荐埋伏】,20260930,腾讯全市场+stock_zh_a_hist_tx日线核验,25.8,28.062,26.340000000000003,NA,NA,盘中待核验：缩量止跌、下影勾头/回收支撑；未确认不得介入,NA,NA,盘中待核验：沿分时均线企稳，禁止追直线拉升,NA,极端高波,4.567879603265578,NA,NA,NA,NA,NA,NA,NA,NA,NA,evt_da06083ce613aa2f；evt_5718b1a79d09a2ff,盘中人工复核，盘前不发最终买入信号,NA,展会延期、公司没有可验证增量产品/订单披露，或相关预期已提前反映。；官方延期、撤回或公司业务不适用；没有增量经营影响则受益逻辑不成立。,NA,NA,不推荐埋伏：事件窗口/价格/10日涨幅证据缺失或盈亏比不足3；持续大额亏损/逻辑证伪证据NA，禁止正式池；风险价格/波动分档NA；尚无同时满足轨道和盈亏比的证据；NA：条件证据不足，仅观察；当日人工阶段NA/冲突，不自行定性；本周新开仓记录未确认完整，剩余额度NA；当前空仓/持仓证据NA，不视为空仓,NA,NA,NA,NA,出现止损条件无条件离场，不补仓摊平成本；跳空/滑点可能使实际亏损超过理论值。,8.31234257,3.0,2.0,20260923起2连板（60日窗口内）,4.654193772329851,3.0,3.0,股性活,未超事件涨幅阈值,NA：市场证据不足,2026-09-30,炸板率=NA%；上涨=NA；下跌=NA；仅人工参考,NA：尚未运行；NA：尚未运行；NA：尚未运行,NA,NA,盘前不作当日确认,NA,NA,NA,NA,NA,NA,NA,NA,NA,是,NA,NA,NA：条件证据不足，仅观察,NA,NA,NA,NA,NA,建议股数NA或非整数手，不能生成分批计划,NA,NA,NA,NA,NA,NA,NA,当日人工阶段NA/冲突，不自行定性；本周新开仓记录未确认完整，剩余额度NA；当前空仓/持仓证据NA，不视为空仓,NA
扩大候选观察列表,⚪观察,崇达技术,002815,先进封装；共封装光学CPO；印制电路板,事件观察【不推荐埋伏】,20260930,腾讯全市场+stock_zh_a_hist_tx日线核验,23.01,23.672,23.817999999999998,NA,NA,盘中待核验：缩量止跌、下影勾头/回收支撑；未确认不得介入,NA,NA,盘中待核验：沿分时均线企稳，禁止追直线拉升,NA,极端高波,5.1754571268062115,NA,NA,NA,NA,NA,NA,NA,NA,NA,evt_da06083ce613aa2f,盘中人工复核，盘前不发最终买入信号,NA,展会延期、公司没有可验证增量产品/订单披露，或相关预期已提前反映。,NA,NA,不推荐埋伏：事件窗口/价格/10日涨幅证据缺失或盈亏比不足3；持续大额亏损/逻辑证伪证据NA，禁止正式池；风险价格/波动分档NA；尚无同时满足轨道和盈亏比的证据；NA：条件证据不足，仅观察；当日人工阶段NA/冲突，不自行定性；本周新开仓记录未确认完整，剩余额度NA；当前空仓/持仓证据NA，不视为空仓,NA,NA,NA,NA,出现止损条件无条件离场，不补仓摊平成本；跳空/滑点可能使实际亏损超过理论值。,6.23268698,4.0,1.0,无,2.8585706216732536,4.0,2.0,股性活,未超事件涨幅阈值,NA：市场证据不足,2026-09-30,炸板率=NA%；上涨=NA；下跌=NA；仅人工参考,NA：尚未运行；NA：尚未运行；NA：尚未运行,NA,NA,盘前不作当日确认,NA,NA,NA,NA,NA,NA,NA,NA,NA,是,NA,NA,NA：条件证据不足，仅观察,NA,NA,NA,NA,NA,建议股数NA或非整数手，不能生成分批计划,NA,NA,NA,NA,NA,NA,NA,当日人工阶段NA/冲突，不自行定性；本周新开仓记录未确认完整，剩余额度NA；当前空仓/持仓证据NA，不视为空仓,NA
扩大候选观察列表,🚫移出,士兰微,600460,半导体,NA,20260930,腾讯全市场+stock_zh_a_hist_tx日线核验,30.75,32.076,32.315,NA,NA,盘中待核验：缩量止跌、下影勾头/回收支撑；未确认不得介入,NA,NA,盘中待核验：沿分时均线企稳，禁止追直线拉升,NA,高波,2.343737990084487,NA,NA,NA,NA,NA,NA,NA,NA,NA,evt_da06083ce613aa2f；evt_5718b1a79d09a2ff,盘中人工复核，盘前不发最终买入信号,NA,展会延期、公司没有可验证增量产品/订单披露，或相关预期已提前反映。；官方延期、撤回或公司业务不适用；没有增量经营影响则受益逻辑不成立。,NA,NA,有效跌破MA10且无企稳；条件不满足，仅观察；当日人工阶段NA/冲突，不自行定性；本周新开仓记录未确认完整，剩余额度NA；当前空仓/持仓证据NA，不视为空仓,NA,NA,NA,NA,出现止损条件无条件离场，不补仓摊平成本；跳空/滑点可能使实际亏损超过理论值。,2.36351531,2.0,1.0,无,0.027027959464076545,2.0,2.0,股性活,未超事件涨幅阈值,NA：市场证据不足,2026-09-30,炸板率=NA%；上涨=NA；下跌=NA；仅人工参考,NA：尚未运行；NA：尚未运行；NA：尚未运行,NA,NA,盘前不作当日确认,NA,NA,NA,NA,NA,NA,NA,NA,NA,否,NA,NA,条件不满足，仅观察,NA,NA,NA,NA,NA,建议股数NA或非整数手，不能生成分批计划,NA,NA,NA,NA,NA,NA,NA,当日人工阶段NA/冲突，不自行定性；本周新开仓记录未确认完整，剩余额度NA；当前空仓/持仓证据NA，不视为空仓,NA
扩大候选观察列表,⚪观察,立昂微,605358,半导体；半导体材料,事件观察【不推荐埋伏】,20260930,腾讯全市场+stock_zh_a_hist_tx日线核验,45.36,46.706,46.33800000000001,NA,NA,盘中待核验：缩量止跌、下影勾头/回收支撑；未确认不得介入,NA,NA,盘中待核验：沿分时均线企稳，禁止追直线拉升,NA,高波,3.3453435356181704,NA,NA,NA,NA,NA,NA,NA,NA,NA,evt_da06083ce613aa2f；evt_5718b1a79d09a2ff,盘中人工复核，盘前不发最终买入信号,NA,展会延期、公司没有可验证增量产品/订单披露，或相关预期已提前反映。；官方延期、撤回或公司业务不适用；没有增量经营影响则受益逻辑不成立。,NA,NA,不推荐埋伏：事件窗口/价格/10日涨幅证据缺失或盈亏比不足3；持续大额亏损/逻辑证伪证据NA，禁止正式池；风险价格/波动分档NA；尚无同时满足轨道和盈亏比的证据；股性不足或证据NA，仅观察，不进入正式池；NA：条件证据不足，仅观察；当日人工阶段NA/冲突，不自行定性；本周新开仓记录未确认完整，剩余额度NA；当前空仓/持仓证据NA，不视为空仓,NA,NA,NA,NA,出现止损条件无条件离场，不补仓摊平成本；跳空/滑点可能使实际亏损超过理论值。,11.2037264,2.0,1.0,无,-1.6790914697588364,2.0,1.0,股性不足,未超事件涨幅阈值,NA：市场证据不足,2026-09-30,炸板率=NA%；上涨=NA；下跌=NA；仅人工参考,NA：尚未运行；NA：尚未运行；NA：尚未运行,NA,NA,盘前不作当日确认,NA,NA,NA,NA,NA,NA,NA,NA,NA,是,NA,NA,NA：条件证据不足，仅观察,NA,NA,NA,NA,NA,建议股数NA或非整数手，不能生成分批计划,NA,NA,NA,NA,NA,NA,NA,当日人工阶段NA/冲突，不自行定性；本周新开仓记录未确认完整，剩余额度NA；当前空仓/持仓证据NA，不视为空仓,NA
扩大候选观察列表,⚪观察,世运电路,603920,印制电路板,事件观察【不推荐埋伏】,20260930,腾讯全市场+stock_zh_a_hist_tx日线核验,44.4,45.008,44.747,NA,NA,盘中待核验：缩量止跌、下影勾头/回收支撑；未确认不得介入,NA,NA,盘中待核验：沿分时均线企稳，禁止追直线拉升,NA,高波,3.5883217960121963,NA,NA,NA,NA,NA,NA,NA,NA,NA,evt_b035c6a806180f41,盘中人工复核，盘前不发最终买入信号,NA,实际披露低于原假设、盈利质量恶化或披露延期。,NA,NA,不推荐埋伏：事件窗口/价格/10日涨幅证据缺失或盈亏比不足3；持续大额亏损/逻辑证伪证据NA，禁止正式池；风险价格/波动分档NA；尚无同时满足轨道和盈亏比的证据；股性不足或证据NA，仅观察，不进入正式池；NA：条件证据不足，仅观察；当日人工阶段NA/冲突，不自行定性；本周新开仓记录未确认完整，剩余额度NA；当前空仓/持仓证据NA，不视为空仓,NA,NA,NA,NA,出现止损条件无条件离场，不补仓摊平成本；跳空/滑点可能使实际亏损超过理论值。,4.59363958,0.0,0.0,无,NA,0.0,NA,NA：溢价样本不足,未超事件涨幅阈值,NA：市场证据不足,2026-09-30,炸板率=NA%；上涨=NA；下跌=NA；仅人工参考,NA：尚未运行；NA：尚未运行；NA：尚未运行,NA,NA,盘前不作当日确认,NA,NA,NA,NA,NA,NA,NA,NA,NA,是,NA,NA,NA：条件证据不足，仅观察,NA,NA,NA,NA,NA,建议股数NA或非整数手，不能生成分批计划,NA,NA,NA,NA,NA,NA,NA,当日人工阶段NA/冲突，不自行定性；本周新开仓记录未确认完整，剩余额度NA；当前空仓/持仓证据NA，不视为空仓,NA
扩大候选观察列表,🚫移出,星网锐捷,002396,通信设备,NA,20260930,腾讯全市场+stock_zh_a_hist_tx日线核验,32.6,34.324,36.301,NA,NA,盘中待核验：缩量止跌、下影勾头/回收支撑；未确认不得介入,NA,NA,盘中待核验：沿分时均线企稳，禁止追直线拉升,NA,高波,3.985267025565154,NA,NA,NA,NA,NA,NA,NA,NA,NA,evt_5a2230bc1f1dc210,盘中人工复核，盘前不发最终买入信号,NA,实际披露低于原假设、盈利质量恶化或披露延期。,NA,NA,有效跌破MA10且无企稳；条件不满足，仅观察；当日人工阶段NA/冲突，不自行定性；本周新开仓记录未确认完整，剩余额度NA；当前空仓/持仓证据NA，不视为空仓,NA,NA,NA,NA,出现止损条件无条件离场，不补仓摊平成本；跳空/滑点可能使实际亏损超过理论值。,-7.64872521,9.0,3.0,20260827起3连板（60日窗口内）,2.7282950831977217,9.0,3.0,股性活,未超事件涨幅阈值,NA：市场证据不足,2026-09-30,炸板率=NA%；上涨=NA；下跌=NA；仅人工参考,NA：尚未运行；NA：尚未运行；NA：尚未运行,NA,NA,盘前不作当日确认,NA,NA,NA,NA,NA,NA,NA,NA,NA,否,NA,NA,条件不满足，仅观察,NA,NA,NA,NA,NA,建议股数NA或非整数手，不能生成分批计划,NA,NA,NA,NA,NA,NA,NA,当日人工阶段NA/冲突，不自行定性；本周新开仓记录未确认完整，剩余额度NA；当前空仓/持仓证据NA，不视为空仓,NA
扩大候选观察列表,⚪观察,赣锋锂业,002460,NA,事件观察【不推荐埋伏】,20260930,腾讯全市场+stock_zh_a_hist_tx日线核验,43.43,43.583999999999996,44.868,NA,NA,盘中待核验：缩量止跌、下影勾头/回收支撑；未确认不得介入,NA,NA,盘中待核验：沿分时均线企稳，禁止追直线拉升,NA,高波,2.067473493765074,NA,NA,NA,NA,NA,NA,NA,NA,NA,evt_cef948df27e0fc6a,盘中人工复核，盘前不发最终买入信号,NA,实际披露低于原假设、盈利质量恶化或披露延期。,NA,NA,不推荐埋伏：事件窗口/价格/10日涨幅证据缺失或盈亏比不足3；持续大额亏损/逻辑证伪证据NA，禁止正式池；风险价格/波动分档NA；尚无同时满足轨道和盈亏比的证据；股性不足或证据NA，仅观察，不进入正式池；条件不满足，仅观察；当日人工阶段NA/冲突，不自行定性；本周新开仓记录未确认完整，剩余额度NA；当前空仓/持仓证据NA，不视为空仓,NA,NA,NA,NA,出现止损条件无条件离场，不补仓摊平成本；跳空/滑点可能使实际亏损超过理论值。,-4.71698113,0.0,0.0,无,NA,0.0,NA,NA：溢价样本不足,未超事件涨幅阈值,NA：市场证据不足,2026-09-30,炸板率=NA%；上涨=NA；下跌=NA；仅人工参考,NA：尚未运行；NA：尚未运行；NA：尚未运行,NA,NA,盘前不作当日确认,NA,NA,NA,NA,NA,NA,NA,NA,NA,否,NA,NA,条件不满足，仅观察,NA,NA,NA,NA,NA,建议股数NA或非整数手，不能生成分批计划,NA,NA,NA,NA,NA,NA,NA,当日人工阶段NA/冲突，不自行定性；本周新开仓记录未确认完整，剩余额度NA；当前空仓/持仓证据NA，不视为空仓,NA
扩大候选观察列表,⚪观察,海康威视,002415,NA,事件观察【不推荐埋伏】,20260930,腾讯全市场+stock_zh_a_hist_tx日线核验,32.46,32.494,32.623000000000005,NA,NA,盘中待核验：缩量止跌、下影勾头/回收支撑；未确认不得介入,NA,NA,盘中待核验：沿分时均线企稳，禁止追直线拉升,NA,低波,1.200284297725237,NA,NA,NA,NA,NA,NA,NA,NA,NA,evt_7837b5a0afde99b7,盘中人工复核，盘前不发最终买入信号,NA,实际披露低于原假设、盈利质量恶化或披露延期。,NA,NA,不推荐埋伏：事件窗口/价格/10日涨幅证据缺失或盈亏比不足3；持续大额亏损/逻辑证伪证据NA，禁止正式池；风险价格/波动分档NA；尚无同时满足轨道和盈亏比的证据；股性不足或证据NA，仅观察，不进入正式池；条件不满足，仅观察；当日人工阶段NA/冲突，不自行定性；本周新开仓记录未确认完整，剩余额度NA；当前空仓/持仓证据NA，不视为空仓,NA,NA,NA,NA,出现止损条件无条件离场，不补仓摊平成本；跳空/滑点可能使实际亏损超过理论值。,-0.94598718,0.0,0.0,无,NA,0.0,NA,NA：溢价样本不足,未超事件涨幅阈值,NA：市场证据不足,2026-09-30,炸板率=NA%；上涨=NA；下跌=NA；仅人工参考,NA：尚未运行；NA：尚未运行；NA：尚未运行,NA,NA,盘前不作当日确认,NA,NA,NA,NA,NA,NA,NA,NA,NA,否,NA,NA,条件不满足，仅观察,NA,NA,NA,NA,NA,建议股数NA或非整数手，不能生成分批计划,NA,NA,NA,NA,NA,NA,NA,当日人工阶段NA/冲突，不自行定性；本周新开仓记录未确认完整，剩余额度NA；当前空仓/持仓证据NA，不视为空仓,NA
扩大候选观察列表,🚫移出,共进股份,603118,通信设备,NA,20260930,腾讯全市场+stock_zh_a_hist_tx日线核验,15.72,16.922,17.376,NA,NA,盘中待核验：缩量止跌、下影勾头/回收支撑；未确认不得介入,NA,NA,盘中待核验：沿分时均线企稳，禁止追直线拉升,NA,极端高波,4.680010604300468,NA,NA,NA,NA,NA,NA,NA,NA,NA,evt_0e692a4d4e7aee45,盘中人工复核，盘前不发最终买入信号,NA,展期变更、取消或未披露可验证增量业务，相关逻辑不成立。,NA,NA,有效跌破MA10且无企稳；条件不满足，仅观察；当日人工阶段NA/冲突，不自行定性；本周新开仓记录未确认完整，剩余额度NA；当前空仓/持仓证据NA，不视为空仓,NA,NA,NA,NA,出现止损条件无条件离场，不补仓摊平成本；跳空/滑点可能使实际亏损超过理论值。,-3.20197044,9.0,3.0,20260721起2连板（60日窗口内）；20260813起3连板（60日窗口内）,2.691375233133829,9.0,3.0,股性活,未超事件涨幅阈值,NA：市场证据不足,2026-09-30,炸板率=NA%；上涨=NA；下跌=NA；仅人工参考,NA：尚未运行；NA：尚未运行；NA：尚未运行,NA,NA,盘前不作当日确认,NA,NA,NA,NA,NA,NA,NA,NA,NA,否,NA,NA,条件不满足，仅观察,NA,NA,NA,NA,NA,建议股数NA或非整数手，不能生成分批计划,NA,NA,NA,NA,NA,NA,NA,当日人工阶段NA/冲突，不自行定性；本周新开仓记录未确认完整，剩余额度NA；当前空仓/持仓证据NA，不视为空仓,NA
扩大候选观察列表,⚪观察,卫星化学,002648,NA,事件观察【不推荐埋伏】,20260930,腾讯全市场+stock_zh_a_hist_tx日线核验,26.51,26.532,26.667,NA,NA,盘中待核验：缩量止跌、下影勾头/回收支撑；未确认不得介入,NA,NA,盘中待核验：沿分时均线企稳，禁止追直线拉升,NA,低波,1.867102384318765,NA,NA,NA,NA,NA,NA,NA,NA,NA,evt_327e90107bac805b,盘中人工复核，盘前不发最终买入信号,NA,实际披露低于原假设、盈利质量恶化或披露延期。,NA,NA,不推荐埋伏：事件窗口/价格/10日涨幅证据缺失或盈亏比不足3；持续大额亏损/逻辑证伪证据NA，禁止正式池；风险价格/波动分档NA；尚无同时满足轨道和盈亏比的证据；股性不足或证据NA，仅观察，不进入正式池；条件不满足，仅观察；当日人工阶段NA/冲突，不自行定性；本周新开仓记录未确认完整，剩余额度NA；当前空仓/持仓证据NA，不视为空仓,NA,NA,NA,NA,出现止损条件无条件离场，不补仓摊平成本；跳空/滑点可能使实际亏损超过理论值。,-1.26629423,0.0,0.0,无,NA,0.0,NA,NA：溢价样本不足,未超事件涨幅阈值,NA：市场证据不足,2026-09-30,炸板率=NA%；上涨=NA；下跌=NA；仅人工参考,NA：尚未运行；NA：尚未运行；NA：尚未运行,NA,NA,盘前不作当日确认,NA,NA,NA,NA,NA,NA,NA,NA,NA,否,NA,NA,条件不满足，仅观察,NA,NA,NA,NA,NA,建议股数NA或非整数手，不能生成分批计划,NA,NA,NA,NA,NA,NA,NA,当日人工阶段NA/冲突，不自行定性；本周新开仓记录未确认完整，剩余额度NA；当前空仓/持仓证据NA，不视为空仓,NA
扩大候选观察列表,⚪观察,高能环境,603588,NA,事件观察【不推荐埋伏】,20260930,腾讯全市场+stock_zh_a_hist_tx日线核验,16.54,16.788,16.512,NA,NA,盘中待核验：缩量止跌、下影勾头/回收支撑；未确认不得介入,NA,NA,盘中待核验：沿分时均线企稳，禁止追直线拉升,NA,高波,3.115137675770478,NA,NA,NA,NA,NA,NA,NA,NA,NA,evt_3c81af6912182e8f,盘中人工复核，盘前不发最终买入信号,NA,实际披露低于原假设、盈利质量恶化或披露延期。,NA,NA,不推荐埋伏：事件窗口/价格/10日涨幅证据缺失或盈亏比不足3；持续大额亏损/逻辑证伪证据NA，禁止正式池；风险价格/波动分档NA；尚无同时满足轨道和盈亏比的证据；股性不足或证据NA，仅观察，不进入正式池；NA：条件证据不足，仅观察；当日人工阶段NA/冲突，不自行定性；本周新开仓记录未确认完整，剩余额度NA；当前空仓/持仓证据NA，不视为空仓,NA,NA,NA,NA,出现止损条件无条件离场，不补仓摊平成本；跳空/滑点可能使实际亏损超过理论值。,10.04657352,0.0,0.0,无,NA,0.0,NA,NA：溢价样本不足,未超事件涨幅阈值,NA：市场证据不足,2026-09-30,炸板率=NA%；上涨=NA；下跌=NA；仅人工参考,NA：尚未运行；NA：尚未运行；NA：尚未运行,NA,NA,盘前不作当日确认,NA,NA,NA,NA,NA,NA,NA,NA,NA,是,NA,NA,NA：条件证据不足，仅观察,NA,NA,NA,NA,NA,建议股数NA或非整数手，不能生成分批计划,NA,NA,NA,NA,NA,NA,NA,当日人工阶段NA/冲突，不自行定性；本周新开仓记录未确认完整，剩余额度NA；当前空仓/持仓证据NA，不视为空仓,NA
扩大候选观察列表,⚪观察,神火股份,000933,NA,事件观察【不推荐埋伏】,20260930,腾讯全市场+stock_zh_a_hist_tx日线核验,26.22,25.862000000000002,26.206,NA,NA,盘中待核验：缩量止跌、下影勾头/回收支撑；未确认不得介入,NA,NA,盘中待核验：沿分时均线企稳，禁止追直线拉升,NA,高波,2.2500849407853964,NA,NA,NA,NA,NA,NA,NA,NA,NA,evt_0dce41299912f0e7,盘中人工复核，盘前不发最终买入信号,NA,实际披露低于原假设、盈利质量恶化或披露延期。,NA,NA,不推荐埋伏：事件窗口/价格/10日涨幅证据缺失或盈亏比不足3；持续大额亏损/逻辑证伪证据NA，禁止正式池；风险价格/波动分档NA；尚无同时满足轨道和盈亏比的证据；股性不足或证据NA，仅观察，不进入正式池；条件不满足，仅观察；当日人工阶段NA/冲突，不自行定性；本周新开仓记录未确认完整，剩余额度NA；当前空仓/持仓证据NA，不视为空仓,NA,NA,NA,NA,出现止损条件无条件离场，不补仓摊平成本；跳空/滑点可能使实际亏损超过理论值。,-2.20067139,1.0,1.0,无,-1.532567049808431,1.0,0.0,股性不足,未超事件涨幅阈值,NA：市场证据不足,2026-09-30,炸板率=NA%；上涨=NA；下跌=NA；仅人工参考,NA：尚未运行；NA：尚未运行；NA：尚未运行,NA,NA,盘前不作当日确认,NA,NA,NA,NA,NA,NA,NA,NA,NA,否,NA,NA,条件不满足，仅观察,NA,NA,NA,NA,NA,建议股数NA或非整数手，不能生成分批计划,NA,NA,NA,NA,NA,NA,NA,当日人工阶段NA/冲突，不自行定性；本周新开仓记录未确认完整，剩余额度NA；当前空仓/持仓证据NA，不视为空仓,NA
扩大候选观察列表,⚪观察,华微电子,600360,半导体,事件观察【不推荐埋伏】,20260930,腾讯全市场+stock_zh_a_hist_tx日线核验,10.83,11.209999999999999,11.166,NA,NA,盘中待核验：缩量止跌、下影勾头/回收支撑；未确认不得介入,NA,NA,盘中待核验：沿分时均线企稳，禁止追直线拉升,NA,高波,3.505983475147729,NA,NA,NA,NA,NA,NA,NA,NA,NA,evt_da06083ce613aa2f；evt_5718b1a79d09a2ff,盘中人工复核，盘前不发最终买入信号,NA,展会延期、公司没有可验证增量产品/订单披露，或相关预期已提前反映。；官方延期、撤回或公司业务不适用；没有增量经营影响则受益逻辑不成立。,NA,NA,不推荐埋伏：事件窗口/价格/10日涨幅证据缺失或盈亏比不足3；持续大额亏损/逻辑证伪证据NA，禁止正式池；风险价格/波动分档NA；尚无同时满足轨道和盈亏比的证据；股性不足或证据NA，仅观察，不进入正式池；条件不满足，仅观察；当日人工阶段NA/冲突，不自行定性；本周新开仓记录未确认完整，剩余额度NA；当前空仓/持仓证据NA，不视为空仓,NA,NA,NA,NA,出现止损条件无条件离场，不补仓摊平成本；跳空/滑点可能使实际亏损超过理论值。,0.18501388,0.0,0.0,无,NA,0.0,NA,NA：溢价样本不足,未超事件涨幅阈值,NA：市场证据不足,2026-09-30,炸板率=NA%；上涨=NA；下跌=NA；仅人工参考,NA：尚未运行；NA：尚未运行；NA：尚未运行,NA,NA,盘前不作当日确认,NA,NA,NA,NA,NA,NA,NA,NA,NA,否,NA,NA,条件不满足，仅观察,NA,NA,NA,NA,NA,建议股数NA或非整数手，不能生成分批计划,NA,NA,NA,NA,NA,NA,NA,当日人工阶段NA/冲突，不自行定性；本周新开仓记录未确认完整，剩余额度NA；当前空仓/持仓证据NA，不视为空仓,NA
扩大候选观察列表,🚫移出,晶方科技,603005,半导体；集成电路封测,NA,20260930,腾讯全市场+stock_zh_a_hist_tx日线核验,26.99,28.502,29.381999999999998,NA,NA,盘中待核验：缩量止跌、下影勾头/回收支撑；未确认不得介入,NA,NA,盘中待核验：沿分时均线企稳，禁止追直线拉升,NA,高波,2.3755192756162082,NA,NA,NA,NA,NA,NA,NA,NA,NA,evt_da06083ce613aa2f；evt_5718b1a79d09a2ff,盘中人工复核，盘前不发最终买入信号,NA,展会延期、公司没有可验证增量产品/订单披露，或相关预期已提前反映。；官方延期、撤回或公司业务不适用；没有增量经营影响则受益逻辑不成立。,NA,NA,有效跌破MA10且无企稳；条件不满足，仅观察；当日人工阶段NA/冲突，不自行定性；本周新开仓记录未确认完整，剩余额度NA；当前空仓/持仓证据NA，不视为空仓,NA,NA,NA,NA,出现止损条件无条件离场，不补仓摊平成本；跳空/滑点可能使实际亏损超过理论值。,-7.02721323,2.0,1.0,无,-0.2870542305007384,2.0,1.0,股性不足,未超事件涨幅阈值,NA：市场证据不足,2026-09-30,炸板率=NA%；上涨=NA；下跌=NA；仅人工参考,NA：尚未运行；NA：尚未运行；NA：尚未运行,NA,NA,盘前不作当日确认,NA,NA,NA,NA,NA,NA,NA,NA,NA,否,NA,NA,条件不满足，仅观察,NA,NA,NA,NA,NA,建议股数NA或非整数手，不能生成分批计划,NA,NA,NA,NA,NA,NA,NA,当日人工阶段NA/冲突，不自行定性；本周新开仓记录未确认完整，剩余额度NA；当前空仓/持仓证据NA，不视为空仓,NA
扩大候选观察列表,⚪观察,北化股份,002246,NA,事件观察【不推荐埋伏】,20260930,腾讯全市场+stock_zh_a_hist_tx日线核验,25.41,25.4,25.086,NA,NA,盘中待核验：缩量止跌、下影勾头/回收支撑；未确认不得介入,NA,NA,盘中待核验：沿分时均线企稳，禁止追直线拉升,NA,高波,3.5095915166876583,NA,NA,NA,NA,NA,NA,NA,NA,NA,evt_688bd49ecb52b451,盘中人工复核，盘前不发最终买入信号,NA,实际披露低于原假设、盈利质量恶化或披露延期。,NA,NA,不推荐埋伏：事件窗口/价格/10日涨幅证据缺失或盈亏比不足3；持续大额亏损/逻辑证伪证据NA，禁止正式池；风险价格/波动分档NA；尚无同时满足轨道和盈亏比的证据；NA：条件证据不足，仅观察；当日人工阶段NA/冲突，不自行定性；本周新开仓记录未确认完整，剩余额度NA；当前空仓/持仓证据NA，不视为空仓,NA,NA,NA,NA,出现止损条件无条件离场，不补仓摊平成本；跳空/滑点可能使实际亏损超过理论值。,13.38688086,2.0,1.0,无,1.1051829203731212,2.0,2.0,股性活,未超事件涨幅阈值,NA：市场证据不足,2026-09-30,炸板率=NA%；上涨=NA；下跌=NA；仅人工参考,NA：尚未运行；NA：尚未运行；NA：尚未运行,NA,NA,盘前不作当日确认,NA,NA,NA,NA,NA,NA,NA,NA,NA,是,NA,NA,NA：条件证据不足，仅观察,NA,NA,NA,NA,NA,建议股数NA或非整数手，不能生成分批计划,NA,NA,NA,NA,NA,NA,NA,当日人工阶段NA/冲突，不自行定性；本周新开仓记录未确认完整，剩余额度NA；当前空仓/持仓证据NA，不视为空仓,NA
扩大候选观察列表,⚪观察,大港股份,002077,半导体；集成电路封测,事件观察【不推荐埋伏】,20260930,腾讯全市场+stock_zh_a_hist_tx日线核验,13.68,14.335999999999999,14.288,NA,NA,盘中待核验：缩量止跌、下影勾头/回收支撑；未确认不得介入,NA,NA,盘中待核验：沿分时均线企稳，禁止追直线拉升,NA,高波,3.453917175399886,NA,NA,NA,NA,NA,NA,NA,NA,NA,evt_da06083ce613aa2f；evt_5718b1a79d09a2ff,盘中人工复核，盘前不发最终买入信号,NA,展会延期、公司没有可验证增量产品/订单披露，或相关预期已提前反映。；官方延期、撤回或公司业务不适用；没有增量经营影响则受益逻辑不成立。,NA,NA,不推荐埋伏：事件窗口/价格/10日涨幅证据缺失或盈亏比不足3；持续大额亏损/逻辑证伪证据NA，禁止正式池；风险价格/波动分档NA；尚无同时满足轨道和盈亏比的证据；股性不足或证据NA，仅观察，不进入正式池；条件不满足，仅观察；当日人工阶段NA/冲突，不自行定性；本周新开仓记录未确认完整，剩余额度NA；当前空仓/持仓证据NA，不视为空仓,NA,NA,NA,NA,出现止损条件无条件离场，不补仓摊平成本；跳空/滑点可能使实际亏损超过理论值。,0.14641288,1.0,1.0,无,2.2561863173216956,1.0,1.0,股性不足,未超事件涨幅阈值,NA：市场证据不足,2026-09-30,炸板率=NA%；上涨=NA；下跌=NA；仅人工参考,NA：尚未运行；NA：尚未运行；NA：尚未运行,NA,NA,盘前不作当日确认,NA,NA,NA,NA,NA,NA,NA,NA,NA,否,NA,NA,条件不满足，仅观察,NA,NA,NA,NA,NA,建议股数NA或非整数手，不能生成分批计划,NA,NA,NA,NA,NA,NA,NA,当日人工阶段NA/冲突，不自行定性；本周新开仓记录未确认完整，剩余额度NA；当前空仓/持仓证据NA，不视为空仓,NA
扩大候选观察列表,🚫移出,共达电声,002655,消费电子；消费电子零部件及组装,NA,20260930,腾讯全市场+stock_zh_a_hist_tx日线核验,32.54,35.694,37.665,NA,NA,盘中待核验：缩量止跌、下影勾头/回收支撑；未确认不得介入,NA,NA,盘中待核验：沿分时均线企稳，禁止追直线拉升,NA,极端高波,4.717027856862838,NA,NA,NA,NA,NA,NA,NA,NA,NA,evt_2d766bad9205eb9c,盘中人工复核，盘前不发最终买入信号,NA,实际披露低于原假设、盈利质量恶化或披露延期。,NA,NA,有效跌破MA10且无企稳；条件不满足，仅观察；当日人工阶段NA/冲突，不自行定性；本周新开仓记录未确认完整，剩余额度NA；当前空仓/持仓证据NA，不视为空仓,NA,NA,NA,NA,出现止损条件无条件离场，不补仓摊平成本；跳空/滑点可能使实际亏损超过理论值。,-3.41347581,5.0,2.0,20260804起2连板（60日窗口内）；20260916起2连板（60日窗口内）,3.368459148713387,5.0,3.0,股性活,未超事件涨幅阈值,NA：市场证据不足,2026-09-30,炸板率=NA%；上涨=NA；下跌=NA；仅人工参考,NA：尚未运行；NA：尚未运行；NA：尚未运行,NA,NA,盘前不作当日确认,NA,NA,NA,NA,NA,NA,NA,NA,NA,否,NA,NA,条件不满足，仅观察,NA,NA,NA,NA,NA,建议股数NA或非整数手，不能生成分批计划,NA,NA,NA,NA,NA,NA,NA,当日人工阶段NA/冲突，不自行定性；本周新开仓记录未确认完整，剩余额度NA；当前空仓/持仓证据NA，不视为空仓,NA
扩大候选观察列表,⚪观察,上海银行,601229,NA,事件观察【不推荐埋伏】,20260930,腾讯全市场+stock_zh_a_hist_tx日线核验,9.75,9.558000000000002,9.562,NA,NA,盘中待核验：缩量止跌、下影勾头/回收支撑；未确认不得介入,NA,NA,盘中待核验：沿分时均线企稳，禁止追直线拉升,NA,低波,0.8821350340115262,NA,NA,NA,NA,NA,NA,NA,NA,NA,evt_71738380711e8ff5,盘中人工复核，盘前不发最终买入信号,NA,实际披露低于原假设、盈利质量恶化或披露延期。,NA,NA,不推荐埋伏：事件窗口/价格/10日涨幅证据缺失或盈亏比不足3；持续大额亏损/逻辑证伪证据NA，禁止正式池；风险价格/波动分档NA；尚无同时满足轨道和盈亏比的证据；股性不足或证据NA，仅观察，不进入正式池；条件不满足，仅观察；当日人工阶段NA/冲突，不自行定性；本周新开仓记录未确认完整，剩余额度NA；当前空仓/持仓证据NA，不视为空仓,NA,NA,NA,NA,出现止损条件无条件离场，不补仓摊平成本；跳空/滑点可能使实际亏损超过理论值。,0.82730093,0.0,0.0,无,NA,0.0,NA,NA：溢价样本不足,未超事件涨幅阈值,NA：市场证据不足,2026-09-30,炸板率=NA%；上涨=NA；下跌=NA；仅人工参考,NA：尚未运行；NA：尚未运行；NA：尚未运行,NA,NA,盘前不作当日确认,NA,NA,NA,NA,NA,NA,NA,NA,NA,否,NA,NA,条件不满足，仅观察,NA,NA,NA,NA,NA,建议股数NA或非整数手，不能生成分批计划,NA,NA,NA,NA,NA,NA,NA,当日人工阶段NA/冲突，不自行定性；本周新开仓记录未确认完整，剩余额度NA；当前空仓/持仓证据NA，不视为空仓,NA
扩大候选观察列表,⚪观察,综艺股份,600770,5G概念；汽车芯片；物联网；第三代半导体,事件观察【不推荐埋伏】,20260930,腾讯全市场+stock_zh_a_hist_tx日线核验,6.36,6.232,6.096,NA,NA,盘中待核验：缩量止跌、下影勾头/回收支撑；未确认不得介入,NA,NA,盘中待核验：沿分时均线企稳，禁止追直线拉升,NA,极端高波,4.434760796638539,NA,NA,NA,NA,NA,NA,NA,NA,NA,evt_da06083ce613aa2f；evt_5718b1a79d09a2ff,盘中人工复核，盘前不发最终买入信号,NA,展会延期、公司没有可验证增量产品/订单披露，或相关预期已提前反映。；官方延期、撤回或公司业务不适用；没有增量经营影响则受益逻辑不成立。,NA,NA,不推荐埋伏：事件窗口/价格/10日涨幅证据缺失或盈亏比不足3；持续大额亏损/逻辑证伪证据NA，禁止正式池；风险价格/波动分档NA；尚无同时满足轨道和盈亏比的证据；条件不满足，仅观察；当日人工阶段NA/冲突，不自行定性；本周新开仓记录未确认完整，剩余额度NA；当前空仓/持仓证据NA，不视为空仓,NA,NA,NA,NA,出现止损条件无条件离场，不补仓摊平成本；跳空/滑点可能使实际亏损超过理论值。,14.38848921,3.0,1.0,无,1.1448192010386087,3.0,2.0,股性活,未超事件涨幅阈值,NA：市场证据不足,2026-09-30,炸板率=NA%；上涨=NA；下跌=NA；仅人工参考,NA：尚未运行；NA：尚未运行；NA：尚未运行,NA,NA,盘前不作当日确认,NA,NA,NA,NA,NA,NA,NA,NA,NA,否,NA,NA,条件不满足，仅观察,NA,NA,NA,NA,NA,建议股数NA或非整数手，不能生成分批计划,NA,NA,NA,NA,NA,NA,NA,当日人工阶段NA/冲突，不自行定性；本周新开仓记录未确认完整，剩余额度NA；当前空仓/持仓证据NA，不视为空仓,NA
扩大候选观察列表,⚪观察,金田股份,601609,NA,事件观察【不推荐埋伏】,20260930,腾讯全市场+stock_zh_a_hist_tx日线核验,11.72,11.776,12.491,NA,NA,盘中待核验：缩量止跌、下影勾头/回收支撑；未确认不得介入,NA,NA,盘中待核验：沿分时均线企稳，禁止追直线拉升,NA,高波,2.9322718302267337,NA,NA,NA,NA,NA,NA,NA,NA,NA,evt_db2c66aa84b24244,盘中人工复核，盘前不发最终买入信号,NA,实际披露低于原假设、盈利质量恶化或披露延期。,NA,NA,不推荐埋伏：事件窗口/价格/10日涨幅证据缺失或盈亏比不足3；持续大额亏损/逻辑证伪证据NA，禁止正式池；风险价格/波动分档NA；尚无同时满足轨道和盈亏比的证据；股性不足或证据NA，仅观察，不进入正式池；条件不满足，仅观察；当日人工阶段NA/冲突，不自行定性；本周新开仓记录未确认完整，剩余额度NA；当前空仓/持仓证据NA，不视为空仓,NA,NA,NA,NA,出现止损条件无条件离场，不补仓摊平成本；跳空/滑点可能使实际亏损超过理论值。,-8.58034321,1.0,1.0,无,6.940639269406401,1.0,1.0,股性不足,未超事件涨幅阈值,NA：市场证据不足,2026-09-30,炸板率=NA%；上涨=NA；下跌=NA；仅人工参考,NA：尚未运行；NA：尚未运行；NA：尚未运行,NA,NA,盘前不作当日确认,NA,NA,NA,NA,NA,NA,NA,NA,NA,否,NA,NA,条件不满足，仅观察,NA,NA,NA,NA,NA,建议股数NA或非整数手，不能生成分批计划,NA,NA,NA,NA,NA,NA,NA,当日人工阶段NA/冲突，不自行定性；本周新开仓记录未确认完整，剩余额度NA；当前空仓/持仓证据NA，不视为空仓,NA
扩大候选观察列表,🚫移出,领益智造,002600,消费电子；消费电子零部件及组装,NA,20260930,腾讯全市场+stock_zh_a_hist_tx日线核验,11.88,12.094,12.322000000000001,NA,NA,盘中待核验：缩量止跌、下影勾头/回收支撑；未确认不得介入,NA,NA,盘中待核验：沿分时均线企稳，禁止追直线拉升,NA,低波,1.7299598521157937,NA,NA,NA,NA,NA,NA,NA,NA,NA,evt_0e692a4d4e7aee45,盘中人工复核，盘前不发最终买入信号,NA,展期变更、取消或未披露可验证增量业务，相关逻辑不成立。,NA,NA,有效跌破MA10且无企稳；条件不满足，仅观察；当日人工阶段NA/冲突，不自行定性；本周新开仓记录未确认完整，剩余额度NA；当前空仓/持仓证据NA，不视为空仓,NA,NA,NA,NA,出现止损条件无条件离场，不补仓摊平成本；跳空/滑点可能使实际亏损超过理论值。,-5.7890563,0.0,0.0,无,NA,0.0,NA,NA：溢价样本不足,未超事件涨幅阈值,NA：市场证据不足,2026-09-30,炸板率=NA%；上涨=NA；下跌=NA；仅人工参考,NA：尚未运行；NA：尚未运行；NA：尚未运行,NA,NA,盘前不作当日确认,NA,NA,NA,NA,NA,NA,NA,NA,NA,否,NA,NA,条件不满足，仅观察,NA,NA,NA,NA,NA,建议股数NA或非整数手，不能生成分批计划,NA,NA,NA,NA,NA,NA,NA,当日人工阶段NA/冲突，不自行定性；本周新开仓记录未确认完整，剩余额度NA；当前空仓/持仓证据NA，不视为空仓,NA
扩大候选观察列表,⚪观察,博通集成,603068,MCU芯片；东数西算算力；半导体；模拟芯片设计；汽车芯片；芯片概念,事件观察【不推荐埋伏】,20260930,腾讯全市场+stock_zh_a_hist_tx日线核验,44.85,46.056,43.457,NA,NA,盘中待核验：缩量止跌、下影勾头/回收支撑；未确认不得介入,NA,NA,盘中待核验：沿分时均线企稳，禁止追直线拉升,NA,极端高波,4.77006589279758,NA,NA,NA,NA,NA,NA,NA,NA,NA,evt_da06083ce613aa2f；evt_5718b1a79d09a2ff,盘中人工复核，盘前不发最终买入信号,NA,展会延期、公司没有可验证增量产品/订单披露，或相关预期已提前反映。；官方延期、撤回或公司业务不适用；没有增量经营影响则受益逻辑不成立。,NA,NA,炒作充分，仅观察，不埋伏；持续大额亏损/逻辑证伪证据NA，禁止正式池；风险价格/波动分档NA；尚无同时满足轨道和盈亏比的证据；NA：条件证据不足，仅观察；当日人工阶段NA/冲突，不自行定性；本周新开仓记录未确认完整，剩余额度NA；当前空仓/持仓证据NA，不视为空仓,NA,NA,NA,NA,出现止损条件无条件离场，不补仓摊平成本；跳空/滑点可能使实际亏损超过理论值。,26.98187995,6.0,3.0,20260918起3连板（60日窗口内）,0.8592603778550787,6.0,3.0,股性活,炒作充分，仅观察，不埋伏,NA：市场证据不足,2026-09-30,炸板率=NA%；上涨=NA；下跌=NA；仅人工参考,NA：尚未运行；NA：尚未运行；NA：尚未运行,NA,NA,盘前不作当日确认,NA,NA,NA,NA,NA,NA,NA,NA,NA,是,NA,NA,NA：条件证据不足，仅观察,NA,NA,NA,NA,NA,建议股数NA或非整数手，不能生成分批计划,NA,NA,NA,NA,NA,NA,NA,当日人工阶段NA/冲突，不自行定性；本周新开仓记录未确认完整，剩余额度NA；当前空仓/持仓证据NA，不视为空仓,NA
扩大候选观察列表,⚪观察,宇通客车,600066,NA,事件观察【不推荐埋伏】,20260930,腾讯全市场+stock_zh_a_hist_tx日线核验,26.72,26.107999999999997,26.139999999999997,NA,NA,盘中待核验：缩量止跌、下影勾头/回收支撑；未确认不得介入,NA,NA,盘中待核验：沿分时均线企稳，禁止追直线拉升,NA,低波,1.8785800026161084,NA,NA,NA,NA,NA,NA,NA,NA,NA,evt_1d06d37e98dd1251,盘中人工复核，盘前不发最终买入信号,NA,实际披露低于原假设、盈利质量恶化或披露延期。,NA,NA,不推荐埋伏：事件窗口/价格/10日涨幅证据缺失或盈亏比不足3；持续大额亏损/逻辑证伪证据NA，禁止正式池；风险价格/波动分档NA；尚无同时满足轨道和盈亏比的证据；股性不足或证据NA，仅观察，不进入正式池；条件不满足，仅观察；当日人工阶段NA/冲突，不自行定性；本周新开仓记录未确认完整，剩余额度NA；当前空仓/持仓证据NA，不视为空仓,NA,NA,NA,NA,出现止损条件无条件离场，不补仓摊平成本；跳空/滑点可能使实际亏损超过理论值。,-1.11028868,0.0,0.0,无,NA,0.0,NA,NA：溢价样本不足,未超事件涨幅阈值,NA：市场证据不足,2026-09-30,炸板率=NA%；上涨=NA；下跌=NA；仅人工参考,NA：尚未运行；NA：尚未运行；NA：尚未运行,NA,NA,盘前不作当日确认,NA,NA,NA,NA,NA,NA,NA,NA,NA,否,NA,NA,条件不满足，仅观察,NA,NA,NA,NA,NA,建议股数NA或非整数手，不能生成分批计划,NA,NA,NA,NA,NA,NA,NA,当日人工阶段NA/冲突，不自行定性；本周新开仓记录未确认完整，剩余额度NA；当前空仓/持仓证据NA，不视为空仓,NA
扩大候选观察列表,⚪观察,川投能源,600674,NA,事件观察【不推荐埋伏】,20260930,腾讯全市场+stock_zh_a_hist_tx日线核验,16.62,16.4,16.153,NA,NA,盘中待核验：缩量止跌、下影勾头/回收支撑；未确认不得介入,NA,NA,盘中待核验：沿分时均线企稳，禁止追直线拉升,NA,低波,0.9285569981843099,NA,NA,NA,NA,NA,NA,NA,NA,NA,evt_ca012c6cc23f0b82,盘中人工复核，盘前不发最终买入信号,NA,实际披露低于原假设、盈利质量恶化或披露延期。,NA,NA,不推荐埋伏：事件窗口/价格/10日涨幅证据缺失或盈亏比不足3；持续大额亏损/逻辑证伪证据NA，禁止正式池；风险价格/波动分档NA；尚无同时满足轨道和盈亏比的证据；股性不足或证据NA，仅观察，不进入正式池；NA：条件证据不足，仅观察；当日人工阶段NA/冲突，不自行定性；本周新开仓记录未确认完整，剩余额度NA；当前空仓/持仓证据NA，不视为空仓,NA,NA,NA,NA,出现止损条件无条件离场，不补仓摊平成本；跳空/滑点可能使实际亏损超过理论值。,3.42252645,0.0,0.0,无,NA,0.0,NA,NA：溢价样本不足,未超事件涨幅阈值,NA：市场证据不足,2026-09-30,炸板率=NA%；上涨=NA；下跌=NA；仅人工参考,NA：尚未运行；NA：尚未运行；NA：尚未运行,NA,NA,盘前不作当日确认,NA,NA,NA,NA,NA,NA,NA,NA,NA,是,NA,NA,NA：条件证据不足，仅观察,NA,NA,NA,NA,NA,建议股数NA或非整数手，不能生成分批计划,NA,NA,NA,NA,NA,NA,NA,当日人工阶段NA/冲突，不自行定性；本周新开仓记录未确认完整，剩余额度NA；当前空仓/持仓证据NA，不视为空仓,NA
扩大候选观察列表,🚫移出,中晶科技,003026,半导体；半导体材料,NA,20260930,腾讯全市场+stock_zh_a_hist_tx日线核验,32.4,34.22,35.249,NA,NA,盘中待核验：缩量止跌、下影勾头/回收支撑；未确认不得介入,NA,NA,盘中待核验：沿分时均线企稳，禁止追直线拉升,NA,极端高波,4.525397402439443,NA,NA,NA,NA,NA,NA,NA,NA,NA,evt_da06083ce613aa2f；evt_5718b1a79d09a2ff,盘中人工复核，盘前不发最终买入信号,NA,展会延期、公司没有可验证增量产品/订单披露，或相关预期已提前反映。；官方延期、撤回或公司业务不适用；没有增量经营影响则受益逻辑不成立。,NA,NA,有效跌破MA10且无企稳；条件不满足，仅观察；当日人工阶段NA/冲突，不自行定性；本周新开仓记录未确认完整，剩余额度NA；当前空仓/持仓证据NA，不视为空仓,NA,NA,NA,NA,出现止损条件无条件离场，不补仓摊平成本；跳空/滑点可能使实际亏损超过理论值。,5.95160235,3.0,3.0,20260915起3连板（60日窗口内）,6.845063385495738,3.0,3.0,股性活,未超事件涨幅阈值,NA：市场证据不足,2026-09-30,炸板率=NA%；上涨=NA；下跌=NA；仅人工参考,NA：尚未运行；NA：尚未运行；NA：尚未运行,NA,NA,盘前不作当日确认,NA,NA,NA,NA,NA,NA,NA,NA,NA,否,NA,NA,条件不满足，仅观察,NA,NA,NA,NA,NA,建议股数NA或非整数手，不能生成分批计划,NA,NA,NA,NA,NA,NA,NA,当日人工阶段NA/冲突，不自行定性；本周新开仓记录未确认完整，剩余额度NA；当前空仓/持仓证据NA，不视为空仓,NA
扩大候选观察列表,⚪观察,科大讯飞,002230,NA,事件观察【不推荐埋伏】,20260930,腾讯全市场+stock_zh_a_hist_tx日线核验,37.22,37.742,38.236,NA,NA,盘中待核验：缩量止跌、下影勾头/回收支撑；未确认不得介入,NA,NA,盘中待核验：沿分时均线企稳，禁止追直线拉升,NA,低波,1.0202298612555376,NA,NA,NA,NA,NA,NA,NA,NA,NA,evt_e8523046bdab690d,盘中人工复核，盘前不发最终买入信号,NA,实际披露低于原假设、盈利质量恶化或披露延期。,NA,NA,不推荐埋伏：事件窗口/价格/10日涨幅证据缺失或盈亏比不足3；持续大额亏损/逻辑证伪证据NA，禁止正式池；风险价格/波动分档NA；尚无同时满足轨道和盈亏比的证据；股性不足或证据NA，仅观察，不进入正式池；条件不满足，仅观察；当日人工阶段NA/冲突，不自行定性；本周新开仓记录未确认完整，剩余额度NA；当前空仓/持仓证据NA，不视为空仓,NA,NA,NA,NA,出现止损条件无条件离场，不补仓摊平成本；跳空/滑点可能使实际亏损超过理论值。,-4.56410256,0.0,0.0,无,NA,0.0,NA,NA：溢价样本不足,未超事件涨幅阈值,NA：市场证据不足,2026-09-30,炸板率=NA%；上涨=NA；下跌=NA；仅人工参考,NA：尚未运行；NA：尚未运行；NA：尚未运行,NA,NA,盘前不作当日确认,NA,NA,NA,NA,NA,NA,NA,NA,NA,否,NA,NA,条件不满足，仅观察,NA,NA,NA,NA,NA,建议股数NA或非整数手，不能生成分批计划,NA,NA,NA,NA,NA,NA,NA,当日人工阶段NA/冲突，不自行定性；本周新开仓记录未确认完整，剩余额度NA；当前空仓/持仓证据NA，不视为空仓,NA
扩大候选观察列表,🚫移出,环旭电子,601231,消费电子；消费电子零部件及组装,NA,20260930,腾讯全市场+stock_zh_a_hist_tx日线核验,23.74,24.778,25.689999999999998,NA,NA,盘中待核验：缩量止跌、下影勾头/回收支撑；未确认不得介入,NA,NA,盘中待核验：沿分时均线企稳，禁止追直线拉升,NA,极端高波,4.012385899023896,NA,NA,NA,NA,NA,NA,NA,NA,NA,evt_da06083ce613aa2f,盘中人工复核，盘前不发最终买入信号,NA,展会延期、公司没有可验证增量产品/订单披露，或相关预期已提前反映。,NA,NA,有效跌破MA10且无企稳；条件不满足，仅观察；当日人工阶段NA/冲突，不自行定性；本周新开仓记录未确认完整，剩余额度NA；当前空仓/持仓证据NA，不视为空仓,NA,NA,NA,NA,出现止损条件无条件离场，不补仓摊平成本；跳空/滑点可能使实际亏损超过理论值。,-4.88782051,2.0,1.0,无,1.2496081695003491,2.0,2.0,股性活,未超事件涨幅阈值,NA：市场证据不足,2026-09-30,炸板率=NA%；上涨=NA；下跌=NA；仅人工参考,NA：尚未运行；NA：尚未运行；NA：尚未运行,NA,NA,盘前不作当日确认,NA,NA,NA,NA,NA,NA,NA,NA,NA,否,NA,NA,条件不满足，仅观察,NA,NA,NA,NA,NA,建议股数NA或非整数手，不能生成分批计划,NA,NA,NA,NA,NA,NA,NA,当日人工阶段NA/冲突，不自行定性；本周新开仓记录未确认完整，剩余额度NA；当前空仓/持仓证据NA，不视为空仓,NA
扩大候选观察列表,🚫移出,莱宝高科,002106,先进封装,NA,20260930,腾讯全市场+stock_zh_a_hist_tx日线核验,11.9,12.506,12.432,NA,NA,盘中待核验：缩量止跌、下影勾头/回收支撑；未确认不得介入,NA,NA,盘中待核验：沿分时均线企稳，禁止追直线拉升,NA,高波,3.8961268493876466,NA,NA,NA,NA,NA,NA,NA,NA,NA,evt_da06083ce613aa2f,盘中人工复核，盘前不发最终买入信号,NA,展会延期、公司没有可验证增量产品/订单披露，或相关预期已提前反映。,NA,NA,有效跌破MA10且无企稳；条件不满足，仅观察；当日人工阶段NA/冲突，不自行定性；本周新开仓记录未确认完整，剩余额度NA；当前空仓/持仓证据NA，不视为空仓,NA,NA,NA,NA,出现止损条件无条件离场，不补仓摊平成本；跳空/滑点可能使实际亏损超过理论值。,4.66138962,0.0,0.0,无,NA,0.0,NA,NA：溢价样本不足,未超事件涨幅阈值,NA：市场证据不足,2026-09-30,炸板率=NA%；上涨=NA；下跌=NA；仅人工参考,NA：尚未运行；NA：尚未运行；NA：尚未运行,NA,NA,盘前不作当日确认,NA,NA,NA,NA,NA,NA,NA,NA,NA,否,NA,NA,条件不满足，仅观察,NA,NA,NA,NA,NA,建议股数NA或非整数手，不能生成分批计划,NA,NA,NA,NA,NA,NA,NA,当日人工阶段NA/冲突，不自行定性；本周新开仓记录未确认完整，剩余额度NA；当前空仓/持仓证据NA，不视为空仓,NA
扩大候选观察列表,⚪观察,海通发展,603162,NA,事件观察【不推荐埋伏】,20260930,腾讯全市场+stock_zh_a_hist_tx日线核验,13.04,13.138,13.560999999999998,NA,NA,盘中待核验：缩量止跌、下影勾头/回收支撑；未确认不得介入,NA,NA,盘中待核验：沿分时均线企稳，禁止追直线拉升,NA,极端高波,5.141291717054499,NA,NA,NA,NA,NA,NA,NA,NA,NA,evt_32d9e0bf4d60db10,盘中人工复核，盘前不发最终买入信号,NA,实际披露低于原假设、盈利质量恶化或披露延期。,NA,NA,不推荐埋伏：事件窗口/价格/10日涨幅证据缺失或盈亏比不足3；持续大额亏损/逻辑证伪证据NA，禁止正式池；风险价格/波动分档NA；尚无同时满足轨道和盈亏比的证据；条件不满足，仅观察；当日人工阶段NA/冲突，不自行定性；本周新开仓记录未确认完整，剩余额度NA；当前空仓/持仓证据NA，不视为空仓,NA,NA,NA,NA,出现止损条件无条件离场，不补仓摊平成本；跳空/滑点可能使实际亏损超过理论值。,-3.40740741,6.0,2.0,20260903起2连板（60日窗口内）,0.4834804668548225,6.0,3.0,股性活,未超事件涨幅阈值,NA：市场证据不足,2026-09-30,炸板率=NA%；上涨=NA；下跌=NA；仅人工参考,NA：尚未运行；NA：尚未运行；NA：尚未运行,NA,NA,盘前不作当日确认,NA,NA,NA,NA,NA,NA,NA,NA,NA,否,NA,NA,条件不满足，仅观察,NA,NA,NA,NA,NA,建议股数NA或非整数手，不能生成分批计划,NA,NA,NA,NA,NA,NA,NA,当日人工阶段NA/冲突，不自行定性；本周新开仓记录未确认完整，剩余额度NA；当前空仓/持仓证据NA，不视为空仓,NA
扩大候选观察列表,⚪观察,一鸣食品,605179,NA,事件观察【不推荐埋伏】,20260930,腾讯全市场+stock_zh_a_hist_tx日线核验,23.56,24.384,25.523000000000003,NA,NA,盘中待核验：缩量止跌、下影勾头/回收支撑；未确认不得介入,NA,NA,盘中待核验：沿分时均线企稳，禁止追直线拉升,NA,极端高波,5.564518489988512,NA,NA,NA,NA,NA,NA,NA,NA,NA,evt_4e94732498534282,盘中人工复核，盘前不发最终买入信号,NA,实际披露低于原假设、盈利质量恶化或披露延期。,NA,NA,不推荐埋伏：事件窗口/价格/10日涨幅证据缺失或盈亏比不足3；持续大额亏损/逻辑证伪证据NA，禁止正式池；风险价格/波动分档NA；尚无同时满足轨道和盈亏比的证据；条件不满足，仅观察；当日人工阶段NA/冲突，不自行定性；本周新开仓记录未确认完整，剩余额度NA；当前空仓/持仓证据NA，不视为空仓,NA,NA,NA,NA,出现止损条件无条件离场，不补仓摊平成本；跳空/滑点可能使实际亏损超过理论值。,-5.76,13.0,5.0,20260728起5连板（60日窗口内）；20260810起4连板（60日窗口内）；20260817起2连板（60日窗口内）,3.6486524534771787,13.0,3.0,股性活,未超事件涨幅阈值,NA：市场证据不足,2026-09-30,炸板率=NA%；上涨=NA；下跌=NA；仅人工参考,NA：尚未运行；NA：尚未运行；NA：尚未运行,NA,NA,盘前不作当日确认,NA,NA,NA,NA,NA,NA,NA,NA,NA,否,NA,NA,条件不满足，仅观察,NA,NA,NA,NA,NA,建议股数NA或非整数手，不能生成分批计划,NA,NA,NA,NA,NA,NA,NA,当日人工阶段NA/冲突，不自行定性；本周新开仓记录未确认完整，剩余额度NA；当前空仓/持仓证据NA，不视为空仓,NA
扩大候选观察列表,⚪观察,璞泰来,603659,PET铜箔,事件观察【不推荐埋伏】,20260930,腾讯全市场+stock_zh_a_hist_tx日线核验,21.45,21.412,21.798,NA,NA,盘中待核验：缩量止跌、下影勾头/回收支撑；未确认不得介入,NA,NA,盘中待核验：沿分时均线企稳，禁止追直线拉升,NA,低波,1.76650345993267,NA,NA,NA,NA,NA,NA,NA,NA,NA,evt_f78b07f00b92ad10,盘中人工复核，盘前不发最终买入信号,NA,实际披露低于原假设、盈利质量恶化或披露延期。,NA,NA,不推荐埋伏：事件窗口/价格/10日涨幅证据缺失或盈亏比不足3；持续大额亏损/逻辑证伪证据NA，禁止正式池；风险价格/波动分档NA；尚无同时满足轨道和盈亏比的证据；股性不足或证据NA，仅观察，不进入正式池；条件不满足，仅观察；当日人工阶段NA/冲突，不自行定性；本周新开仓记录未确认完整，剩余额度NA；当前空仓/持仓证据NA，不视为空仓,NA,NA,NA,NA,出现止损条件无条件离场，不补仓摊平成本；跳空/滑点可能使实际亏损超过理论值。,-4.15549598,0.0,0.0,无,NA,0.0,NA,NA：溢价样本不足,未超事件涨幅阈值,NA：市场证据不足,2026-09-30,炸板率=NA%；上涨=NA；下跌=NA；仅人工参考,NA：尚未运行；NA：尚未运行；NA：尚未运行,NA,NA,盘前不作当日确认,NA,NA,NA,NA,NA,NA,NA,NA,NA,否,NA,NA,条件不满足，仅观察,NA,NA,NA,NA,NA,建议股数NA或非整数手，不能生成分批计划,NA,NA,NA,NA,NA,NA,NA,当日人工阶段NA/冲突，不自行定性；本周新开仓记录未确认完整，剩余额度NA；当前空仓/持仓证据NA，不视为空仓,NA
扩大候选观察列表,🚫移出,高德红外,002414,军工电子Ⅱ；军工电子Ⅲ,NA,20260930,腾讯全市场+stock_zh_a_hist_tx日线核验,11.18,11.544,11.916,NA,NA,盘中待核验：缩量止跌、下影勾头/回收支撑；未确认不得介入,NA,NA,盘中待核验：沿分时均线企稳，禁止追直线拉升,NA,低波,1.2964647355969237,NA,NA,NA,NA,NA,NA,NA,NA,NA,evt_da06083ce613aa2f；evt_5718b1a79d09a2ff,盘中人工复核，盘前不发最终买入信号,NA,展会延期、公司没有可验证增量产品/订单披露，或相关预期已提前反映。；官方延期、撤回或公司业务不适用；没有增量经营影响则受益逻辑不成立。,NA,NA,有效跌破MA10且无企稳；条件不满足，仅观察；当日人工阶段NA/冲突，不自行定性；本周新开仓记录未确认完整，剩余额度NA；当前空仓/持仓证据NA，不视为空仓,NA,NA,NA,NA,出现止损条件无条件离场，不补仓摊平成本；跳空/滑点可能使实际亏损超过理论值。,-7.67960363,2.0,2.0,20260709起2连板（60日窗口内）,2.776298070804234,2.0,3.0,股性活,未超事件涨幅阈值,NA：市场证据不足,2026-09-30,炸板率=NA%；上涨=NA；下跌=NA；仅人工参考,NA：尚未运行；NA：尚未运行；NA：尚未运行,NA,NA,盘前不作当日确认,NA,NA,NA,NA,NA,NA,NA,NA,NA,否,NA,NA,条件不满足，仅观察,NA,NA,NA,NA,NA,建议股数NA或非整数手，不能生成分批计划,NA,NA,NA,NA,NA,NA,NA,当日人工阶段NA/冲突，不自行定性；本周新开仓记录未确认完整，剩余额度NA；当前空仓/持仓证据NA，不视为空仓,NA
扩大候选观察列表,⚪观察,艾迪精密,603638,NA,事件观察【不推荐埋伏】,20260930,腾讯全市场+stock_zh_a_hist_tx日线核验,19.82,19.368000000000002,18.794,NA,NA,盘中待核验：缩量止跌、下影勾头/回收支撑；未确认不得介入,NA,NA,盘中待核验：沿分时均线企稳，禁止追直线拉升,NA,低波,1.740962962024301,NA,NA,NA,NA,NA,NA,NA,NA,NA,evt_0aa7fb83b9799739,盘中人工复核，盘前不发最终买入信号,NA,实际披露低于原假设、盈利质量恶化或披露延期。,NA,NA,不推荐埋伏：事件窗口/价格/10日涨幅证据缺失或盈亏比不足3；持续大额亏损/逻辑证伪证据NA，禁止正式池；风险价格/波动分档NA；尚无同时满足轨道和盈亏比的证据；股性不足或证据NA，仅观察，不进入正式池；条件不满足，仅观察；当日人工阶段NA/冲突，不自行定性；本周新开仓记录未确认完整，剩余额度NA；当前空仓/持仓证据NA，不视为空仓,NA,NA,NA,NA,出现止损条件无条件离场，不补仓摊平成本；跳空/滑点可能使实际亏损超过理论值。,8.18777293,0.0,0.0,无,NA,0.0,NA,NA：溢价样本不足,未超事件涨幅阈值,NA：市场证据不足,2026-09-30,炸板率=NA%；上涨=NA；下跌=NA；仅人工参考,NA：尚未运行；NA：尚未运行；NA：尚未运行,NA,NA,盘前不作当日确认,NA,NA,NA,NA,NA,NA,NA,NA,NA,否,NA,NA,条件不满足，仅观察,NA,NA,NA,NA,NA,建议股数NA或非整数手，不能生成分批计划,NA,NA,NA,NA,NA,NA,NA,当日人工阶段NA/冲突，不自行定性；本周新开仓记录未确认完整，剩余额度NA；当前空仓/持仓证据NA，不视为空仓,NA
扩大候选观察列表,🚫移出,和顺石油,603353,存储芯片,NA,20260930,腾讯全市场+stock_zh_a_hist_tx日线核验,38.34,42.184000000000005,44.247,NA,NA,盘中待核验：缩量止跌、下影勾头/回收支撑；未确认不得介入,NA,NA,盘中待核验：沿分时均线企稳，禁止追直线拉升,NA,极端高波,6.250341413794731,NA,NA,NA,NA,NA,NA,NA,NA,NA,evt_da06083ce613aa2f；evt_5718b1a79d09a2ff,盘中人工复核，盘前不发最终买入信号,NA,展会延期、公司没有可验证增量产品/订单披露，或相关预期已提前反映。；官方延期、撤回或公司业务不适用；没有增量经营影响则受益逻辑不成立。,NA,NA,有效跌破MA10且无企稳；条件不满足，仅观察；当日人工阶段NA/冲突，不自行定性；本周新开仓记录未确认完整，剩余额度NA；当前空仓/持仓证据NA，不视为空仓,NA,NA,NA,NA,出现止损条件无条件离场，不补仓摊平成本；跳空/滑点可能使实际亏损超过理论值。,-7.48069498,3.0,1.0,无,0.2913830927247396,3.0,2.0,股性活,未超事件涨幅阈值,NA：市场证据不足,2026-09-30,炸板率=NA%；上涨=NA；下跌=NA；仅人工参考,NA：尚未运行；NA：尚未运行；NA：尚未运行,NA,NA,盘前不作当日确认,NA,NA,NA,NA,NA,NA,NA,NA,NA,否,NA,NA,条件不满足，仅观察,NA,NA,NA,NA,NA,建议股数NA或非整数手，不能生成分批计划,NA,NA,NA,NA,NA,NA,NA,当日人工阶段NA/冲突，不自行定性；本周新开仓记录未确认完整，剩余额度NA；当前空仓/持仓证据NA，不视为空仓,NA
扩大候选观察列表,⚪观察,金洲管道,002443,NA,事件观察【不推荐埋伏】,20260930,腾讯全市场+stock_zh_a_hist_tx日线核验,12.67,12.847999999999999,12.803999999999998,NA,NA,盘中待核验：缩量止跌、下影勾头/回收支撑；未确认不得介入,NA,NA,盘中待核验：沿分时均线企稳，禁止追直线拉升,NA,高波,3.8648931033655054,NA,NA,NA,NA,NA,NA,NA,NA,NA,evt_4af2264365a1654e,盘中人工复核，盘前不发最终买入信号,NA,实际披露低于原假设、盈利质量恶化或披露延期。,NA,NA,不推荐埋伏：事件窗口/价格/10日涨幅证据缺失或盈亏比不足3；持续大额亏损/逻辑证伪证据NA，禁止正式池；风险价格/波动分档NA；尚无同时满足轨道和盈亏比的证据；股性不足或证据NA，仅观察，不进入正式池；NA：条件证据不足，仅观察；当日人工阶段NA/冲突，不自行定性；本周新开仓记录未确认完整，剩余额度NA；当前空仓/持仓证据NA，不视为空仓,NA,NA,NA,NA,出现止损条件无条件离场，不补仓摊平成本；跳空/滑点可能使实际亏损超过理论值。,10.36585366,1.0,1.0,无,-2.143622722400851,1.0,0.0,股性不足,未超事件涨幅阈值,NA：市场证据不足,2026-09-30,炸板率=NA%；上涨=NA；下跌=NA；仅人工参考,NA：尚未运行；NA：尚未运行；NA：尚未运行,NA,NA,盘前不作当日确认,NA,NA,NA,NA,NA,NA,NA,NA,NA,是,NA,NA,NA：条件证据不足，仅观察,NA,NA,NA,NA,NA,建议股数NA或非整数手，不能生成分批计划,NA,NA,NA,NA,NA,NA,NA,当日人工阶段NA/冲突，不自行定性；本周新开仓记录未确认完整，剩余额度NA；当前空仓/持仓证据NA，不视为空仓,NA
扩大候选观察列表,🚫移出,实益达,002137,NA,NA,20260930,腾讯全市场+stock_zh_a_hist_tx日线核验,7.6,7.898000000000001,8.201,NA,NA,盘中待核验：缩量止跌、下影勾头/回收支撑；未确认不得介入,NA,NA,盘中待核验：沿分时均线企稳，禁止追直线拉升,NA,高波,3.1189555397151034,NA,NA,NA,NA,NA,NA,NA,NA,NA,evt_6109c10c8cd8d98b,盘中人工复核，盘前不发最终买入信号,NA,实际披露低于原假设、盈利质量恶化或披露延期。,NA,NA,有效跌破MA10且无企稳；条件不满足，仅观察；当日人工阶段NA/冲突，不自行定性；本周新开仓记录未确认完整，剩余额度NA；当前空仓/持仓证据NA，不视为空仓,NA,NA,NA,NA,出现止损条件无条件离场，不补仓摊平成本；跳空/滑点可能使实际亏损超过理论值。,2.01342282,1.0,1.0,无,4.268292682926855,1.0,1.0,股性不足,未超事件涨幅阈值,NA：市场证据不足,2026-09-30,炸板率=NA%；上涨=NA；下跌=NA；仅人工参考,NA：尚未运行；NA：尚未运行；NA：尚未运行,NA,NA,盘前不作当日确认,NA,NA,NA,NA,NA,NA,NA,NA,NA,否,NA,NA,条件不满足，仅观察,NA,NA,NA,NA,NA,建议股数NA或非整数手，不能生成分批计划,NA,NA,NA,NA,NA,NA,NA,当日人工阶段NA/冲突，不自行定性；本周新开仓记录未确认完整，剩余额度NA；当前空仓/持仓证据NA，不视为空仓,NA
扩大候选观察列表,🚫移出,中孚实业,600595,NA,NA,20260930,腾讯全市场+stock_zh_a_hist_tx日线核验,5.95,5.892,5.9719999999999995,NA,NA,盘中待核验：缩量止跌、下影勾头/回收支撑；未确认不得介入,NA,NA,盘中待核验：沿分时均线企稳，禁止追直线拉升,NA,高波,2.3232409623478634,NA,NA,NA,NA,NA,NA,NA,NA,NA,evt_e512a2972beff58f,盘中人工复核，盘前不发最终买入信号,NA,实际披露低于原假设、盈利质量恶化或披露延期。,NA,NA,有效跌破MA10且无企稳；条件不满足，仅观察；当日人工阶段NA/冲突，不自行定性；本周新开仓记录未确认完整，剩余额度NA；当前空仓/持仓证据NA，不视为空仓,NA,NA,NA,NA,出现止损条件无条件离场，不补仓摊平成本；跳空/滑点可能使实际亏损超过理论值。,-1.81518152,1.0,1.0,无,1.5723270440251458,1.0,1.0,股性不足,未超事件涨幅阈值,NA：市场证据不足,2026-09-30,炸板率=NA%；上涨=NA；下跌=NA；仅人工参考,NA：尚未运行；NA：尚未运行；NA：尚未运行,NA,NA,盘前不作当日确认,NA,NA,NA,NA,NA,NA,NA,NA,NA,否,NA,NA,条件不满足，仅观察,NA,NA,NA,NA,NA,建议股数NA或非整数手，不能生成分批计划,NA,NA,NA,NA,NA,NA,NA,当日人工阶段NA/冲突，不自行定性；本周新开仓记录未确认完整，剩余额度NA；当前空仓/持仓证据NA，不视为空仓,NA
扩大候选观察列表,🚫移出,和而泰,002402,消费电子；消费电子零部件及组装；物联网,NA,20260930,腾讯全市场+stock_zh_a_hist_tx日线核验,17.62,18.066,18.443,NA,NA,盘中待核验：缩量止跌、下影勾头/回收支撑；未确认不得介入,NA,NA,盘中待核验：沿分时均线企稳，禁止追直线拉升,NA,低波,1.4046857464556735,NA,NA,NA,NA,NA,NA,NA,NA,NA,evt_da06083ce613aa2f；evt_5718b1a79d09a2ff,盘中人工复核，盘前不发最终买入信号,NA,展会延期、公司没有可验证增量产品/订单披露，或相关预期已提前反映。；官方延期、撤回或公司业务不适用；没有增量经营影响则受益逻辑不成立。,NA,NA,有效跌破MA10且无企稳；条件不满足，仅观察；当日人工阶段NA/冲突，不自行定性；本周新开仓记录未确认完整，剩余额度NA；当前空仓/持仓证据NA，不视为空仓,NA,NA,NA,NA,出现止损条件无条件离场，不补仓摊平成本；跳空/滑点可能使实际亏损超过理论值。,-4.80821178,1.0,1.0,无,-5.35714285714286,1.0,0.0,股性不足,未超事件涨幅阈值,NA：市场证据不足,2026-09-30,炸板率=NA%；上涨=NA；下跌=NA；仅人工参考,NA：尚未运行；NA：尚未运行；NA：尚未运行,NA,NA,盘前不作当日确认,NA,NA,NA,NA,NA,NA,NA,NA,NA,否,NA,NA,条件不满足，仅观察,NA,NA,NA,NA,NA,建议股数NA或非整数手，不能生成分批计划,NA,NA,NA,NA,NA,NA,NA,当日人工阶段NA/冲突，不自行定性；本周新开仓记录未确认完整，剩余额度NA；当前空仓/持仓证据NA，不视为空仓,NA
扩大候选观察列表,🚫移出,大为股份,002213,半导体；数字芯片设计,NA,20260930,腾讯全市场+stock_zh_a_hist_tx日线核验,26.7,28.163999999999998,28.692,NA,NA,盘中待核验：缩量止跌、下影勾头/回收支撑；未确认不得介入,NA,NA,盘中待核验：沿分时均线企稳，禁止追直线拉升,NA,高波,3.1540652888483667,NA,NA,NA,NA,NA,NA,NA,NA,NA,evt_da06083ce613aa2f；evt_5718b1a79d09a2ff,盘中人工复核，盘前不发最终买入信号,NA,展会延期、公司没有可验证增量产品/订单披露，或相关预期已提前反映。；官方延期、撤回或公司业务不适用；没有增量经营影响则受益逻辑不成立。,NA,NA,有效跌破MA10且无企稳；条件不满足，仅观察；当日人工阶段NA/冲突，不自行定性；本周新开仓记录未确认完整，剩余额度NA；当前空仓/持仓证据NA，不视为空仓,NA,NA,NA,NA,出现止损条件无条件离场，不补仓摊平成本；跳空/滑点可能使实际亏损超过理论值。,-9.46083418,4.0,2.0,20260721起2连板（60日窗口内）,3.3395414916258357,4.0,3.0,股性活,未超事件涨幅阈值,NA：市场证据不足,2026-09-30,炸板率=NA%；上涨=NA；下跌=NA；仅人工参考,NA：尚未运行；NA：尚未运行；NA：尚未运行,NA,NA,盘前不作当日确认,NA,NA,NA,NA,NA,NA,NA,NA,NA,否,NA,NA,条件不满足，仅观察,NA,NA,NA,NA,NA,建议股数NA或非整数手，不能生成分批计划,NA,NA,NA,NA,NA,NA,NA,当日人工阶段NA/冲突，不自行定性；本周新开仓记录未确认完整，剩余额度NA；当前空仓/持仓证据NA，不视为空仓,NA
扩大候选观察列表,⚪观察,孚日股份,002083,NA,事件观察【不推荐埋伏】,20260930,腾讯全市场+stock_zh_a_hist_tx日线核验,9.6,9.424000000000001,9.616,NA,NA,盘中待核验：缩量止跌、下影勾头/回收支撑；未确认不得介入,NA,NA,盘中待核验：沿分时均线企稳，禁止追直线拉升,NA,低波,1.8581692400587133,NA,NA,NA,NA,NA,NA,NA,NA,NA,evt_0c661cbfd60aa370,盘中人工复核，盘前不发最终买入信号,NA,实际披露低于原假设、盈利质量恶化或披露延期。,NA,NA,不推荐埋伏：事件窗口/价格/10日涨幅证据缺失或盈亏比不足3；持续大额亏损/逻辑证伪证据NA，禁止正式池；风险价格/波动分档NA；尚无同时满足轨道和盈亏比的证据；条件不满足，仅观察；当日人工阶段NA/冲突，不自行定性；本周新开仓记录未确认完整，剩余额度NA；当前空仓/持仓证据NA，不视为空仓,NA,NA,NA,NA,出现止损条件无条件离场，不补仓摊平成本；跳空/滑点可能使实际亏损超过理论值。,0.20876827,3.0,2.0,20260723起2连板（60日窗口内）,2.9921549143134563,3.0,3.0,股性活,未超事件涨幅阈值,NA：市场证据不足,2026-09-30,炸板率=NA%；上涨=NA；下跌=NA；仅人工参考,NA：尚未运行；NA：尚未运行；NA：尚未运行,NA,NA,盘前不作当日确认,NA,NA,NA,NA,NA,NA,NA,NA,NA,否,NA,NA,条件不满足，仅观察,NA,NA,NA,NA,NA,建议股数NA或非整数手，不能生成分批计划,NA,NA,NA,NA,NA,NA,NA,当日人工阶段NA/冲突，不自行定性；本周新开仓记录未确认完整，剩余额度NA；当前空仓/持仓证据NA，不视为空仓,NA
扩大候选观察列表,⚪观察,圆通速递,600233,NA,事件观察【不推荐埋伏】,20260930,腾讯全市场+stock_zh_a_hist_tx日线核验,17.79,17.916,17.857000000000003,NA,NA,盘中待核验：缩量止跌、下影勾头/回收支撑；未确认不得介入,NA,NA,盘中待核验：沿分时均线企稳，禁止追直线拉升,NA,高波,2.2930361484791226,NA,NA,NA,NA,NA,NA,NA,NA,NA,evt_c9a16f102edf62e5,盘中人工复核，盘前不发最终买入信号,NA,实际披露低于原假设、盈利质量恶化或披露延期。,NA,NA,不推荐埋伏：事件窗口/价格/10日涨幅证据缺失或盈亏比不足3；持续大额亏损/逻辑证伪证据NA，禁止正式池；风险价格/波动分档NA；尚无同时满足轨道和盈亏比的证据；股性不足或证据NA，仅观察，不进入正式池；NA：条件证据不足，仅观察；当日人工阶段NA/冲突，不自行定性；本周新开仓记录未确认完整，剩余额度NA；当前空仓/持仓证据NA，不视为空仓,NA,NA,NA,NA,出现止损条件无条件离场，不补仓摊平成本；跳空/滑点可能使实际亏损超过理论值。,3.61094933,0.0,0.0,无,NA,0.0,NA,NA：溢价样本不足,未超事件涨幅阈值,NA：市场证据不足,2026-09-30,炸板率=NA%；上涨=NA；下跌=NA；仅人工参考,NA：尚未运行；NA：尚未运行；NA：尚未运行,NA,NA,盘前不作当日确认,NA,NA,NA,NA,NA,NA,NA,NA,NA,是,NA,NA,NA：条件证据不足，仅观察,NA,NA,NA,NA,NA,建议股数NA或非整数手，不能生成分批计划,NA,NA,NA,NA,NA,NA,NA,当日人工阶段NA/冲突，不自行定性；本周新开仓记录未确认完整，剩余额度NA；当前空仓/持仓证据NA，不视为空仓,NA
扩大候选观察列表,⚪观察,尚太科技,001301,NA,事件观察【不推荐埋伏】,20260930,腾讯全市场+stock_zh_a_hist_tx日线核验,47.34,47.3,49.233,NA,NA,盘中待核验：缩量止跌、下影勾头/回收支撑；未确认不得介入,NA,NA,盘中待核验：沿分时均线企稳，禁止追直线拉升,NA,高波,2.527193272447922,NA,NA,NA,NA,NA,NA,NA,NA,NA,evt_06adbd83029b61c7,盘中人工复核，盘前不发最终买入信号,NA,实际披露低于原假设、盈利质量恶化或披露延期。,NA,NA,不推荐埋伏：事件窗口/价格/10日涨幅证据缺失或盈亏比不足3；持续大额亏损/逻辑证伪证据NA，禁止正式池；风险价格/波动分档NA；尚无同时满足轨道和盈亏比的证据；股性不足或证据NA，仅观察，不进入正式池；条件不满足，仅观察；当日人工阶段NA/冲突，不自行定性；本周新开仓记录未确认完整，剩余额度NA；当前空仓/持仓证据NA，不视为空仓,NA,NA,NA,NA,出现止损条件无条件离场，不补仓摊平成本；跳空/滑点可能使实际亏损超过理论值。,-7.98833819,1.0,1.0,无,2.968073158992479,1.0,1.0,股性不足,未超事件涨幅阈值,NA：市场证据不足,2026-09-30,炸板率=NA%；上涨=NA；下跌=NA；仅人工参考,NA：尚未运行；NA：尚未运行；NA：尚未运行,NA,NA,盘前不作当日确认,NA,NA,NA,NA,NA,NA,NA,NA,NA,否,NA,NA,条件不满足，仅观察,NA,NA,NA,NA,NA,建议股数NA或非整数手，不能生成分批计划,NA,NA,NA,NA,NA,NA,NA,当日人工阶段NA/冲突，不自行定性；本周新开仓记录未确认完整，剩余额度NA；当前空仓/持仓证据NA，不视为空仓,NA
扩大候选观察列表,⚪观察,永太科技,002326,NA,事件观察【不推荐埋伏】,20260930,腾讯全市场+stock_zh_a_hist_tx日线核验,16.47,16.43,16.842000000000002,NA,NA,盘中待核验：缩量止跌、下影勾头/回收支撑；未确认不得介入,NA,NA,盘中待核验：沿分时均线企稳，禁止追直线拉升,NA,低波,1.4564989879840835,NA,NA,NA,NA,NA,NA,NA,NA,NA,evt_fb2fc418298d9734,盘中人工复核，盘前不发最终买入信号,NA,实际披露低于原假设、盈利质量恶化或披露延期。,NA,NA,不推荐埋伏：事件窗口/价格/10日涨幅证据缺失或盈亏比不足3；持续大额亏损/逻辑证伪证据NA，禁止正式池；风险价格/波动分档NA；尚无同时满足轨道和盈亏比的证据；股性不足或证据NA，仅观察，不进入正式池；条件不满足，仅观察；当日人工阶段NA/冲突，不自行定性；本周新开仓记录未确认完整，剩余额度NA；当前空仓/持仓证据NA，不视为空仓,NA,NA,NA,NA,出现止损条件无条件离场，不补仓摊平成本；跳空/滑点可能使实际亏损超过理论值。,-3.23149236,0.0,0.0,无,NA,0.0,NA,NA：溢价样本不足,未超事件涨幅阈值,NA：市场证据不足,2026-09-30,炸板率=NA%；上涨=NA；下跌=NA；仅人工参考,NA：尚未运行；NA：尚未运行；NA：尚未运行,NA,NA,盘前不作当日确认,NA,NA,NA,NA,NA,NA,NA,NA,NA,否,NA,NA,条件不满足，仅观察,NA,NA,NA,NA,NA,建议股数NA或非整数手，不能生成分批计划,NA,NA,NA,NA,NA,NA,NA,当日人工阶段NA/冲突，不自行定性；本周新开仓记录未确认完整，剩余额度NA；当前空仓/持仓证据NA，不视为空仓,NA
扩大候选观察列表,🚫移出,钛能化学,002145,NA,NA,20260930,腾讯全市场+stock_zh_a_hist_tx日线核验,4.59,4.704,4.667,NA,NA,盘中待核验：缩量止跌、下影勾头/回收支撑；未确认不得介入,NA,NA,盘中待核验：沿分时均线企稳，禁止追直线拉升,NA,高波,2.3485142206757423,NA,NA,NA,NA,NA,NA,NA,NA,NA,evt_2ccd9cbb19f71aa2,盘中人工复核，盘前不发最终买入信号,NA,实际披露低于原假设、盈利质量恶化或披露延期。,NA,NA,有效跌破MA10且无企稳；NA：条件证据不足，仅观察；当日人工阶段NA/冲突，不自行定性；本周新开仓记录未确认完整，剩余额度NA；当前空仓/持仓证据NA，不视为空仓,NA,NA,NA,NA,出现止损条件无条件离场，不补仓摊平成本；跳空/滑点可能使实际亏损超过理论值。,6.49651972,0.0,0.0,无,NA,0.0,NA,NA：溢价样本不足,未超事件涨幅阈值,NA：市场证据不足,2026-09-30,炸板率=NA%；上涨=NA；下跌=NA；仅人工参考,NA：尚未运行；NA：尚未运行；NA：尚未运行,NA,NA,盘前不作当日确认,NA,NA,NA,NA,NA,NA,NA,NA,NA,是,NA,NA,NA：条件证据不足，仅观察,NA,NA,NA,NA,NA,建议股数NA或非整数手，不能生成分批计划,NA,NA,NA,NA,NA,NA,NA,当日人工阶段NA/冲突，不自行定性；本周新开仓记录未确认完整，剩余额度NA；当前空仓/持仓证据NA，不视为空仓,NA
扩大候选观察列表,⚪观察,祥龙电业,600769,NA,事件观察【不推荐埋伏】,20260930,腾讯全市场+stock_zh_a_hist_tx日线核验,14.82,15.202000000000002,15.51,NA,NA,盘中待核验：缩量止跌、下影勾头/回收支撑；未确认不得介入,NA,NA,盘中待核验：沿分时均线企稳，禁止追直线拉升,NA,极端高波,4.032748286757157,NA,NA,NA,NA,NA,NA,NA,NA,NA,evt_c15426cf1585089f,盘中人工复核，盘前不发最终买入信号,NA,实际披露低于原假设、盈利质量恶化或披露延期。,NA,NA,不推荐埋伏：事件窗口/价格/10日涨幅证据缺失或盈亏比不足3；持续大额亏损/逻辑证伪证据NA，禁止正式池；风险价格/波动分档NA；尚无同时满足轨道和盈亏比的证据；股性不足或证据NA，仅观察，不进入正式池；条件不满足，仅观察；当日人工阶段NA/冲突，不自行定性；本周新开仓记录未确认完整，剩余额度NA；当前空仓/持仓证据NA，不视为空仓,NA,NA,NA,NA,出现止损条件无条件离场，不补仓摊平成本；跳空/滑点可能使实际亏损超过理论值。,0.67934783,2.0,1.0,无,-1.3565600619806162,2.0,1.0,股性不足,未超事件涨幅阈值,NA：市场证据不足,2026-09-30,炸板率=NA%；上涨=NA；下跌=NA；仅人工参考,NA：尚未运行；NA：尚未运行；NA：尚未运行,NA,NA,盘前不作当日确认,NA,NA,NA,NA,NA,NA,NA,NA,NA,否,NA,NA,条件不满足，仅观察,NA,NA,NA,NA,NA,建议股数NA或非整数手，不能生成分批计划,NA,NA,NA,NA,NA,NA,NA,当日人工阶段NA/冲突，不自行定性；本周新开仓记录未确认完整，剩余额度NA；当前空仓/持仓证据NA，不视为空仓,NA
扩大候选观察列表,🚫移出,上海贝岭,600171,半导体；模拟芯片设计；物联网,NA,20260930,腾讯全市场+stock_zh_a_hist_tx日线核验,21.76,22.424,22.678,NA,NA,盘中待核验：缩量止跌、下影勾头/回收支撑；未确认不得介入,NA,NA,盘中待核验：沿分时均线企稳，禁止追直线拉升,NA,低波,1.3939443986602789,NA,NA,NA,NA,NA,NA,NA,NA,NA,evt_da06083ce613aa2f；evt_5718b1a79d09a2ff,盘中人工复核，盘前不发最终买入信号,NA,展会延期、公司没有可验证增量产品/订单披露，或相关预期已提前反映。；官方延期、撤回或公司业务不适用；没有增量经营影响则受益逻辑不成立。,NA,NA,有效跌破MA10且无企稳；条件不满足，仅观察；当日人工阶段NA/冲突，不自行定性；本周新开仓记录未确认完整，剩余额度NA；当前空仓/持仓证据NA，不视为空仓,NA,NA,NA,NA,出现止损条件无条件离场，不补仓摊平成本；跳空/滑点可能使实际亏损超过理论值。,-1.18074478,0.0,0.0,无,NA,0.0,NA,NA：溢价样本不足,未超事件涨幅阈值,NA：市场证据不足,2026-09-30,炸板率=NA%；上涨=NA；下跌=NA；仅人工参考,NA：尚未运行；NA：尚未运行；NA：尚未运行,NA,NA,盘前不作当日确认,NA,NA,NA,NA,NA,NA,NA,NA,NA,否,NA,NA,条件不满足，仅观察,NA,NA,NA,NA,NA,建议股数NA或非整数手，不能生成分批计划,NA,NA,NA,NA,NA,NA,NA,当日人工阶段NA/冲突，不自行定性；本周新开仓记录未确认完整，剩余额度NA；当前空仓/持仓证据NA，不视为空仓,NA
扩大候选观察列表,🚫移出,宁波华翔,002048,汽车电子,NA,20260930,腾讯全市场+stock_zh_a_hist_tx日线核验,17.67,18.026,18.143,NA,NA,盘中待核验：缩量止跌、下影勾头/回收支撑；未确认不得介入,NA,NA,盘中待核验：沿分时均线企稳，禁止追直线拉升,NA,高波,2.212719543320746,NA,NA,NA,NA,NA,NA,NA,NA,NA,evt_0e692a4d4e7aee45,盘中人工复核，盘前不发最终买入信号,NA,展期变更、取消或未披露可验证增量业务，相关逻辑不成立。,NA,NA,有效跌破MA10且无企稳；条件不满足，仅观察；当日人工阶段NA/冲突，不自行定性；本周新开仓记录未确认完整，剩余额度NA；当前空仓/持仓证据NA，不视为空仓,NA,NA,NA,NA,出现止损条件无条件离场，不补仓摊平成本；跳空/滑点可能使实际亏损超过理论值。,2.79232112,0.0,0.0,无,NA,0.0,NA,NA：溢价样本不足,未超事件涨幅阈值,NA：市场证据不足,2026-09-30,炸板率=NA%；上涨=NA；下跌=NA；仅人工参考,NA：尚未运行；NA：尚未运行；NA：尚未运行,NA,NA,盘前不作当日确认,NA,NA,NA,NA,NA,NA,NA,NA,NA,否,NA,NA,条件不满足，仅观察,NA,NA,NA,NA,NA,建议股数NA或非整数手，不能生成分批计划,NA,NA,NA,NA,NA,NA,NA,当日人工阶段NA/冲突，不自行定性；本周新开仓记录未确认完整，剩余额度NA；当前空仓/持仓证据NA，不视为空仓,NA
扩大候选观察列表,🚫移出,永和股份,605020,NA,NA,20260930,腾讯全市场+stock_zh_a_hist_tx日线核验,30.3,30.732,31.270999999999997,NA,NA,盘中待核验：缩量止跌、下影勾头/回收支撑；未确认不得介入,NA,NA,盘中待核验：沿分时均线企稳，禁止追直线拉升,NA,低波,1.5583454245162236,NA,NA,NA,NA,NA,NA,NA,NA,NA,evt_5116fb3fcc009388,盘中人工复核，盘前不发最终买入信号,NA,实际披露低于原假设、盈利质量恶化或披露延期。,NA,NA,有效跌破MA10且无企稳；条件不满足，仅观察；当日人工阶段NA/冲突，不自行定性；本周新开仓记录未确认完整，剩余额度NA；当前空仓/持仓证据NA，不视为空仓,NA,NA,NA,NA,出现止损条件无条件离场，不补仓摊平成本；跳空/滑点可能使实际亏损超过理论值。,-3.90104662,0.0,0.0,无,NA,0.0,NA,NA：溢价样本不足,未超事件涨幅阈值,NA：市场证据不足,2026-09-30,炸板率=NA%；上涨=NA；下跌=NA；仅人工参考,NA：尚未运行；NA：尚未运行；NA：尚未运行,NA,NA,盘前不作当日确认,NA,NA,NA,NA,NA,NA,NA,NA,NA,否,NA,NA,条件不满足，仅观察,NA,NA,NA,NA,NA,建议股数NA或非整数手，不能生成分批计划,NA,NA,NA,NA,NA,NA,NA,当日人工阶段NA/冲突，不自行定性；本周新开仓记录未确认完整，剩余额度NA；当前空仓/持仓证据NA，不视为空仓,NA
扩大候选观察列表,⚪观察,国机重装,601399,NA,事件观察【不推荐埋伏】,20260930,腾讯全市场+stock_zh_a_hist_tx日线核验,3.15,3.098,3.144,NA,NA,盘中待核验：缩量止跌、下影勾头/回收支撑；未确认不得介入,NA,NA,盘中待核验：沿分时均线企稳，禁止追直线拉升,NA,低波,1.270792456610614,NA,NA,NA,NA,NA,NA,NA,NA,NA,evt_c7681b3e63ce894e,盘中人工复核，盘前不发最终买入信号,NA,实际披露低于原假设、盈利质量恶化或披露延期。,NA,NA,不推荐埋伏：事件窗口/价格/10日涨幅证据缺失或盈亏比不足3；持续大额亏损/逻辑证伪证据NA，禁止正式池；风险价格/波动分档NA；尚无同时满足轨道和盈亏比的证据；股性不足或证据NA，仅观察，不进入正式池；条件不满足，仅观察；当日人工阶段NA/冲突，不自行定性；本周新开仓记录未确认完整，剩余额度NA；当前空仓/持仓证据NA，不视为空仓,NA,NA,NA,NA,出现止损条件无条件离场，不补仓摊平成本；跳空/滑点可能使实际亏损超过理论值。,-0.63091483,0.0,0.0,无,NA,0.0,NA,NA：溢价样本不足,未超事件涨幅阈值,NA：市场证据不足,2026-09-30,炸板率=NA%；上涨=NA；下跌=NA；仅人工参考,NA：尚未运行；NA：尚未运行；NA：尚未运行,NA,NA,盘前不作当日确认,NA,NA,NA,NA,NA,NA,NA,NA,NA,否,NA,NA,条件不满足，仅观察,NA,NA,NA,NA,NA,建议股数NA或非整数手，不能生成分批计划,NA,NA,NA,NA,NA,NA,NA,当日人工阶段NA/冲突，不自行定性；本周新开仓记录未确认完整，剩余额度NA；当前空仓/持仓证据NA，不视为空仓,NA
扩大候选观察列表,⚪观察,比音勒芬,002832,NA,事件观察【不推荐埋伏】,20260930,腾讯全市场+stock_zh_a_hist_tx日线核验,25.93,25.356,25.424,NA,NA,盘中待核验：缩量止跌、下影勾头/回收支撑；未确认不得介入,NA,NA,盘中待核验：沿分时均线企稳，禁止追直线拉升,NA,低波,1.6156438385529526,NA,NA,NA,NA,NA,NA,NA,NA,NA,evt_c2583cd021287331,盘中人工复核，盘前不发最终买入信号,NA,实际披露低于原假设、盈利质量恶化或披露延期。,NA,NA,不推荐埋伏：事件窗口/价格/10日涨幅证据缺失或盈亏比不足3；持续大额亏损/逻辑证伪证据NA，禁止正式池；风险价格/波动分档NA；尚无同时满足轨道和盈亏比的证据；股性不足或证据NA，仅观察，不进入正式池；条件不满足，仅观察；当日人工阶段NA/冲突，不自行定性；本周新开仓记录未确认完整，剩余额度NA；当前空仓/持仓证据NA，不视为空仓,NA,NA,NA,NA,出现止损条件无条件离场，不补仓摊平成本；跳空/滑点可能使实际亏损超过理论值。,1.48727984,0.0,0.0,无,NA,0.0,NA,NA：溢价样本不足,未超事件涨幅阈值,NA：市场证据不足,2026-09-30,炸板率=NA%；上涨=NA；下跌=NA；仅人工参考,NA：尚未运行；NA：尚未运行；NA：尚未运行,NA,NA,盘前不作当日确认,NA,NA,NA,NA,NA,NA,NA,NA,NA,否,NA,NA,条件不满足，仅观察,NA,NA,NA,NA,NA,建议股数NA或非整数手，不能生成分批计划,NA,NA,NA,NA,NA,NA,NA,当日人工阶段NA/冲突，不自行定性；本周新开仓记录未确认完整，剩余额度NA；当前空仓/持仓证据NA，不视为空仓,NA
扩大候选观察列表,🚫移出,裕同科技,002831,NA,NA,20260930,腾讯全市场+stock_zh_a_hist_tx日线核验,27.29,28.098000000000003,28.213,NA,NA,盘中待核验：缩量止跌、下影勾头/回收支撑；未确认不得介入,NA,NA,盘中待核验：沿分时均线企稳，禁止追直线拉升,NA,高波,2.1828758356071205,NA,NA,NA,NA,NA,NA,NA,NA,NA,evt_c086c656dba51e60,盘中人工复核，盘前不发最终买入信号,NA,实际披露低于原假设、盈利质量恶化或披露延期。,NA,NA,有效跌破MA10且无企稳；条件不满足，仅观察；当日人工阶段NA/冲突，不自行定性；本周新开仓记录未确认完整，剩余额度NA；当前空仓/持仓证据NA，不视为空仓,NA,NA,NA,NA,出现止损条件无条件离场，不补仓摊平成本；跳空/滑点可能使实际亏损超过理论值。,-2.15130871,0.0,0.0,无,NA,0.0,NA,NA：溢价样本不足,未超事件涨幅阈值,NA：市场证据不足,2026-09-30,炸板率=NA%；上涨=NA；下跌=NA；仅人工参考,NA：尚未运行；NA：尚未运行；NA：尚未运行,NA,NA,盘前不作当日确认,NA,NA,NA,NA,NA,NA,NA,NA,NA,否,NA,NA,条件不满足，仅观察,NA,NA,NA,NA,NA,建议股数NA或非整数手，不能生成分批计划,NA,NA,NA,NA,NA,NA,NA,当日人工阶段NA/冲突，不自行定性；本周新开仓记录未确认完整，剩余额度NA；当前空仓/持仓证据NA，不视为空仓,NA
扩大候选观察列表,🚫移出,苏州固锝,002079,物联网,NA,20260930,腾讯全市场+stock_zh_a_hist_tx日线核验,8.43,8.716,8.913,NA,NA,盘中待核验：缩量止跌、下影勾头/回收支撑；未确认不得介入,NA,NA,盘中待核验：沿分时均线企稳，禁止追直线拉升,NA,低波,1.5868685813430243,NA,NA,NA,NA,NA,NA,NA,NA,NA,evt_da06083ce613aa2f；evt_5718b1a79d09a2ff,盘中人工复核，盘前不发最终买入信号,NA,展会延期、公司没有可验证增量产品/订单披露，或相关预期已提前反映。；官方延期、撤回或公司业务不适用；没有增量经营影响则受益逻辑不成立。,NA,NA,有效跌破MA10且无企稳；条件不满足，仅观察；当日人工阶段NA/冲突，不自行定性；本周新开仓记录未确认完整，剩余额度NA；当前空仓/持仓证据NA，不视为空仓,NA,NA,NA,NA,出现止损条件无条件离场，不补仓摊平成本；跳空/滑点可能使实际亏损超过理论值。,-4.85327314,0.0,0.0,无,NA,0.0,NA,NA：溢价样本不足,未超事件涨幅阈值,NA：市场证据不足,2026-09-30,炸板率=NA%；上涨=NA；下跌=NA；仅人工参考,NA：尚未运行；NA：尚未运行；NA：尚未运行,NA,NA,盘前不作当日确认,NA,NA,NA,NA,NA,NA,NA,NA,NA,否,NA,NA,条件不满足，仅观察,NA,NA,NA,NA,NA,建议股数NA或非整数手，不能生成分批计划,NA,NA,NA,NA,NA,NA,NA,当日人工阶段NA/冲突，不自行定性；本周新开仓记录未确认完整，剩余额度NA；当前空仓/持仓证据NA，不视为空仓,NA
扩大候选观察列表,⚪观察,汇通能源,600605,存储芯片,事件观察【不推荐埋伏】,20260930,腾讯全市场+stock_zh_a_hist_tx日线核验,29.4,30.125999999999998,28.591,NA,NA,盘中待核验：缩量止跌、下影勾头/回收支撑；未确认不得介入,NA,NA,盘中待核验：沿分时均线企稳，禁止追直线拉升,NA,高波,3.3145663928850664,NA,NA,NA,NA,NA,NA,NA,NA,NA,evt_da06083ce613aa2f；evt_5718b1a79d09a2ff；evt_0a627df40cc7d68d,盘中人工复核，盘前不发最终买入信号,NA,展会延期、公司没有可验证增量产品/订单披露，或相关预期已提前反映。；官方延期、撤回或公司业务不适用；没有增量经营影响则受益逻辑不成立。；实际披露低于原假设、盈利质量恶化或披露延期。,NA,NA,不推荐埋伏：事件窗口/价格/10日涨幅证据缺失或盈亏比不足3；持续大额亏损/逻辑证伪证据NA，禁止正式池；风险价格/波动分档NA；尚无同时满足轨道和盈亏比的证据；股性不足或证据NA，仅观察，不进入正式池；NA：条件证据不足，仅观察；当日人工阶段NA/冲突，不自行定性；本周新开仓记录未确认完整，剩余额度NA；当前空仓/持仓证据NA，不视为空仓,NA,NA,NA,NA,出现止损条件无条件离场，不补仓摊平成本；跳空/滑点可能使实际亏损超过理论值。,15.4752553,2.0,1.0,无,-2.471007284271792,2.0,1.0,股性不足,未超事件涨幅阈值,NA：市场证据不足,2026-09-30,炸板率=NA%；上涨=NA；下跌=NA；仅人工参考,NA：尚未运行；NA：尚未运行；NA：尚未运行,NA,NA,盘前不作当日确认,NA,NA,NA,NA,NA,NA,NA,NA,NA,是,NA,NA,NA：条件证据不足，仅观察,NA,NA,NA,NA,NA,建议股数NA或非整数手，不能生成分批计划,NA,NA,NA,NA,NA,NA,NA,当日人工阶段NA/冲突，不自行定性；本周新开仓记录未确认完整，剩余额度NA；当前空仓/持仓证据NA，不视为空仓,NA
扩大候选观察列表,⚪观察,金徽股份,603132,NA,事件观察【不推荐埋伏】,20260930,腾讯全市场+stock_zh_a_hist_tx日线核验,18.33,18.144,18.269,NA,NA,盘中待核验：缩量止跌、下影勾头/回收支撑；未确认不得介入,NA,NA,盘中待核验：沿分时均线企稳，禁止追直线拉升,NA,高波,2.794240429051808,NA,NA,NA,NA,NA,NA,NA,NA,NA,evt_df1eca2f9cb090fe,盘中人工复核，盘前不发最终买入信号,NA,实际披露低于原假设、盈利质量恶化或披露延期。,NA,NA,不推荐埋伏：事件窗口/价格/10日涨幅证据缺失或盈亏比不足3；持续大额亏损/逻辑证伪证据NA，禁止正式池；风险价格/波动分档NA；尚无同时满足轨道和盈亏比的证据；股性不足或证据NA，仅观察，不进入正式池；条件不满足，仅观察；当日人工阶段NA/冲突，不自行定性；本周新开仓记录未确认完整，剩余额度NA；当前空仓/持仓证据NA，不视为空仓,NA,NA,NA,NA,出现止损条件无条件离场，不补仓摊平成本；跳空/滑点可能使实际亏损超过理论值。,-0.21774633,0.0,0.0,无,NA,0.0,NA,NA：溢价样本不足,未超事件涨幅阈值,NA：市场证据不足,2026-09-30,炸板率=NA%；上涨=NA；下跌=NA；仅人工参考,NA：尚未运行；NA：尚未运行；NA：尚未运行,NA,NA,盘前不作当日确认,NA,NA,NA,NA,NA,NA,NA,NA,NA,否,NA,NA,条件不满足，仅观察,NA,NA,NA,NA,NA,建议股数NA或非整数手，不能生成分批计划,NA,NA,NA,NA,NA,NA,NA,当日人工阶段NA/冲突，不自行定性；本周新开仓记录未确认完整，剩余额度NA；当前空仓/持仓证据NA，不视为空仓,NA
扩大候选观察列表,⚪观察,国药股份,600511,NA,事件观察【不推荐埋伏】,20260930,腾讯全市场+stock_zh_a_hist_tx日线核验,26.1,25.918,26.028,NA,NA,盘中待核验：缩量止跌、下影勾头/回收支撑；未确认不得介入,NA,NA,盘中待核验：沿分时均线企稳，禁止追直线拉升,NA,低波,0.744014982166785,NA,NA,NA,NA,NA,NA,NA,NA,NA,evt_efd746deec679b72,盘中人工复核，盘前不发最终买入信号,NA,实际披露低于原假设、盈利质量恶化或披露延期。,NA,NA,不推荐埋伏：事件窗口/价格/10日涨幅证据缺失或盈亏比不足3；持续大额亏损/逻辑证伪证据NA，禁止正式池；风险价格/波动分档NA；尚无同时满足轨道和盈亏比的证据；股性不足或证据NA，仅观察，不进入正式池；条件不满足，仅观察；当日人工阶段NA/冲突，不自行定性；本周新开仓记录未确认完整，剩余额度NA；当前空仓/持仓证据NA，不视为空仓,NA,NA,NA,NA,出现止损条件无条件离场，不补仓摊平成本；跳空/滑点可能使实际亏损超过理论值。,-0.57142857,0.0,0.0,无,NA,0.0,NA,NA：溢价样本不足,未超事件涨幅阈值,NA：市场证据不足,2026-09-30,炸板率=NA%；上涨=NA；下跌=NA；仅人工参考,NA：尚未运行；NA：尚未运行；NA：尚未运行,NA,NA,盘前不作当日确认,NA,NA,NA,NA,NA,NA,NA,NA,NA,否,NA,NA,条件不满足，仅观察,NA,NA,NA,NA,NA,建议股数NA或非整数手，不能生成分批计划,NA,NA,NA,NA,NA,NA,NA,当日人工阶段NA/冲突，不自行定性；本周新开仓记录未确认完整，剩余额度NA；当前空仓/持仓证据NA，不视为空仓,NA
扩大候选观察列表,⚪观察,大连重工,002204,NA,事件观察【不推荐埋伏】,20260930,腾讯全市场+stock_zh_a_hist_tx日线核验,5.33,5.319999999999999,5.421,NA,NA,盘中待核验：缩量止跌、下影勾头/回收支撑；未确认不得介入,NA,NA,盘中待核验：沿分时均线企稳，禁止追直线拉升,NA,高波,2.8269452720104544,NA,NA,NA,NA,NA,NA,NA,NA,NA,evt_0af4d9c75537391c,盘中人工复核，盘前不发最终买入信号,NA,实际披露低于原假设、盈利质量恶化或披露延期。,NA,NA,不推荐埋伏：事件窗口/价格/10日涨幅证据缺失或盈亏比不足3；持续大额亏损/逻辑证伪证据NA，禁止正式池；风险价格/波动分档NA；尚无同时满足轨道和盈亏比的证据；股性不足或证据NA，仅观察，不进入正式池；条件不满足，仅观察；当日人工阶段NA/冲突，不自行定性；本周新开仓记录未确认完整，剩余额度NA；当前空仓/持仓证据NA，不视为空仓,NA,NA,NA,NA,出现止损条件无条件离场，不补仓摊平成本；跳空/滑点可能使实际亏损超过理论值。,-3.61663653,1.0,1.0,无,-3.5653650254668934,1.0,0.0,股性不足,未超事件涨幅阈值,NA：市场证据不足,2026-09-30,炸板率=NA%；上涨=NA；下跌=NA；仅人工参考,NA：尚未运行；NA：尚未运行；NA：尚未运行,NA,NA,盘前不作当日确认,NA,NA,NA,NA,NA,NA,NA,NA,NA,否,NA,NA,条件不满足，仅观察,NA,NA,NA,NA,NA,建议股数NA或非整数手，不能生成分批计划,NA,NA,NA,NA,NA,NA,NA,当日人工阶段NA/冲突，不自行定性；本周新开仓记录未确认完整，剩余额度NA；当前空仓/持仓证据NA，不视为空仓,NA
扩大候选观察列表,🚫移出,电科芯片,600877,半导体；模拟芯片设计,NA,20260930,腾讯全市场+stock_zh_a_hist_tx日线核验,11.22,11.613999999999999,11.86,NA,NA,盘中待核验：缩量止跌、下影勾头/回收支撑；未确认不得介入,NA,NA,盘中待核验：沿分时均线企稳，禁止追直线拉升,NA,低波,1.6896883577311368,NA,NA,NA,NA,NA,NA,NA,NA,NA,evt_da06083ce613aa2f；evt_5718b1a79d09a2ff,盘中人工复核，盘前不发最终买入信号,NA,展会延期、公司没有可验证增量产品/订单披露，或相关预期已提前反映。；官方延期、撤回或公司业务不适用；没有增量经营影响则受益逻辑不成立。,NA,NA,有效跌破MA10且无企稳；条件不满足，仅观察；当日人工阶段NA/冲突，不自行定性；本周新开仓记录未确认完整，剩余额度NA；当前空仓/持仓证据NA，不视为空仓,NA,NA,NA,NA,出现止损条件无条件离场，不补仓摊平成本；跳空/滑点可能使实际亏损超过理论值。,-5.39629005,0.0,0.0,无,NA,0.0,NA,NA：溢价样本不足,未超事件涨幅阈值,NA：市场证据不足,2026-09-30,炸板率=NA%；上涨=NA；下跌=NA；仅人工参考,NA：尚未运行；NA：尚未运行；NA：尚未运行,NA,NA,盘前不作当日确认,NA,NA,NA,NA,NA,NA,NA,NA,NA,否,NA,NA,条件不满足，仅观察,NA,NA,NA,NA,NA,建议股数NA或非整数手，不能生成分批计划,NA,NA,NA,NA,NA,NA,NA,当日人工阶段NA/冲突，不自行定性；本周新开仓记录未确认完整，剩余额度NA；当前空仓/持仓证据NA，不视为空仓,NA
扩大候选观察列表,⚪观察,沃华医药,002107,中药Ⅱ；中药Ⅲ,事件观察【不推荐埋伏】,20260930,腾讯全市场+stock_zh_a_hist_tx日线核验,7.09,7.136,7.0489999999999995,NA,NA,盘中待核验：缩量止跌、下影勾头/回收支撑；未确认不得介入,NA,NA,盘中待核验：沿分时均线企稳，禁止追直线拉升,NA,高波,3.044456031101593,NA,NA,NA,NA,NA,NA,NA,NA,NA,evt_f6c4538c2cfff796,盘中人工复核，盘前不发最终买入信号,NA,实际披露低于原假设、盈利质量恶化或披露延期。,NA,NA,不推荐埋伏：事件窗口/价格/10日涨幅证据缺失或盈亏比不足3；持续大额亏损/逻辑证伪证据NA，禁止正式池；风险价格/波动分档NA；尚无同时满足轨道和盈亏比的证据；股性不足或证据NA，仅观察，不进入正式池；NA：条件证据不足，仅观察；当日人工阶段NA/冲突，不自行定性；本周新开仓记录未确认完整，剩余额度NA；当前空仓/持仓证据NA，不视为空仓,NA,NA,NA,NA,出现止损条件无条件离场，不补仓摊平成本；跳空/滑点可能使实际亏损超过理论值。,8.74233129,2.0,1.0,无,-5.700561695483353,2.0,1.0,股性不足,未超事件涨幅阈值,NA：市场证据不足,2026-09-30,炸板率=NA%；上涨=NA；下跌=NA；仅人工参考,NA：尚未运行；NA：尚未运行；NA：尚未运行,NA,NA,盘前不作当日确认,NA,NA,NA,NA,NA,NA,NA,NA,NA,是,NA,NA,NA：条件证据不足，仅观察,NA,NA,NA,NA,NA,建议股数NA或非整数手，不能生成分批计划,NA,NA,NA,NA,NA,NA,NA,当日人工阶段NA/冲突，不自行定性；本周新开仓记录未确认完整，剩余额度NA；当前空仓/持仓证据NA，不视为空仓,NA
扩大候选观察列表,🚫移出,梦天家居,603216,芯片概念,NA,20260930,腾讯全市场+stock_zh_a_hist_tx日线核验,21.38,22.362000000000002,21.682,NA,NA,盘中待核验：缩量止跌、下影勾头/回收支撑；未确认不得介入,NA,NA,盘中待核验：沿分时均线企稳，禁止追直线拉升,NA,极端高波,4.936545341434651,NA,NA,NA,NA,NA,NA,NA,NA,NA,evt_da06083ce613aa2f；evt_5718b1a79d09a2ff,盘中人工复核，盘前不发最终买入信号,NA,展会延期、公司没有可验证增量产品/订单披露，或相关预期已提前反映。；官方延期、撤回或公司业务不适用；没有增量经营影响则受益逻辑不成立。,NA,NA,有效跌破MA10且无企稳；条件不满足，仅观察；当日人工阶段NA/冲突，不自行定性；本周新开仓记录未确认完整，剩余额度NA；当前空仓/持仓证据NA，不视为空仓,NA,NA,NA,NA,出现止损条件无条件离场，不补仓摊平成本；跳空/滑点可能使实际亏损超过理论值。,-2.72975432,3.0,1.0,无,-1.2200626291164252,3.0,1.0,股性不足,未超事件涨幅阈值,NA：市场证据不足,2026-09-30,炸板率=NA%；上涨=NA；下跌=NA；仅人工参考,NA：尚未运行；NA：尚未运行；NA：尚未运行,NA,NA,盘前不作当日确认,NA,NA,NA,NA,NA,NA,NA,NA,NA,否,NA,NA,条件不满足，仅观察,NA,NA,NA,NA,NA,建议股数NA或非整数手，不能生成分批计划,NA,NA,NA,NA,NA,NA,NA,当日人工阶段NA/冲突，不自行定性；本周新开仓记录未确认完整，剩余额度NA；当前空仓/持仓证据NA，不视为空仓,NA
扩大候选观察列表,🚫移出,福日电子,600203,消费电子；消费电子零部件及组装,NA,20260930,腾讯全市场+stock_zh_a_hist_tx日线核验,9.78,9.878,10.014,NA,NA,盘中待核验：缩量止跌、下影勾头/回收支撑；未确认不得介入,NA,NA,盘中待核验：沿分时均线企稳，禁止追直线拉升,NA,低波,1.7973887759710214,NA,NA,NA,NA,NA,NA,NA,NA,NA,evt_da06083ce613aa2f；evt_99d562b4856b978e,盘中人工复核，盘前不发最终买入信号,NA,展会延期、公司没有可验证增量产品/订单披露，或相关预期已提前反映。；实际披露低于原假设、盈利质量恶化或披露延期。,NA,NA,有效跌破MA10且无企稳；条件不满足，仅观察；当日人工阶段NA/冲突，不自行定性；本周新开仓记录未确认完整，剩余额度NA；当前空仓/持仓证据NA，不视为空仓,NA,NA,NA,NA,出现止损条件无条件离场，不补仓摊平成本；跳空/滑点可能使实际亏损超过理论值。,-1.21212121,1.0,1.0,无,-9.983221476510062,1.0,0.0,股性不足,未超事件涨幅阈值,NA：市场证据不足,2026-09-30,炸板率=NA%；上涨=NA；下跌=NA；仅人工参考,NA：尚未运行；NA：尚未运行；NA：尚未运行,NA,NA,盘前不作当日确认,NA,NA,NA,NA,NA,NA,NA,NA,NA,否,NA,NA,条件不满足，仅观察,NA,NA,NA,NA,NA,建议股数NA或非整数手，不能生成分批计划,NA,NA,NA,NA,NA,NA,NA,当日人工阶段NA/冲突，不自行定性；本周新开仓记录未确认完整，剩余额度NA；当前空仓/持仓证据NA，不视为空仓,NA
扩大候选观察列表,⚪观察,联科科技,001207,NA,事件观察【不推荐埋伏】,20260930,腾讯全市场+stock_zh_a_hist_tx日线核验,19.0,18.708000000000002,18.366000000000003,NA,NA,盘中待核验：缩量止跌、下影勾头/回收支撑；未确认不得介入,NA,NA,盘中待核验：沿分时均线企稳，禁止追直线拉升,NA,低波,1.8844026178749447,NA,NA,NA,NA,NA,NA,NA,NA,NA,evt_5d5b58ef66deb3ff,盘中人工复核，盘前不发最终买入信号,NA,实际披露低于原假设、盈利质量恶化或披露延期。,NA,NA,不推荐埋伏：事件窗口/价格/10日涨幅证据缺失或盈亏比不足3；持续大额亏损/逻辑证伪证据NA，禁止正式池；风险价格/波动分档NA；尚无同时满足轨道和盈亏比的证据；股性不足或证据NA，仅观察，不进入正式池；条件不满足，仅观察；当日人工阶段NA/冲突，不自行定性；本周新开仓记录未确认完整，剩余额度NA；当前空仓/持仓证据NA，不视为空仓,NA,NA,NA,NA,出现止损条件无条件离场，不补仓摊平成本；跳空/滑点可能使实际亏损超过理论值。,11.2412178,2.0,1.0,无,-1.0125956677680847,2.0,1.0,股性不足,未超事件涨幅阈值,NA：市场证据不足,2026-09-30,炸板率=NA%；上涨=NA；下跌=NA；仅人工参考,NA：尚未运行；NA：尚未运行；NA：尚未运行,NA,NA,盘前不作当日确认,NA,NA,NA,NA,NA,NA,NA,NA,NA,否,NA,NA,条件不满足，仅观察,NA,NA,NA,NA,NA,建议股数NA或非整数手，不能生成分批计划,NA,NA,NA,NA,NA,NA,NA,当日人工阶段NA/冲突，不自行定性；本周新开仓记录未确认完整，剩余额度NA；当前空仓/持仓证据NA，不视为空仓,NA
扩大候选观察列表,⚪观察,紫金龙净,600388,NA,事件观察【不推荐埋伏】,20260930,腾讯全市场+stock_zh_a_hist_tx日线核验,16.8,17.046,17.272000000000002,NA,NA,盘中待核验：缩量止跌、下影勾头/回收支撑；未确认不得介入,NA,NA,盘中待核验：沿分时均线企稳，禁止追直线拉升,NA,高波,2.154695723144772,NA,NA,NA,NA,NA,NA,NA,NA,NA,evt_3f9eaa804c86154b,盘中人工复核，盘前不发最终买入信号,NA,实际披露低于原假设、盈利质量恶化或披露延期。,NA,NA,不推荐埋伏：事件窗口/价格/10日涨幅证据缺失或盈亏比不足3；持续大额亏损/逻辑证伪证据NA，禁止正式池；风险价格/波动分档NA；尚无同时满足轨道和盈亏比的证据；股性不足或证据NA，仅观察，不进入正式池；条件不满足，仅观察；当日人工阶段NA/冲突，不自行定性；本周新开仓记录未确认完整，剩余额度NA；当前空仓/持仓证据NA，不视为空仓,NA,NA,NA,NA,出现止损条件无条件离场，不补仓摊平成本；跳空/滑点可能使实际亏损超过理论值。,-5.13833992,0.0,0.0,无,NA,0.0,NA,NA：溢价样本不足,未超事件涨幅阈值,NA：市场证据不足,2026-09-30,炸板率=NA%；上涨=NA；下跌=NA；仅人工参考,NA：尚未运行；NA：尚未运行；NA：尚未运行,NA,NA,盘前不作当日确认,NA,NA,NA,NA,NA,NA,NA,NA,NA,否,NA,NA,条件不满足，仅观察,NA,NA,NA,NA,NA,建议股数NA或非整数手，不能生成分批计划,NA,NA,NA,NA,NA,NA,NA,当日人工阶段NA/冲突，不自行定性；本周新开仓记录未确认完整，剩余额度NA；当前空仓/持仓证据NA，不视为空仓,NA
扩大候选观察列表,⚪观察,圣农发展,002299,NA,事件观察【不推荐埋伏】,20260930,腾讯全市场+stock_zh_a_hist_tx日线核验,15.6,15.703999999999999,15.865,NA,NA,盘中待核验：缩量止跌、下影勾头/回收支撑；未确认不得介入,NA,NA,盘中待核验：沿分时均线企稳，禁止追直线拉升,NA,低波,1.826298507488841,NA,NA,NA,NA,NA,NA,NA,NA,NA,evt_486a1f45d0fb85be,盘中人工复核，盘前不发最终买入信号,NA,实际披露低于原假设、盈利质量恶化或披露延期。,NA,NA,不推荐埋伏：事件窗口/价格/10日涨幅证据缺失或盈亏比不足3；持续大额亏损/逻辑证伪证据NA，禁止正式池；风险价格/波动分档NA；尚无同时满足轨道和盈亏比的证据；股性不足或证据NA，仅观察，不进入正式池；条件不满足，仅观察；当日人工阶段NA/冲突，不自行定性；本周新开仓记录未确认完整，剩余额度NA；当前空仓/持仓证据NA，不视为空仓,NA,NA,NA,NA,出现止损条件无条件离场，不补仓摊平成本；跳空/滑点可能使实际亏损超过理论值。,-4.99390987,0.0,0.0,无,NA,0.0,NA,NA：溢价样本不足,未超事件涨幅阈值,NA：市场证据不足,2026-09-30,炸板率=NA%；上涨=NA；下跌=NA；仅人工参考,NA：尚未运行；NA：尚未运行；NA：尚未运行,NA,NA,盘前不作当日确认,NA,NA,NA,NA,NA,NA,NA,NA,NA,否,NA,NA,条件不满足，仅观察,NA,NA,NA,NA,NA,建议股数NA或非整数手，不能生成分批计划,NA,NA,NA,NA,NA,NA,NA,当日人工阶段NA/冲突，不自行定性；本周新开仓记录未确认完整，剩余额度NA；当前空仓/持仓证据NA，不视为空仓,NA
扩大候选观察列表,⚪观察,新力金融,600318,NA,事件观察【不推荐埋伏】,20260930,腾讯全市场+stock_zh_a_hist_tx日线核验,6.8,6.82,6.843000000000001,NA,NA,盘中待核验：缩量止跌、下影勾头/回收支撑；未确认不得介入,NA,NA,盘中待核验：沿分时均线企稳，禁止追直线拉升,NA,极端高波,4.919716324946332,NA,NA,NA,NA,NA,NA,NA,NA,NA,evt_c851ef5c850b820c,盘中人工复核，盘前不发最终买入信号,NA,实际披露低于原假设、盈利质量恶化或披露延期。,NA,NA,不推荐埋伏：事件窗口/价格/10日涨幅证据缺失或盈亏比不足3；持续大额亏损/逻辑证伪证据NA，禁止正式池；风险价格/波动分档NA；尚无同时满足轨道和盈亏比的证据；股性不足或证据NA，仅观察，不进入正式池；条件不满足，仅观察；当日人工阶段NA/冲突，不自行定性；本周新开仓记录未确认完整，剩余额度NA；当前空仓/持仓证据NA，不视为空仓,NA,NA,NA,NA,出现止损条件无条件离场，不补仓摊平成本；跳空/滑点可能使实际亏损超过理论值。,8.10810811,2.0,1.0,无,-7.008850696684988,2.0,1.0,股性不足,未超事件涨幅阈值,NA：市场证据不足,2026-09-30,炸板率=NA%；上涨=NA；下跌=NA；仅人工参考,NA：尚未运行；NA：尚未运行；NA：尚未运行,NA,NA,盘前不作当日确认,NA,NA,NA,NA,NA,NA,NA,NA,NA,否,NA,NA,条件不满足，仅观察,NA,NA,NA,NA,NA,建议股数NA或非整数手，不能生成分批计划,NA,NA,NA,NA,NA,NA,NA,当日人工阶段NA/冲突，不自行定性；本周新开仓记录未确认完整，剩余额度NA；当前空仓/持仓证据NA，不视为空仓,NA
扩大候选观察列表,⚪观察,云中马,603130,NA,事件观察【不推荐埋伏】,20260930,腾讯全市场+stock_zh_a_hist_tx日线核验,39.63,38.802,38.278,NA,NA,盘中待核验：缩量止跌、下影勾头/回收支撑；未确认不得介入,NA,NA,盘中待核验：沿分时均线企稳，禁止追直线拉升,NA,低波,1.5991604338482361,NA,NA,NA,NA,NA,NA,NA,NA,NA,evt_b18cad29ce3a3281,盘中人工复核，盘前不发最终买入信号,NA,实际披露低于原假设、盈利质量恶化或披露延期。,NA,NA,不推荐埋伏：事件窗口/价格/10日涨幅证据缺失或盈亏比不足3；持续大额亏损/逻辑证伪证据NA，禁止正式池；风险价格/波动分档NA；尚无同时满足轨道和盈亏比的证据；股性不足或证据NA，仅观察，不进入正式池；条件不满足，仅观察；当日人工阶段NA/冲突，不自行定性；本周新开仓记录未确认完整，剩余额度NA；当前空仓/持仓证据NA，不视为空仓,NA,NA,NA,NA,出现止损条件无条件离场，不补仓摊平成本；跳空/滑点可能使实际亏损超过理论值。,7.6609617,3.0,1.0,无,-1.28917765237118,3.0,1.0,股性不足,未超事件涨幅阈值,NA：市场证据不足,2026-09-30,炸板率=NA%；上涨=NA；下跌=NA；仅人工参考,NA：尚未运行；NA：尚未运行；NA：尚未运行,NA,NA,盘前不作当日确认,NA,NA,NA,NA,NA,NA,NA,NA,NA,否,NA,NA,条件不满足，仅观察,NA,NA,NA,NA,NA,建议股数NA或非整数手，不能生成分批计划,NA,NA,NA,NA,NA,NA,NA,当日人工阶段NA/冲突，不自行定性；本周新开仓记录未确认完整，剩余额度NA；当前空仓/持仓证据NA，不视为空仓,NA
扩大候选观察列表,🚫移出,国光连锁,605188,NA,NA,20260930,腾讯全市场+stock_zh_a_hist_tx日线核验,12.4,12.608,12.642,NA,NA,盘中待核验：缩量止跌、下影勾头/回收支撑；未确认不得介入,NA,NA,盘中待核验：沿分时均线企稳，禁止追直线拉升,NA,极端高波,4.354306969959972,NA,NA,NA,NA,NA,NA,NA,NA,NA,evt_0f01d283f66e7209,盘中人工复核，盘前不发最终买入信号,NA,实际披露低于原假设、盈利质量恶化或披露延期。,NA,NA,有效跌破MA10且无企稳；条件不满足，仅观察；当日人工阶段NA/冲突，不自行定性；本周新开仓记录未确认完整，剩余额度NA；当前空仓/持仓证据NA，不视为空仓,NA,NA,NA,NA,出现止损条件无条件离场，不补仓摊平成本；跳空/滑点可能使实际亏损超过理论值。,3.07564422,4.0,1.0,无,0.8867670241277603,4.0,2.0,股性活,未超事件涨幅阈值,NA：市场证据不足,2026-09-30,炸板率=NA%；上涨=NA；下跌=NA；仅人工参考,NA：尚未运行；NA：尚未运行；NA：尚未运行,NA,NA,盘前不作当日确认,NA,NA,NA,NA,NA,NA,NA,NA,NA,否,NA,NA,条件不满足，仅观察,NA,NA,NA,NA,NA,建议股数NA或非整数手，不能生成分批计划,NA,NA,NA,NA,NA,NA,NA,当日人工阶段NA/冲突，不自行定性；本周新开仓记录未确认完整，剩余额度NA；当前空仓/持仓证据NA，不视为空仓,NA
扩大候选观察列表,⚪观察,爱施德,002416,NA,事件观察【不推荐埋伏】,20260930,腾讯全市场+stock_zh_a_hist_tx日线核验,8.98,8.95,9.03,NA,NA,盘中待核验：缩量止跌、下影勾头/回收支撑；未确认不得介入,NA,NA,盘中待核验：沿分时均线企稳，禁止追直线拉升,NA,高波,2.0019294067580917,NA,NA,NA,NA,NA,NA,NA,NA,NA,evt_8ebaa674ce359060,盘中人工复核，盘前不发最终买入信号,NA,实际披露低于原假设、盈利质量恶化或披露延期。,NA,NA,不推荐埋伏：事件窗口/价格/10日涨幅证据缺失或盈亏比不足3；持续大额亏损/逻辑证伪证据NA，禁止正式池；风险价格/波动分档NA；尚无同时满足轨道和盈亏比的证据；股性不足或证据NA，仅观察，不进入正式池；条件不满足，仅观察；当日人工阶段NA/冲突，不自行定性；本周新开仓记录未确认完整，剩余额度NA；当前空仓/持仓证据NA，不视为空仓,NA,NA,NA,NA,出现止损条件无条件离场，不补仓摊平成本；跳空/滑点可能使实际亏损超过理论值。,0.44742729,0.0,0.0,无,NA,0.0,NA,NA：溢价样本不足,未超事件涨幅阈值,NA：市场证据不足,2026-09-30,炸板率=NA%；上涨=NA；下跌=NA；仅人工参考,NA：尚未运行；NA：尚未运行；NA：尚未运行,NA,NA,盘前不作当日确认,NA,NA,NA,NA,NA,NA,NA,NA,NA,否,NA,NA,条件不满足，仅观察,NA,NA,NA,NA,NA,建议股数NA或非整数手，不能生成分批计划,NA,NA,NA,NA,NA,NA,NA,当日人工阶段NA/冲突，不自行定性；本周新开仓记录未确认完整，剩余额度NA；当前空仓/持仓证据NA，不视为空仓,NA
扩大候选观察列表,⚪观察,人民同泰,600829,NA,事件观察【不推荐埋伏】,20260930,腾讯全市场+stock_zh_a_hist_tx日线核验,9.43,9.494,9.599,NA,NA,盘中待核验：缩量止跌、下影勾头/回收支撑；未确认不得介入,NA,NA,盘中待核验：沿分时均线企稳，禁止追直线拉升,NA,高波,2.3447848426370266,NA,NA,NA,NA,NA,NA,NA,NA,NA,evt_e17e268758568f79,盘中人工复核，盘前不发最终买入信号,NA,实际披露低于原假设、盈利质量恶化或披露延期。,NA,NA,不推荐埋伏：事件窗口/价格/10日涨幅证据缺失或盈亏比不足3；持续大额亏损/逻辑证伪证据NA，禁止正式池；风险价格/波动分档NA；尚无同时满足轨道和盈亏比的证据；条件不满足，仅观察；当日人工阶段NA/冲突，不自行定性；本周新开仓记录未确认完整，剩余额度NA；当前空仓/持仓证据NA，不视为空仓,NA,NA,NA,NA,出现止损条件无条件离场，不补仓摊平成本；跳空/滑点可能使实际亏损超过理论值。,1.83585313,6.0,2.0,20260714起2连板（60日窗口内）,1.9233986481959915,6.0,3.0,股性活,未超事件涨幅阈值,NA：市场证据不足,2026-09-30,炸板率=NA%；上涨=NA；下跌=NA；仅人工参考,NA：尚未运行；NA：尚未运行；NA：尚未运行,NA,NA,盘前不作当日确认,NA,NA,NA,NA,NA,NA,NA,NA,NA,否,NA,NA,条件不满足，仅观察,NA,NA,NA,NA,NA,建议股数NA或非整数手，不能生成分批计划,NA,NA,NA,NA,NA,NA,NA,当日人工阶段NA/冲突，不自行定性；本周新开仓记录未确认完整，剩余额度NA；当前空仓/持仓证据NA，不视为空仓,NA
扩大候选观察列表,⚪观察,广电计量,002967,华为海思,事件观察【不推荐埋伏】,20260930,腾讯全市场+stock_zh_a_hist_tx日线核验,17.56,17.778,17.434,NA,NA,盘中待核验：缩量止跌、下影勾头/回收支撑；未确认不得介入,NA,NA,盘中待核验：沿分时均线企稳，禁止追直线拉升,NA,低波,1.3897726549109424,NA,NA,NA,NA,NA,NA,NA,NA,NA,evt_da06083ce613aa2f；evt_5718b1a79d09a2ff,盘中人工复核，盘前不发最终买入信号,NA,展会延期、公司没有可验证增量产品/订单披露，或相关预期已提前反映。；官方延期、撤回或公司业务不适用；没有增量经营影响则受益逻辑不成立。,NA,NA,不推荐埋伏：事件窗口/价格/10日涨幅证据缺失或盈亏比不足3；持续大额亏损/逻辑证伪证据NA，禁止正式池；风险价格/波动分档NA；尚无同时满足轨道和盈亏比的证据；股性不足或证据NA，仅观察，不进入正式池；NA：条件证据不足，仅观察；当日人工阶段NA/冲突，不自行定性；本周新开仓记录未确认完整，剩余额度NA；当前空仓/持仓证据NA，不视为空仓,NA,NA,NA,NA,出现止损条件无条件离场，不补仓摊平成本；跳空/滑点可能使实际亏损超过理论值。,3.47672363,0.0,0.0,无,NA,0.0,NA,NA：溢价样本不足,未超事件涨幅阈值,NA：市场证据不足,2026-09-30,炸板率=NA%；上涨=NA；下跌=NA；仅人工参考,NA：尚未运行；NA：尚未运行；NA：尚未运行,NA,NA,盘前不作当日确认,NA,NA,NA,NA,NA,NA,NA,NA,NA,是,NA,NA,NA：条件证据不足，仅观察,NA,NA,NA,NA,NA,建议股数NA或非整数手，不能生成分批计划,NA,NA,NA,NA,NA,NA,NA,当日人工阶段NA/冲突，不自行定性；本周新开仓记录未确认完整，剩余额度NA；当前空仓/持仓证据NA，不视为空仓,NA
扩大候选观察列表,🚫移出,天富能源,600509,NA,NA,20260930,腾讯全市场+stock_zh_a_hist_tx日线核验,7.15,7.15,7.2219999999999995,NA,NA,盘中待核验：缩量止跌、下影勾头/回收支撑；未确认不得介入,NA,NA,盘中待核验：沿分时均线企稳，禁止追直线拉升,NA,低波,1.183046453080025,NA,NA,NA,NA,NA,NA,NA,NA,NA,evt_872340dd6f60f8e0,盘中人工复核，盘前不发最终买入信号,NA,实际披露低于原假设、盈利质量恶化或披露延期。,NA,NA,有效跌破MA10且无企稳；条件不满足，仅观察；当日人工阶段NA/冲突，不自行定性；本周新开仓记录未确认完整，剩余额度NA；当前空仓/持仓证据NA，不视为空仓,NA,NA,NA,NA,出现止损条件无条件离场，不补仓摊平成本；跳空/滑点可能使实际亏损超过理论值。,-0.83217753,0.0,0.0,无,NA,0.0,NA,NA：溢价样本不足,未超事件涨幅阈值,NA：市场证据不足,2026-09-30,炸板率=NA%；上涨=NA；下跌=NA；仅人工参考,NA：尚未运行；NA：尚未运行；NA：尚未运行,NA,NA,盘前不作当日确认,NA,NA,NA,NA,NA,NA,NA,NA,NA,否,NA,NA,条件不满足，仅观察,NA,NA,NA,NA,NA,建议股数NA或非整数手，不能生成分批计划,NA,NA,NA,NA,NA,NA,NA,当日人工阶段NA/冲突，不自行定性；本周新开仓记录未确认完整，剩余额度NA；当前空仓/持仓证据NA，不视为空仓,NA
扩大候选观察列表,🚫移出,飞乐音响,600651,汽车电子电气系统,NA,20260930,腾讯全市场+stock_zh_a_hist_tx日线核验,4.98,5.1080000000000005,5.156000000000001,NA,NA,盘中待核验：缩量止跌、下影勾头/回收支撑；未确认不得介入,NA,NA,盘中待核验：沿分时均线企稳，禁止追直线拉升,NA,低波,1.4204497747224798,NA,NA,NA,NA,NA,NA,NA,NA,NA,evt_da06083ce613aa2f；evt_5718b1a79d09a2ff,盘中人工复核，盘前不发最终买入信号,NA,展会延期、公司没有可验证增量产品/订单披露，或相关预期已提前反映。；官方延期、撤回或公司业务不适用；没有增量经营影响则受益逻辑不成立。,NA,NA,有效跌破MA10且无企稳；条件不满足，仅观察；当日人工阶段NA/冲突，不自行定性；本周新开仓记录未确认完整，剩余额度NA；当前空仓/持仓证据NA，不视为空仓,NA,NA,NA,NA,出现止损条件无条件离场，不补仓摊平成本；跳空/滑点可能使实际亏损超过理论值。,-3.11284047,1.0,1.0,无,-0.9375000000000022,1.0,0.0,股性不足,未超事件涨幅阈值,NA：市场证据不足,2026-09-30,炸板率=NA%；上涨=NA；下跌=NA；仅人工参考,NA：尚未运行；NA：尚未运行；NA：尚未运行,NA,NA,盘前不作当日确认,NA,NA,NA,NA,NA,NA,NA,NA,NA,否,NA,NA,条件不满足，仅观察,NA,NA,NA,NA,NA,建议股数NA或非整数手，不能生成分批计划,NA,NA,NA,NA,NA,NA,NA,当日人工阶段NA/冲突，不自行定性；本周新开仓记录未确认完整，剩余额度NA；当前空仓/持仓证据NA，不视为空仓,NA
扩大候选观察列表,⚪观察,丽江股份,002033,NA,事件观察【不推荐埋伏】,20260930,腾讯全市场+stock_zh_a_hist_tx日线核验,8.21,8.248000000000001,8.331999999999999,NA,NA,盘中待核验：缩量止跌、下影勾头/回收支撑；未确认不得介入,NA,NA,盘中待核验：沿分时均线企稳，禁止追直线拉升,NA,低波,1.7076239315873578,NA,NA,NA,NA,NA,NA,NA,NA,NA,evt_1e3f1d409685fa83,盘中人工复核，盘前不发最终买入信号,NA,实际披露低于原假设、盈利质量恶化或披露延期。,NA,NA,不推荐埋伏：事件窗口/价格/10日涨幅证据缺失或盈亏比不足3；持续大额亏损/逻辑证伪证据NA，禁止正式池；风险价格/波动分档NA；尚无同时满足轨道和盈亏比的证据；股性不足或证据NA，仅观察，不进入正式池；条件不满足，仅观察；当日人工阶段NA/冲突，不自行定性；本周新开仓记录未确认完整，剩余额度NA；当前空仓/持仓证据NA，不视为空仓,NA,NA,NA,NA,出现止损条件无条件离场，不补仓摊平成本；跳空/滑点可能使实际亏损超过理论值。,-1.08433735,0.0,0.0,无,NA,0.0,NA,NA：溢价样本不足,未超事件涨幅阈值,NA：市场证据不足,2026-09-30,炸板率=NA%；上涨=NA；下跌=NA；仅人工参考,NA：尚未运行；NA：尚未运行；NA：尚未运行,NA,NA,盘前不作当日确认,NA,NA,NA,NA,NA,NA,NA,NA,NA,否,NA,NA,条件不满足，仅观察,NA,NA,NA,NA,NA,建议股数NA或非整数手，不能生成分批计划,NA,NA,NA,NA,NA,NA,NA,当日人工阶段NA/冲突，不自行定性；本周新开仓记录未确认完整，剩余额度NA；当前空仓/持仓证据NA，不视为空仓,NA
扩大候选观察列表,⚪观察,雅运股份,603790,NA,事件观察【不推荐埋伏】,20260930,腾讯全市场+stock_zh_a_hist_tx日线核验,24.75,25.164,24.845,NA,NA,盘中待核验：缩量止跌、下影勾头/回收支撑；未确认不得介入,NA,NA,盘中待核验：沿分时均线企稳，禁止追直线拉升,NA,高波,2.601250004573027,NA,NA,NA,NA,NA,NA,NA,NA,NA,evt_d13a2341edd9ed49,盘中人工复核，盘前不发最终买入信号,NA,实际披露低于原假设、盈利质量恶化或披露延期。,NA,NA,不推荐埋伏：事件窗口/价格/10日涨幅证据缺失或盈亏比不足3；持续大额亏损/逻辑证伪证据NA，禁止正式池；风险价格/波动分档NA；尚无同时满足轨道和盈亏比的证据；股性不足或证据NA，仅观察，不进入正式池；NA：条件证据不足，仅观察；当日人工阶段NA/冲突，不自行定性；本周新开仓记录未确认完整，剩余额度NA；当前空仓/持仓证据NA，不视为空仓,NA,NA,NA,NA,出现止损条件无条件离场，不补仓摊平成本；跳空/滑点可能使实际亏损超过理论值。,6.13207547,2.0,1.0,无,-0.8442001697720194,2.0,1.0,股性不足,未超事件涨幅阈值,NA：市场证据不足,2026-09-30,炸板率=NA%；上涨=NA；下跌=NA；仅人工参考,NA：尚未运行；NA：尚未运行；NA：尚未运行,NA,NA,盘前不作当日确认,NA,NA,NA,NA,NA,NA,NA,NA,NA,是,NA,NA,NA：条件证据不足，仅观察,NA,NA,NA,NA,NA,建议股数NA或非整数手，不能生成分批计划,NA,NA,NA,NA,NA,NA,NA,当日人工阶段NA/冲突，不自行定性；本周新开仓记录未确认完整，剩余额度NA；当前空仓/持仓证据NA，不视为空仓,NA
扩大候选观察列表,🚫移出,兆新股份,002256,NA,NA,20260930,腾讯全市场+stock_zh_a_hist_tx日线核验,3.12,3.136,3.189,NA,NA,盘中待核验：缩量止跌、下影勾头/回收支撑；未确认不得介入,NA,NA,盘中待核验：沿分时均线企稳，禁止追直线拉升,NA,低波,1.2805697038100479,NA,NA,NA,NA,NA,NA,NA,NA,NA,evt_43486584ca573302,盘中人工复核，盘前不发最终买入信号,NA,实际披露低于原假设、盈利质量恶化或披露延期。,NA,NA,有效跌破MA10且无企稳；条件不满足，仅观察；当日人工阶段NA/冲突，不自行定性；本周新开仓记录未确认完整，剩余额度NA；当前空仓/持仓证据NA，不视为空仓,NA,NA,NA,NA,出现止损条件无条件离场，不补仓摊平成本；跳空/滑点可能使实际亏损超过理论值。,-4.0,1.0,1.0,无,-3.0226700251889227,1.0,0.0,股性不足,未超事件涨幅阈值,NA：市场证据不足,2026-09-30,炸板率=NA%；上涨=NA；下跌=NA；仅人工参考,NA：尚未运行；NA：尚未运行；NA：尚未运行,NA,NA,盘前不作当日确认,NA,NA,NA,NA,NA,NA,NA,NA,NA,否,NA,NA,条件不满足，仅观察,NA,NA,NA,NA,NA,建议股数NA或非整数手，不能生成分批计划,NA,NA,NA,NA,NA,NA,NA,当日人工阶段NA/冲突，不自行定性；本周新开仓记录未确认完整，剩余额度NA；当前空仓/持仓证据NA，不视为空仓,NA
扩大候选观察列表,⚪观察,富春环保,002479,NA,事件观察【不推荐埋伏】,20260930,腾讯全市场+stock_zh_a_hist_tx日线核验,5.78,5.8020000000000005,5.833,NA,NA,盘中待核验：缩量止跌、下影勾头/回收支撑；未确认不得介入,NA,NA,盘中待核验：沿分时均线企稳，禁止追直线拉升,NA,低波,1.571407876426404,NA,NA,NA,NA,NA,NA,NA,NA,NA,evt_6d8abcabf4b6ff24,盘中人工复核，盘前不发最终买入信号,NA,实际披露低于原假设、盈利质量恶化或披露延期。,NA,NA,不推荐埋伏：事件窗口/价格/10日涨幅证据缺失或盈亏比不足3；持续大额亏损/逻辑证伪证据NA，禁止正式池；风险价格/波动分档NA；尚无同时满足轨道和盈亏比的证据；股性不足或证据NA，仅观察，不进入正式池；条件不满足，仅观察；当日人工阶段NA/冲突，不自行定性；本周新开仓记录未确认完整，剩余额度NA；当前空仓/持仓证据NA，不视为空仓,NA,NA,NA,NA,出现止损条件无条件离场，不补仓摊平成本；跳空/滑点可能使实际亏损超过理论值。,-2.52951096,1.0,1.0,无,0.411522633744843,1.0,1.0,股性不足,未超事件涨幅阈值,NA：市场证据不足,2026-09-30,炸板率=NA%；上涨=NA；下跌=NA；仅人工参考,NA：尚未运行；NA：尚未运行；NA：尚未运行,NA,NA,盘前不作当日确认,NA,NA,NA,NA,NA,NA,NA,NA,NA,否,NA,NA,条件不满足，仅观察,NA,NA,NA,NA,NA,建议股数NA或非整数手，不能生成分批计划,NA,NA,NA,NA,NA,NA,NA,当日人工阶段NA/冲突，不自行定性；本周新开仓记录未确认完整，剩余额度NA；当前空仓/持仓证据NA，不视为空仓,NA
扩大候选观察列表,⚪观察,金岭矿业,000655,NA,事件观察【不推荐埋伏】,20260930,腾讯全市场+stock_zh_a_hist_tx日线核验,7.25,7.151999999999999,7.15,NA,NA,盘中待核验：缩量止跌、下影勾头/回收支撑；未确认不得介入,NA,NA,盘中待核验：沿分时均线企稳，禁止追直线拉升,NA,低波,1.9778870608908232,NA,NA,NA,NA,NA,NA,NA,NA,NA,evt_5da9442854ba441e,盘中人工复核，盘前不发最终买入信号,NA,实际披露低于原假设、盈利质量恶化或披露延期。,NA,NA,不推荐埋伏：事件窗口/价格/10日涨幅证据缺失或盈亏比不足3；持续大额亏损/逻辑证伪证据NA，禁止正式池；风险价格/波动分档NA；尚无同时满足轨道和盈亏比的证据；股性不足或证据NA，仅观察，不进入正式池；条件不满足，仅观察；当日人工阶段NA/冲突，不自行定性；本周新开仓记录未确认完整，剩余额度NA；当前空仓/持仓证据NA，不视为空仓,NA,NA,NA,NA,出现止损条件无条件离场，不补仓摊平成本；跳空/滑点可能使实际亏损超过理论值。,2.11267606,0.0,0.0,无,NA,0.0,NA,NA：溢价样本不足,未超事件涨幅阈值,NA：市场证据不足,2026-09-30,炸板率=NA%；上涨=NA；下跌=NA；仅人工参考,NA：尚未运行；NA：尚未运行；NA：尚未运行,NA,NA,盘前不作当日确认,NA,NA,NA,NA,NA,NA,NA,NA,NA,否,NA,NA,条件不满足，仅观察,NA,NA,NA,NA,NA,建议股数NA或非整数手，不能生成分批计划,NA,NA,NA,NA,NA,NA,NA,当日人工阶段NA/冲突，不自行定性；本周新开仓记录未确认完整，剩余额度NA；当前空仓/持仓证据NA，不视为空仓,NA
扩大候选观察列表,🚫移出,科林电气,603050,NA,NA,20260930,腾讯全市场+stock_zh_a_hist_tx日线核验,16.35,16.684,17.284,NA,NA,盘中待核验：缩量止跌、下影勾头/回收支撑；未确认不得介入,NA,NA,盘中待核验：沿分时均线企稳，禁止追直线拉升,NA,低波,1.415374126201086,NA,NA,NA,NA,NA,NA,NA,NA,NA,evt_1cfa7ebbb895aa32,盘中人工复核，盘前不发最终买入信号,NA,实际披露低于原假设、盈利质量恶化或披露延期。,NA,NA,有效跌破MA10且无企稳；条件不满足，仅观察；当日人工阶段NA/冲突，不自行定性；本周新开仓记录未确认完整，剩余额度NA；当前空仓/持仓证据NA，不视为空仓,NA,NA,NA,NA,出现止损条件无条件离场，不补仓摊平成本；跳空/滑点可能使实际亏损超过理论值。,-9.41828255,1.0,1.0,无,-4.713444027852187,1.0,0.0,股性不足,未超事件涨幅阈值,NA：市场证据不足,2026-09-30,炸板率=NA%；上涨=NA；下跌=NA；仅人工参考,NA：尚未运行；NA：尚未运行；NA：尚未运行,NA,NA,盘前不作当日确认,NA,NA,NA,NA,NA,NA,NA,NA,NA,否,NA,NA,条件不满足，仅观察,NA,NA,NA,NA,NA,建议股数NA或非整数手，不能生成分批计划,NA,NA,NA,NA,NA,NA,NA,当日人工阶段NA/冲突，不自行定性；本周新开仓记录未确认完整，剩余额度NA；当前空仓/持仓证据NA，不视为空仓,NA
扩大候选观察列表,⚪观察,佛燃能源,002911,NA,事件观察【不推荐埋伏】,20260930,腾讯全市场+stock_zh_a_hist_tx日线核验,11.21,11.170000000000002,11.21,NA,NA,盘中待核验：缩量止跌、下影勾头/回收支撑；未确认不得介入,NA,NA,盘中待核验：沿分时均线企稳，禁止追直线拉升,NA,低波,1.273792865349595,NA,NA,NA,NA,NA,NA,NA,NA,NA,evt_950a568e0200ec09,盘中人工复核，盘前不发最终买入信号,NA,实际披露低于原假设、盈利质量恶化或披露延期。,NA,NA,不推荐埋伏：事件窗口/价格/10日涨幅证据缺失或盈亏比不足3；持续大额亏损/逻辑证伪证据NA，禁止正式池；风险价格/波动分档NA；尚无同时满足轨道和盈亏比的证据；股性不足或证据NA，仅观察，不进入正式池；条件不满足，仅观察；当日人工阶段NA/冲突，不自行定性；本周新开仓记录未确认完整，剩余额度NA；当前空仓/持仓证据NA，不视为空仓,NA,NA,NA,NA,出现止损条件无条件离场，不补仓摊平成本；跳空/滑点可能使实际亏损超过理论值。,-1.14638448,0.0,0.0,无,NA,0.0,NA,NA：溢价样本不足,未超事件涨幅阈值,NA：市场证据不足,2026-09-30,炸板率=NA%；上涨=NA；下跌=NA；仅人工参考,NA：尚未运行；NA：尚未运行；NA：尚未运行,NA,NA,盘前不作当日确认,NA,NA,NA,NA,NA,NA,NA,NA,NA,否,NA,NA,条件不满足，仅观察,NA,NA,NA,NA,NA,建议股数NA或非整数手，不能生成分批计划,NA,NA,NA,NA,NA,NA,NA,当日人工阶段NA/冲突，不自行定性；本周新开仓记录未确认完整，剩余额度NA；当前空仓/持仓证据NA，不视为空仓,NA
扩大候选观察列表,⚪观察,宁波海运,600798,NA,事件观察【不推荐埋伏】,20260930,腾讯全市场+stock_zh_a_hist_tx日线核验,3.41,3.386,3.425,NA,NA,盘中待核验：缩量止跌、下影勾头/回收支撑；未确认不得介入,NA,NA,盘中待核验：沿分时均线企稳，禁止追直线拉升,NA,高波,2.5322823594614676,NA,NA,NA,NA,NA,NA,NA,NA,NA,evt_14d339b394cf97bc,盘中人工复核，盘前不发最终买入信号,NA,实际披露低于原假设、盈利质量恶化或披露延期。,NA,NA,不推荐埋伏：事件窗口/价格/10日涨幅证据缺失或盈亏比不足3；持续大额亏损/逻辑证伪证据NA，禁止正式池；风险价格/波动分档NA；尚无同时满足轨道和盈亏比的证据；股性不足或证据NA，仅观察，不进入正式池；条件不满足，仅观察；当日人工阶段NA/冲突，不自行定性；本周新开仓记录未确认完整，剩余额度NA；当前空仓/持仓证据NA，不视为空仓,NA,NA,NA,NA,出现止损条件无条件离场，不补仓摊平成本；跳空/滑点可能使实际亏损超过理论值。,-0.87209302,0.0,0.0,无,NA,0.0,NA,NA：溢价样本不足,未超事件涨幅阈值,NA：市场证据不足,2026-09-30,炸板率=NA%；上涨=NA；下跌=NA；仅人工参考,NA：尚未运行；NA：尚未运行；NA：尚未运行,NA,NA,盘前不作当日确认,NA,NA,NA,NA,NA,NA,NA,NA,NA,否,NA,NA,条件不满足，仅观察,NA,NA,NA,NA,NA,建议股数NA或非整数手，不能生成分批计划,NA,NA,NA,NA,NA,NA,NA,当日人工阶段NA/冲突，不自行定性；本周新开仓记录未确认完整，剩余额度NA；当前空仓/持仓证据NA，不视为空仓,NA
扩大候选观察列表,⚪观察,濮耐股份,002225,NA,事件观察【不推荐埋伏】,20260930,腾讯全市场+stock_zh_a_hist_tx日线核验,3.42,3.4259999999999997,3.4850000000000003,NA,NA,盘中待核验：缩量止跌、下影勾头/回收支撑；未确认不得介入,NA,NA,盘中待核验：沿分时均线企稳，禁止追直线拉升,NA,低波,1.1392222087455526,NA,NA,NA,NA,NA,NA,NA,NA,NA,evt_bb154accbe7cd958,盘中人工复核，盘前不发最终买入信号,NA,实际披露低于原假设、盈利质量恶化或披露延期。,NA,NA,不推荐埋伏：事件窗口/价格/10日涨幅证据缺失或盈亏比不足3；持续大额亏损/逻辑证伪证据NA，禁止正式池；风险价格/波动分档NA；尚无同时满足轨道和盈亏比的证据；股性不足或证据NA，仅观察，不进入正式池；条件不满足，仅观察；当日人工阶段NA/冲突，不自行定性；本周新开仓记录未确认完整，剩余额度NA；当前空仓/持仓证据NA，不视为空仓,NA,NA,NA,NA,出现止损条件无条件离场，不补仓摊平成本；跳空/滑点可能使实际亏损超过理论值。,-2.56410256,0.0,0.0,无,NA,0.0,NA,NA：溢价样本不足,未超事件涨幅阈值,NA：市场证据不足,2026-09-30,炸板率=NA%；上涨=NA；下跌=NA；仅人工参考,NA：尚未运行；NA：尚未运行；NA：尚未运行,NA,NA,盘前不作当日确认,NA,NA,NA,NA,NA,NA,NA,NA,NA,否,NA,NA,条件不满足，仅观察,NA,NA,NA,NA,NA,建议股数NA或非整数手，不能生成分批计划,NA,NA,NA,NA,NA,NA,NA,当日人工阶段NA/冲突，不自行定性；本周新开仓记录未确认完整，剩余额度NA；当前空仓/持仓证据NA，不视为空仓,NA
扩大候选观察列表,🚫移出,XD恒通股,603223,NA,NA,20260930,腾讯全市场+stock_zh_a_hist_tx日线核验,9.39,9.642,9.802000000000001,NA,NA,盘中待核验：缩量止跌、下影勾头/回收支撑；未确认不得介入,NA,NA,盘中待核验：沿分时均线企稳，禁止追直线拉升,NA,低波,1.823867482428537,NA,NA,NA,NA,NA,NA,NA,NA,NA,evt_e6786f0c7b831be0,盘中人工复核，盘前不发最终买入信号,NA,实际披露低于原假设、盈利质量恶化或披露延期。,NA,NA,有效跌破MA10且无企稳；条件不满足，仅观察；当日人工阶段NA/冲突，不自行定性；本周新开仓记录未确认完整，剩余额度NA；当前空仓/持仓证据NA，不视为空仓,NA,NA,NA,NA,出现止损条件无条件离场，不补仓摊平成本；跳空/滑点可能使实际亏损超过理论值。,-4.18367347,1.0,1.0,无,-8.527696793002914,1.0,0.0,股性不足,未超事件涨幅阈值,NA：市场证据不足,2026-09-30,炸板率=NA%；上涨=NA；下跌=NA；仅人工参考,NA：尚未运行；NA：尚未运行；NA：尚未运行,NA,NA,盘前不作当日确认,NA,NA,NA,NA,NA,NA,NA,NA,NA,否,NA,NA,条件不满足，仅观察,NA,NA,NA,NA,NA,建议股数NA或非整数手，不能生成分批计划,NA,NA,NA,NA,NA,NA,NA,当日人工阶段NA/冲突，不自行定性；本周新开仓记录未确认完整，剩余额度NA；当前空仓/持仓证据NA，不视为空仓,NA
扩大候选观察列表,🚫移出,信质集团,002664,汽车电子；汽车电子电气系统,NA,20260930,腾讯全市场+stock_zh_a_hist_tx日线核验,14.31,14.516,14.627,NA,NA,盘中待核验：缩量止跌、下影勾头/回收支撑；未确认不得介入,NA,NA,盘中待核验：沿分时均线企稳，禁止追直线拉升,NA,低波,1.6070453697579268,NA,NA,NA,NA,NA,NA,NA,NA,NA,evt_b7f853647b82b1c4,盘中人工复核，盘前不发最终买入信号,NA,实际披露低于原假设、盈利质量恶化或披露延期。,NA,NA,有效跌破MA10且无企稳；条件不满足，仅观察；当日人工阶段NA/冲突，不自行定性；本周新开仓记录未确认完整，剩余额度NA；当前空仓/持仓证据NA，不视为空仓,NA,NA,NA,NA,出现止损条件无条件离场，不补仓摊平成本；跳空/滑点可能使实际亏损超过理论值。,0.98800282,0.0,0.0,无,NA,0.0,NA,NA：溢价样本不足,未超事件涨幅阈值,NA：市场证据不足,2026-09-30,炸板率=NA%；上涨=NA；下跌=NA；仅人工参考,NA：尚未运行；NA：尚未运行；NA：尚未运行,NA,NA,盘前不作当日确认,NA,NA,NA,NA,NA,NA,NA,NA,NA,否,NA,NA,条件不满足，仅观察,NA,NA,NA,NA,NA,建议股数NA或非整数手，不能生成分批计划,NA,NA,NA,NA,NA,NA,NA,当日人工阶段NA/冲突，不自行定性；本周新开仓记录未确认完整，剩余额度NA；当前空仓/持仓证据NA，不视为空仓,NA
扩大候选观察列表,⚪观察,广汇物流,600603,NA,事件观察【不推荐埋伏】,20260930,腾讯全市场+stock_zh_a_hist_tx日线核验,4.81,4.712000000000001,4.794,NA,NA,盘中待核验：缩量止跌、下影勾头/回收支撑；未确认不得介入,NA,NA,盘中待核验：沿分时均线企稳，禁止追直线拉升,NA,高波,2.1762698299774184,NA,NA,NA,NA,NA,NA,NA,NA,NA,evt_f9af90ffa155ca5e,盘中人工复核，盘前不发最终买入信号,NA,实际披露低于原假设、盈利质量恶化或披露延期。,NA,NA,不推荐埋伏：事件窗口/价格/10日涨幅证据缺失或盈亏比不足3；持续大额亏损/逻辑证伪证据NA，禁止正式池；风险价格/波动分档NA；尚无同时满足轨道和盈亏比的证据；股性不足或证据NA，仅观察，不进入正式池；条件不满足，仅观察；当日人工阶段NA/冲突，不自行定性；本周新开仓记录未确认完整，剩余额度NA；当前空仓/持仓证据NA，不视为空仓,NA,NA,NA,NA,出现止损条件无条件离场，不补仓摊平成本；跳空/滑点可能使实际亏损超过理论值。,-2.03665988,0.0,0.0,无,NA,0.0,NA,NA：溢价样本不足,未超事件涨幅阈值,NA：市场证据不足,2026-09-30,炸板率=NA%；上涨=NA；下跌=NA；仅人工参考,NA：尚未运行；NA：尚未运行；NA：尚未运行,NA,NA,盘前不作当日确认,NA,NA,NA,NA,NA,NA,NA,NA,NA,否,NA,NA,条件不满足，仅观察,NA,NA,NA,NA,NA,建议股数NA或非整数手，不能生成分批计划,NA,NA,NA,NA,NA,NA,NA,当日人工阶段NA/冲突，不自行定性；本周新开仓记录未确认完整，剩余额度NA；当前空仓/持仓证据NA，不视为空仓,NA
扩大候选观察列表,⚪观察,雪峰科技,603227,NA,事件观察【不推荐埋伏】,20260930,腾讯全市场+stock_zh_a_hist_tx日线核验,7.42,7.410000000000001,7.461,NA,NA,盘中待核验：缩量止跌、下影勾头/回收支撑；未确认不得介入,NA,NA,盘中待核验：沿分时均线企稳，禁止追直线拉升,NA,低波,1.2810970527134906,NA,NA,NA,NA,NA,NA,NA,NA,NA,evt_ec736e4ba521eeb7,盘中人工复核，盘前不发最终买入信号,NA,实际披露低于原假设、盈利质量恶化或披露延期。,NA,NA,不推荐埋伏：事件窗口/价格/10日涨幅证据缺失或盈亏比不足3；持续大额亏损/逻辑证伪证据NA，禁止正式池；风险价格/波动分档NA；尚无同时满足轨道和盈亏比的证据；股性不足或证据NA，仅观察，不进入正式池；条件不满足，仅观察；当日人工阶段NA/冲突，不自行定性；本周新开仓记录未确认完整，剩余额度NA；当前空仓/持仓证据NA，不视为空仓,NA,NA,NA,NA,出现止损条件无条件离场，不补仓摊平成本；跳空/滑点可能使实际亏损超过理论值。,0.0,0.0,0.0,无,NA,0.0,NA,NA：溢价样本不足,未超事件涨幅阈值,NA：市场证据不足,2026-09-30,炸板率=NA%；上涨=NA；下跌=NA；仅人工参考,NA：尚未运行；NA：尚未运行；NA：尚未运行,NA,NA,盘前不作当日确认,NA,NA,NA,NA,NA,NA,NA,NA,NA,否,NA,NA,条件不满足，仅观察,NA,NA,NA,NA,NA,建议股数NA或非整数手，不能生成分批计划,NA,NA,NA,NA,NA,NA,NA,当日人工阶段NA/冲突，不自行定性；本周新开仓记录未确认完整，剩余额度NA；当前空仓/持仓证据NA，不视为空仓,NA
扩大候选观察列表,⚪观察,冀东装备,000856,NA,事件观察【不推荐埋伏】,20260930,腾讯全市场+stock_zh_a_hist_tx日线核验,8.88,8.842,8.769000000000002,NA,NA,盘中待核验：缩量止跌、下影勾头/回收支撑；未确认不得介入,NA,NA,盘中待核验：沿分时均线企稳，禁止追直线拉升,NA,高波,2.0537687139237453,NA,NA,NA,NA,NA,NA,NA,NA,NA,evt_053ce5cc841c63ad,盘中人工复核，盘前不发最终买入信号,NA,实际披露低于原假设、盈利质量恶化或披露延期。,NA,NA,不推荐埋伏：事件窗口/价格/10日涨幅证据缺失或盈亏比不足3；持续大额亏损/逻辑证伪证据NA，禁止正式池；风险价格/波动分档NA；尚无同时满足轨道和盈亏比的证据；股性不足或证据NA，仅观察，不进入正式池；NA：条件证据不足，仅观察；当日人工阶段NA/冲突，不自行定性；本周新开仓记录未确认完整，剩余额度NA；当前空仓/持仓证据NA，不视为空仓,NA,NA,NA,NA,出现止损条件无条件离场，不补仓摊平成本；跳空/滑点可能使实际亏损超过理论值。,4.71698113,0.0,0.0,无,NA,0.0,NA,NA：溢价样本不足,未超事件涨幅阈值,NA：市场证据不足,2026-09-30,炸板率=NA%；上涨=NA；下跌=NA；仅人工参考,NA：尚未运行；NA：尚未运行；NA：尚未运行,NA,NA,盘前不作当日确认,NA,NA,NA,NA,NA,NA,NA,NA,NA,是,NA,NA,NA：条件证据不足，仅观察,NA,NA,NA,NA,NA,建议股数NA或非整数手，不能生成分批计划,NA,NA,NA,NA,NA,NA,NA,当日人工阶段NA/冲突，不自行定性；本周新开仓记录未确认完整，剩余额度NA；当前空仓/持仓证据NA，不视为空仓,NA
扩大候选观察列表,⚪观察,海天股份,603759,NA,事件观察【不推荐埋伏】,20260930,腾讯全市场+stock_zh_a_hist_tx日线核验,8.01,7.924000000000001,7.761,NA,NA,盘中待核验：缩量止跌、下影勾头/回收支撑；未确认不得介入,NA,NA,盘中待核验：沿分时均线企稳，禁止追直线拉升,NA,高波,2.1052264101344846,NA,NA,NA,NA,NA,NA,NA,NA,NA,evt_7372acc892074412,盘中人工复核，盘前不发最终买入信号,NA,实际披露低于原假设、盈利质量恶化或披露延期。,NA,NA,不推荐埋伏：事件窗口/价格/10日涨幅证据缺失或盈亏比不足3；持续大额亏损/逻辑证伪证据NA，禁止正式池；风险价格/波动分档NA；尚无同时满足轨道和盈亏比的证据；股性不足或证据NA，仅观察，不进入正式池；NA：条件证据不足，仅观察；当日人工阶段NA/冲突，不自行定性；本周新开仓记录未确认完整，剩余额度NA；当前空仓/持仓证据NA，不视为空仓,NA,NA,NA,NA,出现止损条件无条件离场，不补仓摊平成本；跳空/滑点可能使实际亏损超过理论值。,10.63535912,0.0,0.0,无,NA,0.0,NA,NA：溢价样本不足,未超事件涨幅阈值,NA：市场证据不足,2026-09-30,炸板率=NA%；上涨=NA；下跌=NA；仅人工参考,NA：尚未运行；NA：尚未运行；NA：尚未运行,NA,NA,盘前不作当日确认,NA,NA,NA,NA,NA,NA,NA,NA,NA,是,NA,NA,NA：条件证据不足，仅观察,NA,NA,NA,NA,NA,建议股数NA或非整数手，不能生成分批计划,NA,NA,NA,NA,NA,NA,NA,当日人工阶段NA/冲突，不自行定性；本周新开仓记录未确认完整，剩余额度NA；当前空仓/持仓证据NA，不视为空仓,NA
扩大候选观察列表,⚪观察,西典新能,603312,NA,事件观察【不推荐埋伏】,20260930,腾讯全市场+stock_zh_a_hist_tx日线核验,32.9,32.47,32.082,NA,NA,盘中待核验：缩量止跌、下影勾头/回收支撑；未确认不得介入,NA,NA,盘中待核验：沿分时均线企稳，禁止追直线拉升,NA,低波,1.868006942166564,NA,NA,NA,NA,NA,NA,NA,NA,NA,evt_349f6f08b9ce6ec5,盘中人工复核，盘前不发最终买入信号,NA,实际披露低于原假设、盈利质量恶化或披露延期。,NA,NA,不推荐埋伏：事件窗口/价格/10日涨幅证据缺失或盈亏比不足3；持续大额亏损/逻辑证伪证据NA，禁止正式池；风险价格/波动分档NA；尚无同时满足轨道和盈亏比的证据；股性不足或证据NA，仅观察，不进入正式池；NA：条件证据不足，仅观察；当日人工阶段NA/冲突，不自行定性；本周新开仓记录未确认完整，剩余额度NA；当前空仓/持仓证据NA，不视为空仓,NA,NA,NA,NA,出现止损条件无条件离场，不补仓摊平成本；跳空/滑点可能使实际亏损超过理论值。,7.69230769,0.0,0.0,无,NA,0.0,NA,NA：溢价样本不足,未超事件涨幅阈值,NA：市场证据不足,2026-09-30,炸板率=NA%；上涨=NA；下跌=NA；仅人工参考,NA：尚未运行；NA：尚未运行；NA：尚未运行,NA,NA,盘前不作当日确认,NA,NA,NA,NA,NA,NA,NA,NA,NA,是,NA,NA,NA：条件证据不足，仅观察,NA,NA,NA,NA,NA,建议股数NA或非整数手，不能生成分批计划,NA,NA,NA,NA,NA,NA,NA,当日人工阶段NA/冲突，不自行定性；本周新开仓记录未确认完整，剩余额度NA；当前空仓/持仓证据NA，不视为空仓,NA
扩大候选观察列表,⚪观察,物产金轮,002722,NA,事件观察【不推荐埋伏】,20260930,腾讯全市场+stock_zh_a_hist_tx日线核验,13.13,13.203999999999999,13.12,NA,NA,盘中待核验：缩量止跌、下影勾头/回收支撑；未确认不得介入,NA,NA,盘中待核验：沿分时均线企稳，禁止追直线拉升,NA,低波,1.1055520236068221,NA,NA,NA,NA,NA,NA,NA,NA,NA,evt_04cef1062ec0eac0,盘中人工复核，盘前不发最终买入信号,NA,实际披露低于原假设、盈利质量恶化或披露延期。,NA,NA,不推荐埋伏：事件窗口/价格/10日涨幅证据缺失或盈亏比不足3；持续大额亏损/逻辑证伪证据NA，禁止正式池；风险价格/波动分档NA；尚无同时满足轨道和盈亏比的证据；股性不足或证据NA，仅观察，不进入正式池；条件不满足，仅观察；当日人工阶段NA/冲突，不自行定性；本周新开仓记录未确认完整，剩余额度NA；当前空仓/持仓证据NA，不视为空仓,NA,NA,NA,NA,出现止损条件无条件离场，不补仓摊平成本；跳空/滑点可能使实际亏损超过理论值。,2.81910728,0.0,0.0,无,NA,0.0,NA,NA：溢价样本不足,未超事件涨幅阈值,NA：市场证据不足,2026-09-30,炸板率=NA%；上涨=NA；下跌=NA；仅人工参考,NA：尚未运行；NA：尚未运行；NA：尚未运行,NA,NA,盘前不作当日确认,NA,NA,NA,NA,NA,NA,NA,NA,NA,否,NA,NA,条件不满足，仅观察,NA,NA,NA,NA,NA,建议股数NA或非整数手，不能生成分批计划,NA,NA,NA,NA,NA,NA,NA,当日人工阶段NA/冲突，不自行定性；本周新开仓记录未确认完整，剩余额度NA；当前空仓/持仓证据NA，不视为空仓,NA
扩大候选观察列表,⚪观察,民丰特纸,600235,NA,事件观察【不推荐埋伏】,20260930,腾讯全市场+stock_zh_a_hist_tx日线核验,5.97,5.91,5.845000000000001,NA,NA,盘中待核验：缩量止跌、下影勾头/回收支撑；未确认不得介入,NA,NA,盘中待核验：沿分时均线企稳，禁止追直线拉升,NA,低波,1.7138094141924345,NA,NA,NA,NA,NA,NA,NA,NA,NA,evt_206d590af3337b33,盘中人工复核，盘前不发最终买入信号,NA,实际披露低于原假设、盈利质量恶化或披露延期。,NA,NA,不推荐埋伏：事件窗口/价格/10日涨幅证据缺失或盈亏比不足3；持续大额亏损/逻辑证伪证据NA，禁止正式池；风险价格/波动分档NA；尚无同时满足轨道和盈亏比的证据；股性不足或证据NA，仅观察，不进入正式池；NA：条件证据不足，仅观察；当日人工阶段NA/冲突，不自行定性；本周新开仓记录未确认完整，剩余额度NA；当前空仓/持仓证据NA，不视为空仓,NA,NA,NA,NA,出现止损条件无条件离场，不补仓摊平成本；跳空/滑点可能使实际亏损超过理论值。,7.76173285,0.0,0.0,无,NA,0.0,NA,NA：溢价样本不足,未超事件涨幅阈值,NA：市场证据不足,2026-09-30,炸板率=NA%；上涨=NA；下跌=NA；仅人工参考,NA：尚未运行；NA：尚未运行；NA：尚未运行,NA,NA,盘前不作当日确认,NA,NA,NA,NA,NA,NA,NA,NA,NA,是,NA,NA,NA：条件证据不足，仅观察,NA,NA,NA,NA,NA,建议股数NA或非整数手，不能生成分批计划,NA,NA,NA,NA,NA,NA,NA,当日人工阶段NA/冲突，不自行定性；本周新开仓记录未确认完整，剩余额度NA；当前空仓/持仓证据NA，不视为空仓,NA
扩大候选观察列表,⚪观察,拱东医疗,605369,NA,事件观察【不推荐埋伏】,20260930,腾讯全市场+stock_zh_a_hist_tx日线核验,18.2,18.003999999999998,17.534,NA,NA,盘中待核验：缩量止跌、下影勾头/回收支撑；未确认不得介入,NA,NA,盘中待核验：沿分时均线企稳，禁止追直线拉升,NA,高波,2.480799238675654,NA,NA,NA,NA,NA,NA,NA,NA,NA,evt_585e156cf86f6bf5,盘中人工复核，盘前不发最终买入信号,NA,实际披露低于原假设、盈利质量恶化或披露延期。,NA,NA,不推荐埋伏：事件窗口/价格/10日涨幅证据缺失或盈亏比不足3；持续大额亏损/逻辑证伪证据NA，禁止正式池；风险价格/波动分档NA；尚无同时满足轨道和盈亏比的证据；股性不足或证据NA，仅观察，不进入正式池；NA：条件证据不足，仅观察；当日人工阶段NA/冲突，不自行定性；本周新开仓记录未确认完整，剩余额度NA；当前空仓/持仓证据NA，不视为空仓,NA,NA,NA,NA,出现止损条件无条件离场，不补仓摊平成本；跳空/滑点可能使实际亏损超过理论值。,9.50661853,0.0,0.0,无,NA,0.0,NA,NA：溢价样本不足,未超事件涨幅阈值,NA：市场证据不足,2026-09-30,炸板率=NA%；上涨=NA；下跌=NA；仅人工参考,NA：尚未运行；NA：尚未运行；NA：尚未运行,NA,NA,盘前不作当日确认,NA,NA,NA,NA,NA,NA,NA,NA,NA,是,NA,NA,NA：条件证据不足，仅观察,NA,NA,NA,NA,NA,建议股数NA或非整数手，不能生成分批计划,NA,NA,NA,NA,NA,NA,NA,当日人工阶段NA/冲突，不自行定性；本周新开仓记录未确认完整，剩余额度NA；当前空仓/持仓证据NA，不视为空仓,NA
扩大候选观察列表,⚪观察,苏州龙杰,603332,NA,事件观察【不推荐埋伏】,20260930,腾讯全市场+stock_zh_a_hist_tx日线核验,12.01,12.016,11.803999999999998,NA,NA,盘中待核验：缩量止跌、下影勾头/回收支撑；未确认不得介入,NA,NA,盘中待核验：沿分时均线企稳，禁止追直线拉升,NA,低波,1.668162661536904,NA,NA,NA,NA,NA,NA,NA,NA,NA,evt_d99e93c20c29b8c7,盘中人工复核，盘前不发最终买入信号,NA,实际披露低于原假设、盈利质量恶化或披露延期。,NA,NA,不推荐埋伏：事件窗口/价格/10日涨幅证据缺失或盈亏比不足3；持续大额亏损/逻辑证伪证据NA，禁止正式池；风险价格/波动分档NA；尚无同时满足轨道和盈亏比的证据；股性不足或证据NA，仅观察，不进入正式池；NA：条件证据不足，仅观察；当日人工阶段NA/冲突，不自行定性；本周新开仓记录未确认完整，剩余额度NA；当前空仓/持仓证据NA，不视为空仓,NA,NA,NA,NA,出现止损条件无条件离场，不补仓摊平成本；跳空/滑点可能使实际亏损超过理论值。,8.29576195,0.0,0.0,无,NA,0.0,NA,NA：溢价样本不足,未超事件涨幅阈值,NA：市场证据不足,2026-09-30,炸板率=NA%；上涨=NA；下跌=NA；仅人工参考,NA：尚未运行；NA：尚未运行；NA：尚未运行,NA,NA,盘前不作当日确认,NA,NA,NA,NA,NA,NA,NA,NA,NA,是,NA,NA,NA：条件证据不足，仅观察,NA,NA,NA,NA,NA,建议股数NA或非整数手，不能生成分批计划,NA,NA,NA,NA,NA,NA,NA,当日人工阶段NA/冲突，不自行定性；本周新开仓记录未确认完整，剩余额度NA；当前空仓/持仓证据NA，不视为空仓,NA
扩大候选观察列表,⚪观察,物产环能,603071,NA,事件观察【不推荐埋伏】,20260930,腾讯全市场+stock_zh_a_hist_tx日线核验,12.49,12.372,12.386000000000001,NA,NA,盘中待核验：缩量止跌、下影勾头/回收支撑；未确认不得介入,NA,NA,盘中待核验：沿分时均线企稳，禁止追直线拉升,NA,低波,0.9357872334490502,NA,NA,NA,NA,NA,NA,NA,NA,NA,evt_252e19271c74ce91,盘中人工复核，盘前不发最终买入信号,NA,实际披露低于原假设、盈利质量恶化或披露延期。,NA,NA,不推荐埋伏：事件窗口/价格/10日涨幅证据缺失或盈亏比不足3；持续大额亏损/逻辑证伪证据NA，禁止正式池；风险价格/波动分档NA；尚无同时满足轨道和盈亏比的证据；股性不足或证据NA，仅观察，不进入正式池；NA：条件证据不足，仅观察；当日人工阶段NA/冲突，不自行定性；本周新开仓记录未确认完整，剩余额度NA；当前空仓/持仓证据NA，不视为空仓,NA,NA,NA,NA,出现止损条件无条件离场，不补仓摊平成本；跳空/滑点可能使实际亏损超过理论值。,0.97008892,1.0,1.0,无,-5.757575757575761,1.0,0.0,股性不足,未超事件涨幅阈值,NA：市场证据不足,2026-09-30,炸板率=NA%；上涨=NA；下跌=NA；仅人工参考,NA：尚未运行；NA：尚未运行；NA：尚未运行,NA,NA,盘前不作当日确认,NA,NA,NA,NA,NA,NA,NA,NA,NA,是,NA,NA,NA：条件证据不足，仅观察,NA,NA,NA,NA,NA,建议股数NA或非整数手，不能生成分批计划,NA,NA,NA,NA,NA,NA,NA,当日人工阶段NA/冲突，不自行定性；本周新开仓记录未确认完整，剩余额度NA；当前空仓/持仓证据NA，不视为空仓,NA
扩大候选观察列表,⚪观察,三维化学,002469,NA,事件观察【不推荐埋伏】,20260930,腾讯全市场+stock_zh_a_hist_tx日线核验,6.06,6.044,6.059,NA,NA,盘中待核验：缩量止跌、下影勾头/回收支撑；未确认不得介入,NA,NA,盘中待核验：沿分时均线企稳，禁止追直线拉升,NA,低波,1.8066014186301615,NA,NA,NA,NA,NA,NA,NA,NA,NA,evt_8e6c9b491cc8c893,盘中人工复核，盘前不发最终买入信号,NA,实际披露低于原假设、盈利质量恶化或披露延期。,NA,NA,不推荐埋伏：事件窗口/价格/10日涨幅证据缺失或盈亏比不足3；持续大额亏损/逻辑证伪证据NA，禁止正式池；风险价格/波动分档NA；尚无同时满足轨道和盈亏比的证据；股性不足或证据NA，仅观察，不进入正式池；条件不满足，仅观察；当日人工阶段NA/冲突，不自行定性；本周新开仓记录未确认完整，剩余额度NA；当前空仓/持仓证据NA，不视为空仓,NA,NA,NA,NA,出现止损条件无条件离场，不补仓摊平成本；跳空/滑点可能使实际亏损超过理论值。,2.02020202,1.0,1.0,无,-3.803486529318534,1.0,0.0,股性不足,未超事件涨幅阈值,NA：市场证据不足,2026-09-30,炸板率=NA%；上涨=NA；下跌=NA；仅人工参考,NA：尚未运行；NA：尚未运行；NA：尚未运行,NA,NA,盘前不作当日确认,NA,NA,NA,NA,NA,NA,NA,NA,NA,否,NA,NA,条件不满足，仅观察,NA,NA,NA,NA,NA,建议股数NA或非整数手，不能生成分批计划,NA,NA,NA,NA,NA,NA,NA,当日人工阶段NA/冲突，不自行定性；本周新开仓记录未确认完整，剩余额度NA；当前空仓/持仓证据NA，不视为空仓,NA
扩大候选观察列表,⚪观察,金麒麟,603586,NA,事件观察【不推荐埋伏】,20260930,腾讯全市场+stock_zh_a_hist_tx日线核验,13.85,13.831999999999999,13.692000000000002,NA,NA,盘中待核验：缩量止跌、下影勾头/回收支撑；未确认不得介入,NA,NA,盘中待核验：沿分时均线企稳，禁止追直线拉升,NA,低波,1.2649622975147579,NA,NA,NA,NA,NA,NA,NA,NA,NA,evt_8fa667172f86e22e,盘中人工复核，盘前不发最终买入信号,NA,实际披露低于原假设、盈利质量恶化或披露延期。,NA,NA,不推荐埋伏：事件窗口/价格/10日涨幅证据缺失或盈亏比不足3；持续大额亏损/逻辑证伪证据NA，禁止正式池；风险价格/波动分档NA；尚无同时满足轨道和盈亏比的证据；股性不足或证据NA，仅观察，不进入正式池；NA：条件证据不足，仅观察；当日人工阶段NA/冲突，不自行定性；本周新开仓记录未确认完整，剩余额度NA；当前空仓/持仓证据NA，不视为空仓,NA,NA,NA,NA,出现止损条件无条件离场，不补仓摊平成本；跳空/滑点可能使实际亏损超过理论值。,4.29216867,0.0,0.0,无,NA,0.0,NA,NA：溢价样本不足,未超事件涨幅阈值,NA：市场证据不足,2026-09-30,炸板率=NA%；上涨=NA；下跌=NA；仅人工参考,NA：尚未运行；NA：尚未运行；NA：尚未运行,NA,NA,盘前不作当日确认,NA,NA,NA,NA,NA,NA,NA,NA,NA,是,NA,NA,NA：条件证据不足，仅观察,NA,NA,NA,NA,NA,建议股数NA或非整数手，不能生成分批计划,NA,NA,NA,NA,NA,NA,NA,当日人工阶段NA/冲突，不自行定性；本周新开仓记录未确认完整，剩余额度NA；当前空仓/持仓证据NA，不视为空仓,NA
扩大候选观察列表,⚪观察,宇通重工,600817,NA,事件观察【不推荐埋伏】,20260930,腾讯全市场+stock_zh_a_hist_tx日线核验,9.79,9.638,9.612,NA,NA,盘中待核验：缩量止跌、下影勾头/回收支撑；未确认不得介入,NA,NA,盘中待核验：沿分时均线企稳，禁止追直线拉升,NA,低波,1.3281801976110987,NA,NA,NA,NA,NA,NA,NA,NA,NA,evt_5b9046bcf210517c,盘中人工复核，盘前不发最终买入信号,NA,实际披露低于原假设、盈利质量恶化或披露延期。,NA,NA,不推荐埋伏：事件窗口/价格/10日涨幅证据缺失或盈亏比不足3；持续大额亏损/逻辑证伪证据NA，禁止正式池；风险价格/波动分档NA；尚无同时满足轨道和盈亏比的证据；股性不足或证据NA，仅观察，不进入正式池；条件不满足，仅观察；当日人工阶段NA/冲突，不自行定性；本周新开仓记录未确认完整，剩余额度NA；当前空仓/持仓证据NA，不视为空仓,NA,NA,NA,NA,出现止损条件无条件离场，不补仓摊平成本；跳空/滑点可能使实际亏损超过理论值。,5.15574651,0.0,0.0,无,NA,0.0,NA,NA：溢价样本不足,未超事件涨幅阈值,NA：市场证据不足,2026-09-30,炸板率=NA%；上涨=NA；下跌=NA；仅人工参考,NA：尚未运行；NA：尚未运行；NA：尚未运行,NA,NA,盘前不作当日确认,NA,NA,NA,NA,NA,NA,NA,NA,NA,否,NA,NA,条件不满足，仅观察,NA,NA,NA,NA,NA,建议股数NA或非整数手，不能生成分批计划,NA,NA,NA,NA,NA,NA,NA,当日人工阶段NA/冲突，不自行定性；本周新开仓记录未确认完整，剩余额度NA；当前空仓/持仓证据NA，不视为空仓,NA
扩大候选观察列表,⚪观察,恒瑞医药,600276,创新药；化学制剂；化学制药,轨道证据NA,20260930,腾讯全市场+stock_zh_a_hist_tx日线核验,47.2,45.546,45.015,NA,NA,盘中待核验：缩量止跌、下影勾头/回收支撑；未确认不得介入,NA,NA,盘中待核验：沿分时均线企稳，禁止追直线拉升,NA,高波,2.0028799978106315,NA,NA,NA,NA,NA,NA,NA,NA,NA,NA,盘中人工复核，盘前不发最终买入信号,NA,NA,NA,NA,持续大额亏损/逻辑证伪证据NA，禁止正式池；风险价格/波动分档NA；尚无同时满足轨道和盈亏比的证据；股性不足或证据NA，仅观察，不进入正式池；条件不满足，仅观察；当日人工阶段NA/冲突，不自行定性；本周新开仓记录未确认完整，剩余额度NA；当前空仓/持仓证据NA，不视为空仓,NA,NA,NA,NA,出现止损条件无条件离场，不补仓摊平成本；跳空/滑点可能使实际亏损超过理论值。,9.43658706,0.0,0.0,无,NA,0.0,NA,NA：溢价样本不足,不适用,NA：市场证据不足,2026-09-30,炸板率=NA%；上涨=NA；下跌=NA；仅人工参考,NA：尚未运行；NA：尚未运行；NA：尚未运行,NA,NA,盘前不作当日确认,NA,NA,NA,NA,NA,NA,NA,NA,NA,否,NA,NA,条件不满足，仅观察,NA,NA,NA,NA,NA,建议股数NA或非整数手，不能生成分批计划,NA,NA,NA,NA,NA,NA,NA,当日人工阶段NA/冲突，不自行定性；本周新开仓记录未确认完整，剩余额度NA；当前空仓/持仓证据NA，不视为空仓,NA
扩大候选观察列表,⚪观察,哈药股份,600664,创新药；化学制剂；化学制药,轨道证据NA,20260930,腾讯全市场+stock_zh_a_hist_tx日线核验,7.4,7.8100000000000005,7.866,NA,NA,盘中待核验：缩量止跌、下影勾头/回收支撑；未确认不得介入,NA,NA,盘中待核验：沿分时均线企稳，禁止追直线拉升,NA,极端高波,5.831736143003361,NA,NA,NA,NA,NA,NA,NA,NA,NA,NA,盘中人工复核，盘前不发最终买入信号,NA,NA,NA,NA,持续大额亏损/逻辑证伪证据NA，禁止正式池；风险价格/波动分档NA；尚无同时满足轨道和盈亏比的证据；条件不满足，仅观察；当日人工阶段NA/冲突，不自行定性；本周新开仓记录未确认完整，剩余额度NA；当前空仓/持仓证据NA，不视为空仓,NA,NA,NA,NA,出现止损条件无条件离场，不补仓摊平成本；跳空/滑点可能使实际亏损超过理论值。,3.93258427,11.0,5.0,20260710起5连板（60日窗口内）；20260807起3连板（60日窗口内）；20260921起2连板（60日窗口内）,7.862725666637075,11.0,3.0,股性活,不适用,NA：市场证据不足,2026-09-30,炸板率=NA%；上涨=NA；下跌=NA；仅人工参考,NA：尚未运行；NA：尚未运行；NA：尚未运行,NA,NA,盘前不作当日确认,NA,NA,NA,NA,NA,NA,NA,NA,NA,否,NA,NA,条件不满足，仅观察,NA,NA,NA,NA,NA,建议股数NA或非整数手，不能生成分批计划,NA,NA,NA,NA,NA,NA,NA,当日人工阶段NA/冲突，不自行定性；本周新开仓记录未确认完整，剩余额度NA；当前空仓/持仓证据NA，不视为空仓,NA
扩大候选观察列表,🚫移出,超声电子,000823,印制电路板；汽车电子,NA,20260930,腾讯全市场+stock_zh_a_hist_tx日线核验,23.28,24.308,24.467999999999996,NA,NA,盘中待核验：缩量止跌、下影勾头/回收支撑；未确认不得介入,NA,NA,盘中待核验：沿分时均线企稳，禁止追直线拉升,NA,极端高波,6.675284058703671,NA,NA,NA,NA,NA,NA,NA,NA,NA,NA,盘中人工复核，盘前不发最终买入信号,NA,NA,NA,NA,有效跌破MA10且无企稳；条件不满足，仅观察；当日人工阶段NA/冲突，不自行定性；本周新开仓记录未确认完整，剩余额度NA；当前空仓/持仓证据NA，不视为空仓,NA,NA,NA,NA,出现止损条件无条件离场，不补仓摊平成本；跳空/滑点可能使实际亏损超过理论值。,-2.59414226,5.0,3.0,20260910起3连板（60日窗口内）,4.947564006116925,5.0,3.0,股性活,不适用,NA：市场证据不足,2026-09-30,炸板率=NA%；上涨=NA；下跌=NA；仅人工参考,NA：尚未运行；NA：尚未运行；NA：尚未运行,NA,NA,盘前不作当日确认,NA,NA,NA,NA,NA,NA,NA,NA,NA,否,NA,NA,条件不满足，仅观察,NA,NA,NA,NA,NA,建议股数NA或非整数手，不能生成分批计划,NA,NA,NA,NA,NA,NA,NA,当日人工阶段NA/冲突，不自行定性；本周新开仓记录未确认完整，剩余额度NA；当前空仓/持仓证据NA，不视为空仓,NA
扩大候选观察列表,🚫移出,中天科技,600522,5G概念；通信设备,NA,20260930,腾讯全市场+stock_zh_a_hist_tx日线核验,31.13,32.872,34.575,NA,NA,盘中待核验：缩量止跌、下影勾头/回收支撑；未确认不得介入,NA,NA,盘中待核验：沿分时均线企稳，禁止追直线拉升,NA,高波,3.381943844592507,NA,NA,NA,NA,NA,NA,NA,NA,NA,NA,盘中人工复核，盘前不发最终买入信号,NA,NA,NA,NA,有效跌破MA10且无企稳；条件不满足，仅观察；当日人工阶段NA/冲突，不自行定性；本周新开仓记录未确认完整，剩余额度NA；当前空仓/持仓证据NA，不视为空仓,NA,NA,NA,NA,出现止损条件无条件离场，不补仓摊平成本；跳空/滑点可能使实际亏损超过理论值。,-9.84651028,0.0,0.0,无,NA,0.0,NA,NA：溢价样本不足,不适用,NA：市场证据不足,2026-09-30,炸板率=NA%；上涨=NA；下跌=NA；仅人工参考,NA：尚未运行；NA：尚未运行；NA：尚未运行,NA,NA,盘前不作当日确认,NA,NA,NA,NA,NA,NA,NA,NA,NA,否,NA,NA,条件不满足，仅观察,NA,NA,NA,NA,NA,建议股数NA或非整数手，不能生成分批计划,NA,NA,NA,NA,NA,NA,NA,当日人工阶段NA/冲突，不自行定性；本周新开仓记录未确认完整，剩余额度NA；当前空仓/持仓证据NA，不视为空仓,NA
扩大候选观察列表,🚫移出,永鼎股份,600105,5G概念；通信设备,NA,20260930,腾讯全市场+stock_zh_a_hist_tx日线核验,36.26,39.788,42.79,NA,NA,盘中待核验：缩量止跌、下影勾头/回收支撑；未确认不得介入,NA,NA,盘中待核验：沿分时均线企稳，禁止追直线拉升,NA,极端高波,4.516302991625632,NA,NA,NA,NA,NA,NA,NA,NA,NA,NA,盘中人工复核，盘前不发最终买入信号,NA,NA,NA,NA,有效跌破MA10且无企稳；条件不满足，仅观察；当日人工阶段NA/冲突，不自行定性；本周新开仓记录未确认完整，剩余额度NA；当前空仓/持仓证据NA，不视为空仓,NA,NA,NA,NA,出现止损条件无条件离场，不补仓摊平成本；跳空/滑点可能使实际亏损超过理论值。,-11.79761615,3.0,1.0,无,1.773987323988117,3.0,2.0,股性活,不适用,NA：市场证据不足,2026-09-30,炸板率=NA%；上涨=NA；下跌=NA；仅人工参考,NA：尚未运行；NA：尚未运行；NA：尚未运行,NA,NA,盘前不作当日确认,NA,NA,NA,NA,NA,NA,NA,NA,NA,否,NA,NA,条件不满足，仅观察,NA,NA,NA,NA,NA,建议股数NA或非整数手，不能生成分批计划,NA,NA,NA,NA,NA,NA,NA,当日人工阶段NA/冲突，不自行定性；本周新开仓记录未确认完整，剩余额度NA；当前空仓/持仓证据NA，不视为空仓,NA
扩大候选观察列表,⚪观察,均胜电子,600699,汽车电子；汽车电子电气系统,轨道证据NA,20260930,腾讯全市场+stock_zh_a_hist_tx日线核验,23.46,22.875999999999998,21.419999999999998,NA,NA,盘中待核验：缩量止跌、下影勾头/回收支撑；未确认不得介入,NA,NA,盘中待核验：沿分时均线企稳，禁止追直线拉升,NA,高波,3.718388759757497,NA,NA,NA,NA,NA,NA,NA,NA,NA,NA,盘中人工复核，盘前不发最终买入信号,NA,NA,NA,NA,持续大额亏损/逻辑证伪证据NA，禁止正式池；风险价格/波动分档NA；尚无同时满足轨道和盈亏比的证据；股性不足或证据NA，仅观察，不进入正式池；条件不满足，仅观察；当日人工阶段NA/冲突，不自行定性；本周新开仓记录未确认完整，剩余额度NA；当前空仓/持仓证据NA，不视为空仓,NA,NA,NA,NA,出现止损条件无条件离场，不补仓摊平成本；跳空/滑点可能使实际亏损超过理论值。,30.18867925,1.0,1.0,无,1.3588324106693417,1.0,1.0,股性不足,不适用,NA：市场证据不足,2026-09-30,炸板率=NA%；上涨=NA；下跌=NA；仅人工参考,NA：尚未运行；NA：尚未运行；NA：尚未运行,NA,NA,盘前不作当日确认,NA,NA,NA,NA,NA,NA,NA,NA,NA,否,NA,NA,条件不满足，仅观察,NA,NA,NA,NA,NA,建议股数NA或非整数手，不能生成分批计划,NA,NA,NA,NA,NA,NA,NA,当日人工阶段NA/冲突，不自行定性；本周新开仓记录未确认完整，剩余额度NA；当前空仓/持仓证据NA，不视为空仓,NA
扩大候选观察列表,🚫移出,通鼎互联,002491,5G概念；通信设备,NA,20260930,腾讯全市场+stock_zh_a_hist_tx日线核验,20.04,22.032000000000004,23.068,NA,NA,盘中待核验：缩量止跌、下影勾头/回收支撑；未确认不得介入,NA,NA,盘中待核验：沿分时均线企稳，禁止追直线拉升,NA,极端高波,4.858746820191295,NA,NA,NA,NA,NA,NA,NA,NA,NA,NA,盘中人工复核，盘前不发最终买入信号,NA,NA,NA,NA,有效跌破MA10且无企稳；条件不满足，仅观察；当日人工阶段NA/冲突，不自行定性；本周新开仓记录未确认完整，剩余额度NA；当前空仓/持仓证据NA，不视为空仓,NA,NA,NA,NA,出现止损条件无条件离场，不补仓摊平成本；跳空/滑点可能使实际亏损超过理论值。,-9.85155196,6.0,2.0,20260820起2连板（60日窗口内）；20260915起2连板（60日窗口内）,3.0612184774702915,6.0,3.0,股性活,不适用,NA：市场证据不足,2026-09-30,炸板率=NA%；上涨=NA；下跌=NA；仅人工参考,NA：尚未运行；NA：尚未运行；NA：尚未运行,NA,NA,盘前不作当日确认,NA,NA,NA,NA,NA,NA,NA,NA,NA,否,NA,NA,条件不满足，仅观察,NA,NA,NA,NA,NA,建议股数NA或非整数手，不能生成分批计划,NA,NA,NA,NA,NA,NA,NA,当日人工阶段NA/冲突，不自行定性；本周新开仓记录未确认完整，剩余额度NA；当前空仓/持仓证据NA，不视为空仓,NA
扩大候选观察列表,🚫移出,方正科技,600601,印制电路板,NA,20260930,腾讯全市场+stock_zh_a_hist_tx日线核验,13.2,13.818000000000001,14.399000000000001,NA,NA,盘中待核验：缩量止跌、下影勾头/回收支撑；未确认不得介入,NA,NA,盘中待核验：沿分时均线企稳，禁止追直线拉升,NA,极端高波,4.258030010835654,NA,NA,NA,NA,NA,NA,NA,NA,NA,NA,盘中人工复核，盘前不发最终买入信号,NA,NA,NA,NA,有效跌破MA10且无企稳；条件不满足，仅观察；当日人工阶段NA/冲突，不自行定性；本周新开仓记录未确认完整，剩余额度NA；当前空仓/持仓证据NA，不视为空仓,NA,NA,NA,NA,出现止损条件无条件离场，不补仓摊平成本；跳空/滑点可能使实际亏损超过理论值。,-9.21595598,2.0,2.0,20260806起2连板（60日窗口内）,6.359751359751364,2.0,3.0,股性活,不适用,NA：市场证据不足,2026-09-30,炸板率=NA%；上涨=NA；下跌=NA；仅人工参考,NA：尚未运行；NA：尚未运行；NA：尚未运行,NA,NA,盘前不作当日确认,NA,NA,NA,NA,NA,NA,NA,NA,NA,否,NA,NA,条件不满足，仅观察,NA,NA,NA,NA,NA,建议股数NA或非整数手，不能生成分批计划,NA,NA,NA,NA,NA,NA,NA,当日人工阶段NA/冲突，不自行定性；本周新开仓记录未确认完整，剩余额度NA；当前空仓/持仓证据NA，不视为空仓,NA
扩大候选观察列表,⚪观察,百花医药,600721,CRO概念；CXO概念；创新药；医疗服务,轨道证据NA,20260930,腾讯全市场+stock_zh_a_hist_tx日线核验,13.11,12.889999999999997,12.668,NA,NA,盘中待核验：缩量止跌、下影勾头/回收支撑；未确认不得介入,NA,NA,盘中待核验：沿分时均线企稳，禁止追直线拉升,NA,极端高波,5.737323400529527,NA,NA,NA,NA,NA,NA,NA,NA,NA,NA,盘中人工复核，盘前不发最终买入信号,NA,NA,NA,NA,持续大额亏损/逻辑证伪证据NA，禁止正式池；风险价格/波动分档NA；尚无同时满足轨道和盈亏比的证据；条件不满足，仅观察；当日人工阶段NA/冲突，不自行定性；本周新开仓记录未确认完整，剩余额度NA；当前空仓/持仓证据NA，不视为空仓,NA,NA,NA,NA,出现止损条件无条件离场，不补仓摊平成本；跳空/滑点可能使实际亏损超过理论值。,22.98311445,12.0,7.0,20260804起7连板（60日窗口内）；20260921起2连板（60日窗口内）,5.6868804237547605,12.0,3.0,股性活,不适用,NA：市场证据不足,2026-09-30,炸板率=NA%；上涨=NA；下跌=NA；仅人工参考,NA：尚未运行；NA：尚未运行；NA：尚未运行,NA,NA,盘前不作当日确认,NA,NA,NA,NA,NA,NA,NA,NA,NA,否,NA,NA,条件不满足，仅观察,NA,NA,NA,NA,NA,建议股数NA或非整数手，不能生成分批计划,NA,NA,NA,NA,NA,NA,NA,当日人工阶段NA/冲突，不自行定性；本周新开仓记录未确认完整，剩余额度NA；当前空仓/持仓证据NA，不视为空仓,NA
扩大候选观察列表,🚫移出,烽火通信,600498,5G概念；通信设备,NA,20260930,腾讯全市场+stock_zh_a_hist_tx日线核验,35.7,38.513999999999996,40.992000000000004,NA,NA,盘中待核验：缩量止跌、下影勾头/回收支撑；未确认不得介入,NA,NA,盘中待核验：沿分时均线企稳，禁止追直线拉升,NA,高波,3.2897498561057112,NA,NA,NA,NA,NA,NA,NA,NA,NA,NA,盘中人工复核，盘前不发最终买入信号,NA,NA,NA,NA,有效跌破MA10且无企稳；条件不满足，仅观察；当日人工阶段NA/冲突，不自行定性；本周新开仓记录未确认完整，剩余额度NA；当前空仓/持仓证据NA，不视为空仓,NA,NA,NA,NA,出现止损条件无条件离场，不补仓摊平成本；跳空/滑点可能使实际亏损超过理论值。,-11.34839831,0.0,0.0,无,NA,0.0,NA,NA：溢价样本不足,不适用,NA：市场证据不足,2026-09-30,炸板率=NA%；上涨=NA；下跌=NA；仅人工参考,NA：尚未运行；NA：尚未运行；NA：尚未运行,NA,NA,盘前不作当日确认,NA,NA,NA,NA,NA,NA,NA,NA,NA,否,NA,NA,条件不满足，仅观察,NA,NA,NA,NA,NA,建议股数NA或非整数手，不能生成分批计划,NA,NA,NA,NA,NA,NA,NA,当日人工阶段NA/冲突，不自行定性；本周新开仓记录未确认完整，剩余额度NA；当前空仓/持仓证据NA，不视为空仓,NA
扩大候选观察列表,⚪观察,丽珠集团,000513,创新药；化学制剂；化学制药,轨道证据NA,20260930,腾讯全市场+stock_zh_a_hist_tx日线核验,32.9,30.156,28.293,NA,NA,盘中待核验：缩量止跌、下影勾头/回收支撑；未确认不得介入,NA,NA,盘中待核验：沿分时均线企稳，禁止追直线拉升,NA,高波,2.8303301286700124,NA,NA,NA,NA,NA,NA,NA,NA,NA,NA,盘中人工复核，盘前不发最终买入信号,NA,NA,NA,NA,持续大额亏损/逻辑证伪证据NA，禁止正式池；风险价格/波动分档NA；尚无同时满足轨道和盈亏比的证据；股性不足或证据NA，仅观察，不进入正式池；条件不满足，仅观察；当日人工阶段NA/冲突，不自行定性；本周新开仓记录未确认完整，剩余额度NA；当前空仓/持仓证据NA，不视为空仓,NA,NA,NA,NA,出现止损条件无条件离场，不补仓摊平成本；跳空/滑点可能使实际亏损超过理论值。,23.77727615,1.0,1.0,无,6.229400131839147,1.0,1.0,股性不足,不适用,NA：市场证据不足,2026-09-30,炸板率=NA%；上涨=NA；下跌=NA；仅人工参考,NA：尚未运行；NA：尚未运行；NA：尚未运行,NA,NA,盘前不作当日确认,NA,NA,NA,NA,NA,NA,NA,NA,NA,否,NA,NA,条件不满足，仅观察,NA,NA,NA,NA,NA,建议股数NA或非整数手，不能生成分批计划,NA,NA,NA,NA,NA,NA,NA,当日人工阶段NA/冲突，不自行定性；本周新开仓记录未确认完整，剩余额度NA；当前空仓/持仓证据NA，不视为空仓,NA
扩大候选观察列表,⚪观察,津药药业,600488,化学制药；原料药,轨道证据NA,20260930,腾讯全市场+stock_zh_a_hist_tx日线核验,6.69,6.292,6.199,NA,NA,盘中待核验：缩量止跌、下影勾头/回收支撑；未确认不得介入,NA,NA,盘中待核验：沿分时均线企稳，禁止追直线拉升,NA,极端高波,5.36831908268456,NA,NA,NA,NA,NA,NA,NA,NA,NA,NA,盘中人工复核，盘前不发最终买入信号,NA,NA,NA,NA,持续大额亏损/逻辑证伪证据NA，禁止正式池；风险价格/波动分档NA；尚无同时满足轨道和盈亏比的证据；条件不满足，仅观察；当日人工阶段NA/冲突，不自行定性；本周新开仓记录未确认完整，剩余额度NA；当前空仓/持仓证据NA，不视为空仓,NA,NA,NA,NA,出现止损条件无条件离场，不补仓摊平成本；跳空/滑点可能使实际亏损超过理论值。,9.67213115,6.0,2.0,20260928起2连板（60日窗口内）,-0.6185128278307399,6.0,2.0,股性活,不适用,NA：市场证据不足,2026-09-30,炸板率=NA%；上涨=NA；下跌=NA；仅人工参考,NA：尚未运行；NA：尚未运行；NA：尚未运行,NA,NA,盘前不作当日确认,NA,NA,NA,NA,NA,NA,NA,NA,NA,否,NA,NA,条件不满足，仅观察,NA,NA,NA,NA,NA,建议股数NA或非整数手，不能生成分批计划,NA,NA,NA,NA,NA,NA,NA,当日人工阶段NA/冲突，不自行定性；本周新开仓记录未确认完整，剩余额度NA；当前空仓/持仓证据NA，不视为空仓,NA
扩大候选观察列表,⚪观察,科森科技,603626,消费电子；消费电子零部件及组装,轨道证据NA,20260930,腾讯全市场+stock_zh_a_hist_tx日线核验,24.22,23.204,22.636000000000003,NA,NA,盘中待核验：缩量止跌、下影勾头/回收支撑；未确认不得介入,NA,NA,盘中待核验：沿分时均线企稳，禁止追直线拉升,NA,极端高波,6.2762177406359525,NA,NA,NA,NA,NA,NA,NA,NA,NA,NA,盘中人工复核，盘前不发最终买入信号,NA,NA,NA,NA,持续大额亏损/逻辑证伪证据NA，禁止正式池；风险价格/波动分档NA；尚无同时满足轨道和盈亏比的证据；条件不满足，仅观察；当日人工阶段NA/冲突，不自行定性；本周新开仓记录未确认完整，剩余额度NA；当前空仓/持仓证据NA，不视为空仓,NA,NA,NA,NA,出现止损条件无条件离场，不补仓摊平成本；跳空/滑点可能使实际亏损超过理论值。,28.28389831,8.0,2.0,20260820起2连板（60日窗口内）；20260907起2连板（60日窗口内）；20260917起2连板（60日窗口内）,3.150977785992098,8.0,3.0,股性活,不适用,NA：市场证据不足,2026-09-30,炸板率=NA%；上涨=NA；下跌=NA；仅人工参考,NA：尚未运行；NA：尚未运行；NA：尚未运行,NA,NA,盘前不作当日确认,NA,NA,NA,NA,NA,NA,NA,NA,NA,否,NA,NA,条件不满足，仅观察,NA,NA,NA,NA,NA,建议股数NA或非整数手，不能生成分批计划,NA,NA,NA,NA,NA,NA,NA,当日人工阶段NA/冲突，不自行定性；本周新开仓记录未确认完整，剩余额度NA；当前空仓/持仓证据NA，不视为空仓,NA
扩大候选观察列表,⚪观察,拓普集团,601689,汽车电子,轨道证据NA,20260930,腾讯全市场+stock_zh_a_hist_tx日线核验,46.52,46.54,45.486000000000004,NA,NA,盘中待核验：缩量止跌、下影勾头/回收支撑；未确认不得介入,NA,NA,盘中待核验：沿分时均线企稳，禁止追直线拉升,NA,高波,2.3080022479964737,NA,NA,NA,NA,NA,NA,NA,NA,NA,NA,盘中人工复核，盘前不发最终买入信号,NA,NA,NA,NA,持续大额亏损/逻辑证伪证据NA，禁止正式池；风险价格/波动分档NA；尚无同时满足轨道和盈亏比的证据；股性不足或证据NA，仅观察，不进入正式池；NA：条件证据不足，仅观察；当日人工阶段NA/冲突，不自行定性；本周新开仓记录未确认完整，剩余额度NA；当前空仓/持仓证据NA，不视为空仓,NA,NA,NA,NA,出现止损条件无条件离场，不补仓摊平成本；跳空/滑点可能使实际亏损超过理论值。,10.89392133,0.0,0.0,无,NA,0.0,NA,NA：溢价样本不足,不适用,NA：市场证据不足,2026-09-30,炸板率=NA%；上涨=NA；下跌=NA；仅人工参考,NA：尚未运行；NA：尚未运行；NA：尚未运行,NA,NA,盘前不作当日确认,NA,NA,NA,NA,NA,NA,NA,NA,NA,是,NA,NA,NA：条件证据不足，仅观察,NA,NA,NA,NA,NA,建议股数NA或非整数手，不能生成分批计划,NA,NA,NA,NA,NA,NA,NA,当日人工阶段NA/冲突，不自行定性；本周新开仓记录未确认完整，剩余额度NA；当前空仓/持仓证据NA，不视为空仓,NA
扩大候选观察列表,⚪观察,美诺华,603538,化学制药；原料药,轨道证据NA,20260930,腾讯全市场+stock_zh_a_hist_tx日线核验,28.59,27.05,27.01,NA,NA,盘中待核验：缩量止跌、下影勾头/回收支撑；未确认不得介入,NA,NA,盘中待核验：沿分时均线企稳，禁止追直线拉升,NA,极端高波,4.2067421008467285,NA,NA,NA,NA,NA,NA,NA,NA,NA,NA,盘中人工复核，盘前不发最终买入信号,NA,NA,NA,NA,持续大额亏损/逻辑证伪证据NA，禁止正式池；风险价格/波动分档NA；尚无同时满足轨道和盈亏比的证据；股性不足或证据NA，仅观察，不进入正式池；条件不满足，仅观察；当日人工阶段NA/冲突，不自行定性；本周新开仓记录未确认完整，剩余额度NA；当前空仓/持仓证据NA，不视为空仓,NA,NA,NA,NA,出现止损条件无条件离场，不补仓摊平成本；跳空/滑点可能使实际亏损超过理论值。,13.2725832,5.0,1.0,无,-0.2970784555199417,4.0,1.0,股性不足,不适用,NA：市场证据不足,2026-09-30,炸板率=NA%；上涨=NA；下跌=NA；仅人工参考,NA：尚未运行；NA：尚未运行；NA：尚未运行,NA,NA,盘前不作当日确认,NA,NA,NA,NA,NA,NA,NA,NA,NA,否,NA,NA,条件不满足，仅观察,NA,NA,NA,NA,NA,建议股数NA或非整数手，不能生成分批计划,NA,NA,NA,NA,NA,NA,NA,当日人工阶段NA/冲突，不自行定性；本周新开仓记录未确认完整，剩余额度NA；当前空仓/持仓证据NA，不视为空仓,NA
扩大候选观察列表,🚫移出,歌尔股份,002241,消费电子；消费电子零部件及组装,NA,20260930,腾讯全市场+stock_zh_a_hist_tx日线核验,22.79,23.466,23.291,NA,NA,盘中待核验：缩量止跌、下影勾头/回收支撑；未确认不得介入,NA,NA,盘中待核验：沿分时均线企稳，禁止追直线拉升,NA,高波,2.2732702045488917,NA,NA,NA,NA,NA,NA,NA,NA,NA,NA,盘中人工复核，盘前不发最终买入信号,NA,NA,NA,NA,有效跌破MA10且无企稳；条件不满足，仅观察；当日人工阶段NA/冲突，不自行定性；本周新开仓记录未确认完整，剩余额度NA；当前空仓/持仓证据NA，不视为空仓,NA,NA,NA,NA,出现止损条件无条件离场，不补仓摊平成本；跳空/滑点可能使实际亏损超过理论值。,6.6448292,0.0,0.0,无,NA,0.0,NA,NA：溢价样本不足,不适用,NA：市场证据不足,2026-09-30,炸板率=NA%；上涨=NA；下跌=NA；仅人工参考,NA：尚未运行；NA：尚未运行；NA：尚未运行,NA,NA,盘前不作当日确认,NA,NA,NA,NA,NA,NA,NA,NA,NA,否,NA,NA,条件不满足，仅观察,NA,NA,NA,NA,NA,建议股数NA或非整数手，不能生成分批计划,NA,NA,NA,NA,NA,NA,NA,当日人工阶段NA/冲突，不自行定性；本周新开仓记录未确认完整，剩余额度NA；当前空仓/持仓证据NA，不视为空仓,NA
扩大候选观察列表,⚪观察,誉衡药业,002437,创新药；化学制剂；化学制药,轨道证据NA,20260930,腾讯全市场+stock_zh_a_hist_tx日线核验,3.65,3.5420000000000003,3.5519999999999996,NA,NA,盘中待核验：缩量止跌、下影勾头/回收支撑；未确认不得介入,NA,NA,盘中待核验：沿分时均线企稳，禁止追直线拉升,NA,极端高波,4.196376272484616,NA,NA,NA,NA,NA,NA,NA,NA,NA,NA,盘中人工复核，盘前不发最终买入信号,NA,NA,NA,NA,持续大额亏损/逻辑证伪证据NA，禁止正式池；风险价格/波动分档NA；尚无同时满足轨道和盈亏比的证据；条件不满足，仅观察；当日人工阶段NA/冲突，不自行定性；本周新开仓记录未确认完整，剩余额度NA；当前空仓/持仓证据NA，不视为空仓,NA,NA,NA,NA,出现止损条件无条件离场，不补仓摊平成本；跳空/滑点可能使实际亏损超过理论值。,8.95522388,7.0,2.0,20260807起2连板（60日窗口内）；20260812起2连板（60日窗口内）,0.9180456201567918,7.0,3.0,股性活,不适用,NA：市场证据不足,2026-09-30,炸板率=NA%；上涨=NA；下跌=NA；仅人工参考,NA：尚未运行；NA：尚未运行；NA：尚未运行,NA,NA,盘前不作当日确认,NA,NA,NA,NA,NA,NA,NA,NA,NA,否,NA,NA,条件不满足，仅观察,NA,NA,NA,NA,NA,建议股数NA或非整数手，不能生成分批计划,NA,NA,NA,NA,NA,NA,NA,当日人工阶段NA/冲突，不自行定性；本周新开仓记录未确认完整，剩余额度NA；当前空仓/持仓证据NA，不视为空仓,NA
扩大候选观察列表,⚪观察,巨人网络,002558,华为鸿蒙；鸿蒙概念,轨道证据NA,20260930,腾讯全市场+stock_zh_a_hist_tx日线核验,22.5,22.804000000000002,23.776,NA,NA,盘中待核验：缩量止跌、下影勾头/回收支撑；未确认不得介入,NA,NA,盘中待核验：沿分时均线企稳，禁止追直线拉升,NA,高波,2.279242999484265,NA,NA,NA,NA,NA,NA,NA,NA,NA,NA,盘中人工复核，盘前不发最终买入信号,NA,NA,NA,NA,持续大额亏损/逻辑证伪证据NA，禁止正式池；风险价格/波动分档NA；尚无同时满足轨道和盈亏比的证据；条件不满足，仅观察；当日人工阶段NA/冲突，不自行定性；本周新开仓记录未确认完整，剩余额度NA；当前空仓/持仓证据NA，不视为空仓,NA,NA,NA,NA,出现止损条件无条件离场，不补仓摊平成本；跳空/滑点可能使实际亏损超过理论值。,-10.17964072,2.0,1.0,无,2.515119203218741,2.0,2.0,股性活,不适用,NA：市场证据不足,2026-09-30,炸板率=NA%；上涨=NA；下跌=NA；仅人工参考,NA：尚未运行；NA：尚未运行；NA：尚未运行,NA,NA,盘前不作当日确认,NA,NA,NA,NA,NA,NA,NA,NA,NA,否,NA,NA,条件不满足，仅观察,NA,NA,NA,NA,NA,建议股数NA或非整数手，不能生成分批计划,NA,NA,NA,NA,NA,NA,NA,当日人工阶段NA/冲突，不自行定性；本周新开仓记录未确认完整，剩余额度NA；当前空仓/持仓证据NA，不视为空仓,NA
扩大候选观察列表,⚪观察,依顿电子,603328,印制电路板,轨道证据NA,20260930,腾讯全市场+stock_zh_a_hist_tx日线核验,13.83,14.172,13.950999999999999,NA,NA,盘中待核验：缩量止跌、下影勾头/回收支撑；未确认不得介入,NA,NA,盘中待核验：沿分时均线企稳，禁止追直线拉升,NA,极端高波,5.919055071030064,NA,NA,NA,NA,NA,NA,NA,NA,NA,NA,盘中人工复核，盘前不发最终买入信号,NA,NA,NA,NA,持续大额亏损/逻辑证伪证据NA，禁止正式池；风险价格/波动分档NA；尚无同时满足轨道和盈亏比的证据；股性不足或证据NA，仅观察，不进入正式池；NA：条件证据不足，仅观察；当日人工阶段NA/冲突，不自行定性；本周新开仓记录未确认完整，剩余额度NA；当前空仓/持仓证据NA，不视为空仓,NA,NA,NA,NA,出现止损条件无条件离场，不补仓摊平成本；跳空/滑点可能使实际亏损超过理论值。,6.30284397,5.0,1.0,无,-2.3614487864200417,5.0,1.0,股性不足,不适用,NA：市场证据不足,2026-09-30,炸板率=NA%；上涨=NA；下跌=NA；仅人工参考,NA：尚未运行；NA：尚未运行；NA：尚未运行,NA,NA,盘前不作当日确认,NA,NA,NA,NA,NA,NA,NA,NA,NA,是,NA,NA,NA：条件证据不足，仅观察,NA,NA,NA,NA,NA,建议股数NA或非整数手，不能生成分批计划,NA,NA,NA,NA,NA,NA,NA,当日人工阶段NA/冲突，不自行定性；本周新开仓记录未确认完整，剩余额度NA；当前空仓/持仓证据NA，不视为空仓,NA
扩大候选观察列表,⚪观察,澳洋健康,002172,医疗服务,轨道证据NA,20260930,腾讯全市场+stock_zh_a_hist_tx日线核验,5.43,5.351999999999999,5.359,NA,NA,盘中待核验：缩量止跌、下影勾头/回收支撑；未确认不得介入,NA,NA,盘中待核验：沿分时均线企稳，禁止追直线拉升,NA,极端高波,5.986800838784965,NA,NA,NA,NA,NA,NA,NA,NA,NA,NA,盘中人工复核，盘前不发最终买入信号,NA,NA,NA,NA,持续大额亏损/逻辑证伪证据NA，禁止正式池；风险价格/波动分档NA；尚无同时满足轨道和盈亏比的证据；NA：条件证据不足，仅观察；当日人工阶段NA/冲突，不自行定性；本周新开仓记录未确认完整，剩余额度NA；当前空仓/持仓证据NA，不视为空仓,NA,NA,NA,NA,出现止损条件无条件离场，不补仓摊平成本；跳空/滑点可能使实际亏损超过理论值。,11.04294479,11.0,4.0,20260812起4连板（60日窗口内）；20260907起2连板（60日窗口内）,0.8864219863956774,11.0,3.0,股性活,不适用,NA：市场证据不足,2026-09-30,炸板率=NA%；上涨=NA；下跌=NA；仅人工参考,NA：尚未运行；NA：尚未运行；NA：尚未运行,NA,NA,盘前不作当日确认,NA,NA,NA,NA,NA,NA,NA,NA,NA,是,NA,NA,NA：条件证据不足，仅观察,NA,NA,NA,NA,NA,建议股数NA或非整数手，不能生成分批计划,NA,NA,NA,NA,NA,NA,NA,当日人工阶段NA/冲突，不自行定性；本周新开仓记录未确认完整，剩余额度NA；当前空仓/持仓证据NA，不视为空仓,NA
扩大候选观察列表,⚪观察,美盈森,002303,物联网,轨道证据NA,20260930,腾讯全市场+stock_zh_a_hist_tx日线核验,6.8,6.5280000000000005,6.286,NA,NA,盘中待核验：缩量止跌、下影勾头/回收支撑；未确认不得介入,NA,NA,盘中待核验：沿分时均线企稳，禁止追直线拉升,NA,极端高波,5.322085483524714,NA,NA,NA,NA,NA,NA,NA,NA,NA,NA,盘中人工复核，盘前不发最终买入信号,NA,NA,NA,NA,持续大额亏损/逻辑证伪证据NA，禁止正式池；风险价格/波动分档NA；尚无同时满足轨道和盈亏比的证据；条件不满足，仅观察；当日人工阶段NA/冲突，不自行定性；本周新开仓记录未确认完整，剩余额度NA；当前空仓/持仓证据NA，不视为空仓,NA,NA,NA,NA,出现止损条件无条件离场，不补仓摊平成本；跳空/滑点可能使实际亏损超过理论值。,29.27756654,8.0,2.0,20260921起2连板（60日窗口内）,1.4884841881244213,8.0,3.0,股性活,不适用,NA：市场证据不足,2026-09-30,炸板率=NA%；上涨=NA；下跌=NA；仅人工参考,NA：尚未运行；NA：尚未运行；NA：尚未运行,NA,NA,盘前不作当日确认,NA,NA,NA,NA,NA,NA,NA,NA,NA,否,NA,NA,条件不满足，仅观察,NA,NA,NA,NA,NA,建议股数NA或非整数手，不能生成分批计划,NA,NA,NA,NA,NA,NA,NA,当日人工阶段NA/冲突，不自行定性；本周新开仓记录未确认完整，剩余额度NA；当前空仓/持仓证据NA，不视为空仓,NA
扩大候选观察列表,⚪观察,科伦药业,002422,仿制药；创新药；化学制剂；化学制药,轨道证据NA,20260930,腾讯全市场+stock_zh_a_hist_tx日线核验,40.85,39.846,40.402,NA,NA,盘中待核验：缩量止跌、下影勾头/回收支撑；未确认不得介入,NA,NA,盘中待核验：沿分时均线企稳，禁止追直线拉升,NA,高波,2.9130574211872453,NA,NA,NA,NA,NA,NA,NA,NA,NA,NA,盘中人工复核，盘前不发最终买入信号,NA,NA,NA,NA,持续大额亏损/逻辑证伪证据NA，禁止正式池；风险价格/波动分档NA；尚无同时满足轨道和盈亏比的证据；股性不足或证据NA，仅观察，不进入正式池；NA：条件证据不足，仅观察；当日人工阶段NA/冲突，不自行定性；本周新开仓记录未确认完整，剩余额度NA；当前空仓/持仓证据NA，不视为空仓,NA,NA,NA,NA,出现止损条件无条件离场，不补仓摊平成本；跳空/滑点可能使实际亏损超过理论值。,0.49200492,0.0,0.0,无,NA,0.0,NA,NA：溢价样本不足,不适用,NA：市场证据不足,2026-09-30,炸板率=NA%；上涨=NA；下跌=NA；仅人工参考,NA：尚未运行；NA：尚未运行；NA：尚未运行,NA,NA,盘前不作当日确认,NA,NA,NA,NA,NA,NA,NA,NA,NA,是,NA,NA,NA：条件证据不足，仅观察,NA,NA,NA,NA,NA,建议股数NA或非整数手，不能生成分批计划,NA,NA,NA,NA,NA,NA,NA,当日人工阶段NA/冲突，不自行定性；本周新开仓记录未确认完整，剩余额度NA；当前空仓/持仓证据NA，不视为空仓,NA
扩大候选观察列表,🚫移出,中兴通讯,000063,5G概念；通信设备,NA,20260930,腾讯全市场+stock_zh_a_hist_tx日线核验,30.58,31.258,31.903,NA,NA,盘中待核验：缩量止跌、下影勾头/回收支撑；未确认不得介入,NA,NA,盘中待核验：沿分时均线企稳，禁止追直线拉升,NA,低波,1.3621754015153291,NA,NA,NA,NA,NA,NA,NA,NA,NA,NA,盘中人工复核，盘前不发最终买入信号,NA,NA,NA,NA,有效跌破MA10且无企稳；条件不满足，仅观察；当日人工阶段NA/冲突，不自行定性；本周新开仓记录未确认完整，剩余额度NA；当前空仓/持仓证据NA，不视为空仓,NA,NA,NA,NA,出现止损条件无条件离场，不补仓摊平成本；跳空/滑点可能使实际亏损超过理论值。,-4.46735395,0.0,0.0,无,NA,0.0,NA,NA：溢价样本不足,不适用,NA：市场证据不足,2026-09-30,炸板率=NA%；上涨=NA；下跌=NA；仅人工参考,NA：尚未运行；NA：尚未运行；NA：尚未运行,NA,NA,盘前不作当日确认,NA,NA,NA,NA,NA,NA,NA,NA,NA,否,NA,NA,条件不满足，仅观察,NA,NA,NA,NA,NA,建议股数NA或非整数手，不能生成分批计划,NA,NA,NA,NA,NA,NA,NA,当日人工阶段NA/冲突，不自行定性；本周新开仓记录未确认完整，剩余额度NA；当前空仓/持仓证据NA，不视为空仓,NA
扩大候选观察列表,⚪观察,中新赛克,002912,东数西算算力,轨道证据NA,20260930,腾讯全市场+stock_zh_a_hist_tx日线核验,26.6,26.332,25.558,NA,NA,盘中待核验：缩量止跌、下影勾头/回收支撑；未确认不得介入,NA,NA,盘中待核验：沿分时均线企稳，禁止追直线拉升,NA,极端高波,7.152114294514839,NA,NA,NA,NA,NA,NA,NA,NA,NA,NA,盘中人工复核，盘前不发最终买入信号,NA,NA,NA,NA,持续大额亏损/逻辑证伪证据NA，禁止正式池；风险价格/波动分档NA；尚无同时满足轨道和盈亏比的证据；NA：条件证据不足，仅观察；当日人工阶段NA/冲突，不自行定性；本周新开仓记录未确认完整，剩余额度NA；当前空仓/持仓证据NA，不视为空仓,NA,NA,NA,NA,出现止损条件无条件离场，不补仓摊平成本；跳空/滑点可能使实际亏损超过理论值。,-6.5026362,8.0,4.0,20260910起4连板（60日窗口内）；20260928起2连板（60日窗口内）,2.9108459475667,8.0,3.0,股性活,不适用,NA：市场证据不足,2026-09-30,炸板率=NA%；上涨=NA；下跌=NA；仅人工参考,NA：尚未运行；NA：尚未运行；NA：尚未运行,NA,NA,盘前不作当日确认,NA,NA,NA,NA,NA,NA,NA,NA,NA,是,NA,NA,NA：条件证据不足，仅观察,NA,NA,NA,NA,NA,建议股数NA或非整数手，不能生成分批计划,NA,NA,NA,NA,NA,NA,NA,当日人工阶段NA/冲突，不自行定性；本周新开仓记录未确认完整，剩余额度NA；当前空仓/持仓证据NA，不视为空仓,NA
扩大候选观察列表,⚪观察,华东医药,000963,仿制药；创新药；化学制剂；化学制药,轨道证据NA,20260930,腾讯全市场+stock_zh_a_hist_tx日线核验,27.69,26.824,26.601,NA,NA,盘中待核验：缩量止跌、下影勾头/回收支撑；未确认不得介入,NA,NA,盘中待核验：沿分时均线企稳，禁止追直线拉升,NA,低波,1.506512070079746,NA,NA,NA,NA,NA,NA,NA,NA,NA,NA,盘中人工复核，盘前不发最终买入信号,NA,NA,NA,NA,持续大额亏损/逻辑证伪证据NA，禁止正式池；风险价格/波动分档NA；尚无同时满足轨道和盈亏比的证据；股性不足或证据NA，仅观察，不进入正式池；条件不满足，仅观察；当日人工阶段NA/冲突，不自行定性；本周新开仓记录未确认完整，剩余额度NA；当前空仓/持仓证据NA，不视为空仓,NA,NA,NA,NA,出现止损条件无条件离场，不补仓摊平成本；跳空/滑点可能使实际亏损超过理论值。,5.72737686,0.0,0.0,无,NA,0.0,NA,NA：溢价样本不足,不适用,NA：市场证据不足,2026-09-30,炸板率=NA%；上涨=NA；下跌=NA；仅人工参考,NA：尚未运行；NA：尚未运行；NA：尚未运行,NA,NA,盘前不作当日确认,NA,NA,NA,NA,NA,NA,NA,NA,NA,否,NA,NA,条件不满足，仅观察,NA,NA,NA,NA,NA,建议股数NA或非整数手，不能生成分批计划,NA,NA,NA,NA,NA,NA,NA,当日人工阶段NA/冲突，不自行定性；本周新开仓记录未确认完整，剩余额度NA；当前空仓/持仓证据NA，不视为空仓,NA
扩大候选观察列表,⚪观察,复星医药,600196,仿制药；免疫治疗；创新药；化学制剂；化学制药；生物疫苗,轨道证据NA,20260930,腾讯全市场+stock_zh_a_hist_tx日线核验,24.02,23.324,22.837,NA,NA,盘中待核验：缩量止跌、下影勾头/回收支撑；未确认不得介入,NA,NA,盘中待核验：沿分时均线企稳，禁止追直线拉升,NA,低波,1.6188676192103302,NA,NA,NA,NA,NA,NA,NA,NA,NA,NA,盘中人工复核，盘前不发最终买入信号,NA,NA,NA,NA,持续大额亏损/逻辑证伪证据NA，禁止正式池；风险价格/波动分档NA；尚无同时满足轨道和盈亏比的证据；股性不足或证据NA，仅观察，不进入正式池；条件不满足，仅观察；当日人工阶段NA/冲突，不自行定性；本周新开仓记录未确认完整，剩余额度NA；当前空仓/持仓证据NA，不视为空仓,NA,NA,NA,NA,出现止损条件无条件离场，不补仓摊平成本；跳空/滑点可能使实际亏损超过理论值。,10.13296653,0.0,0.0,无,NA,0.0,NA,NA：溢价样本不足,不适用,NA：市场证据不足,2026-09-30,炸板率=NA%；上涨=NA；下跌=NA；仅人工参考,NA：尚未运行；NA：尚未运行；NA：尚未运行,NA,NA,盘前不作当日确认,NA,NA,NA,NA,NA,NA,NA,NA,NA,否,NA,NA,条件不满足，仅观察,NA,NA,NA,NA,NA,建议股数NA或非整数手，不能生成分批计划,NA,NA,NA,NA,NA,NA,NA,当日人工阶段NA/冲突，不自行定性；本周新开仓记录未确认完整，剩余额度NA；当前空仓/持仓证据NA，不视为空仓,NA
扩大候选观察列表,⚪观察,光华科技,002741,PET铜箔,轨道证据NA,20260930,腾讯全市场+stock_zh_a_hist_tx日线核验,24.91,26.644,26.252999999999997,NA,NA,盘中待核验：缩量止跌、下影勾头/回收支撑；未确认不得介入,NA,NA,盘中待核验：沿分时均线企稳，禁止追直线拉升,NA,高波,3.6432105897054132,NA,NA,NA,NA,NA,NA,NA,NA,NA,NA,盘中人工复核，盘前不发最终买入信号,NA,NA,NA,NA,持续大额亏损/逻辑证伪证据NA，禁止正式池；风险价格/波动分档NA；尚无同时满足轨道和盈亏比的证据；股性不足或证据NA，仅观察，不进入正式池；条件不满足，仅观察；当日人工阶段NA/冲突，不自行定性；本周新开仓记录未确认完整，剩余额度NA；当前空仓/持仓证据NA，不视为空仓,NA,NA,NA,NA,出现止损条件无条件离场，不补仓摊平成本；跳空/滑点可能使实际亏损超过理论值。,-0.28022418,1.0,1.0,无,-4.334600760456276,1.0,0.0,股性不足,不适用,NA：市场证据不足,2026-09-30,炸板率=NA%；上涨=NA；下跌=NA；仅人工参考,NA：尚未运行；NA：尚未运行；NA：尚未运行,NA,NA,盘前不作当日确认,NA,NA,NA,NA,NA,NA,NA,NA,NA,否,NA,NA,条件不满足，仅观察,NA,NA,NA,NA,NA,建议股数NA或非整数手，不能生成分批计划,NA,NA,NA,NA,NA,NA,NA,当日人工阶段NA/冲突，不自行定性；本周新开仓记录未确认完整，剩余额度NA；当前空仓/持仓证据NA，不视为空仓,NA
扩大候选观察列表,⚪观察,南华生物,000504,免疫治疗；其他医疗服务；医疗服务,轨道证据NA,20260930,腾讯全市场+stock_zh_a_hist_tx日线核验,12.42,12.512,11.306000000000001,NA,NA,盘中待核验：缩量止跌、下影勾头/回收支撑；未确认不得介入,NA,NA,盘中待核验：沿分时均线企稳，禁止追直线拉升,NA,极端高波,6.259768033894513,NA,NA,NA,NA,NA,NA,NA,NA,NA,NA,盘中人工复核，盘前不发最终买入信号,NA,NA,NA,NA,持续大额亏损/逻辑证伪证据NA，禁止正式池；风险价格/波动分档NA；尚无同时满足轨道和盈亏比的证据；NA：条件证据不足，仅观察；当日人工阶段NA/冲突，不自行定性；本周新开仓记录未确认完整，剩余额度NA；当前空仓/持仓证据NA，不视为空仓,NA,NA,NA,NA,出现止损条件无条件离场，不补仓摊平成本；跳空/滑点可能使实际亏损超过理论值。,48.74251497,7.0,4.0,20260715起2连板（60日窗口内）；20260917起4连板（60日窗口内）,6.113799201291747,6.0,3.0,股性活,不适用,NA：市场证据不足,2026-09-30,炸板率=NA%；上涨=NA；下跌=NA；仅人工参考,NA：尚未运行；NA：尚未运行；NA：尚未运行,NA,NA,盘前不作当日确认,NA,NA,NA,NA,NA,NA,NA,NA,NA,是,NA,NA,NA：条件证据不足，仅观察,NA,NA,NA,NA,NA,建议股数NA或非整数手，不能生成分批计划,NA,NA,NA,NA,NA,NA,NA,当日人工阶段NA/冲突，不自行定性；本周新开仓记录未确认完整，剩余额度NA；当前空仓/持仓证据NA，不视为空仓,NA
扩大候选观察列表,⚪观察,千金药业,600479,中药Ⅱ；中药Ⅲ；创新药,轨道证据NA,20260930,腾讯全市场+stock_zh_a_hist_tx日线核验,12.4,12.422,12.245000000000001,NA,NA,盘中待核验：缩量止跌、下影勾头/回收支撑；未确认不得介入,NA,NA,盘中待核验：沿分时均线企稳，禁止追直线拉升,NA,极端高波,6.10008177181893,NA,NA,NA,NA,NA,NA,NA,NA,NA,NA,盘中人工复核，盘前不发最终买入信号,NA,NA,NA,NA,持续大额亏损/逻辑证伪证据NA，禁止正式池；风险价格/波动分档NA；尚无同时满足轨道和盈亏比的证据；条件不满足，仅观察；当日人工阶段NA/冲突，不自行定性；本周新开仓记录未确认完整，剩余额度NA；当前空仓/持仓证据NA，不视为空仓,NA,NA,NA,NA,出现止损条件无条件离场，不补仓摊平成本；跳空/滑点可能使实际亏损超过理论值。,8.77192982,6.0,3.0,20260826起3连板（60日窗口内）,-0.42295607545569003,6.0,2.0,股性活,不适用,NA：市场证据不足,2026-09-30,炸板率=NA%；上涨=NA；下跌=NA；仅人工参考,NA：尚未运行；NA：尚未运行；NA：尚未运行,NA,NA,盘前不作当日确认,NA,NA,NA,NA,NA,NA,NA,NA,NA,否,NA,NA,条件不满足，仅观察,NA,NA,NA,NA,NA,建议股数NA或非整数手，不能生成分批计划,NA,NA,NA,NA,NA,NA,NA,当日人工阶段NA/冲突，不自行定性；本周新开仓记录未确认完整，剩余额度NA；当前空仓/持仓证据NA，不视为空仓,NA
扩大候选观察列表,⚪观察,精达股份,600577,物联网,轨道证据NA,20260930,腾讯全市场+stock_zh_a_hist_tx日线核验,8.71,8.546000000000001,8.534,NA,NA,盘中待核验：缩量止跌、下影勾头/回收支撑；未确认不得介入,NA,NA,盘中待核验：沿分时均线企稳，禁止追直线拉升,NA,高波,3.1952534025662023,NA,NA,NA,NA,NA,NA,NA,NA,NA,NA,盘中人工复核，盘前不发最终买入信号,NA,NA,NA,NA,持续大额亏损/逻辑证伪证据NA，禁止正式池；风险价格/波动分档NA；尚无同时满足轨道和盈亏比的证据；条件不满足，仅观察；当日人工阶段NA/冲突，不自行定性；本周新开仓记录未确认完整，剩余额度NA；当前空仓/持仓证据NA，不视为空仓,NA,NA,NA,NA,出现止损条件无条件离场，不补仓摊平成本；跳空/滑点可能使实际亏损超过理论值。,10.25316456,2.0,1.0,无,0.8557217619763968,2.0,2.0,股性活,不适用,NA：市场证据不足,2026-09-30,炸板率=NA%；上涨=NA；下跌=NA；仅人工参考,NA：尚未运行；NA：尚未运行；NA：尚未运行,NA,NA,盘前不作当日确认,NA,NA,NA,NA,NA,NA,NA,NA,NA,否,NA,NA,条件不满足，仅观察,NA,NA,NA,NA,NA,建议股数NA或非整数手，不能生成分批计划,NA,NA,NA,NA,NA,NA,NA,当日人工阶段NA/冲突，不自行定性；本周新开仓记录未确认完整，剩余额度NA；当前空仓/持仓证据NA，不视为空仓,NA
扩大候选观察列表,⚪观察,新华制药,000756,创新药；化学制药；原料药；生物疫苗,轨道证据NA,20260930,腾讯全市场+stock_zh_a_hist_tx日线核验,14.6,14.272,14.1,NA,NA,盘中待核验：缩量止跌、下影勾头/回收支撑；未确认不得介入,NA,NA,盘中待核验：沿分时均线企稳，禁止追直线拉升,NA,极端高波,4.575360709665533,NA,NA,NA,NA,NA,NA,NA,NA,NA,NA,盘中人工复核，盘前不发最终买入信号,NA,NA,NA,NA,持续大额亏损/逻辑证伪证据NA，禁止正式池；风险价格/波动分档NA；尚无同时满足轨道和盈亏比的证据；条件不满足，仅观察；当日人工阶段NA/冲突，不自行定性；本周新开仓记录未确认完整，剩余额度NA；当前空仓/持仓证据NA，不视为空仓,NA,NA,NA,NA,出现止损条件无条件离场，不补仓摊平成本；跳空/滑点可能使实际亏损超过理论值。,14.50980392,2.0,2.0,20260921起2连板（60日窗口内）,0.022616522605112266,2.0,3.0,股性活,不适用,NA：市场证据不足,2026-09-30,炸板率=NA%；上涨=NA；下跌=NA；仅人工参考,NA：尚未运行；NA：尚未运行；NA：尚未运行,NA,NA,盘前不作当日确认,NA,NA,NA,NA,NA,NA,NA,NA,NA,否,NA,NA,条件不满足，仅观察,NA,NA,NA,NA,NA,建议股数NA或非整数手，不能生成分批计划,NA,NA,NA,NA,NA,NA,NA,当日人工阶段NA/冲突，不自行定性；本周新开仓记录未确认完整，剩余额度NA；当前空仓/持仓证据NA，不视为空仓,NA
扩大候选观察列表,⚪观察,众生药业,002317,中药Ⅱ；中药Ⅲ；创新药,轨道证据NA,20260930,腾讯全市场+stock_zh_a_hist_tx日线核验,24.03,23.64,24.270999999999997,NA,NA,盘中待核验：缩量止跌、下影勾头/回收支撑；未确认不得介入,NA,NA,盘中待核验：沿分时均线企稳，禁止追直线拉升,NA,高波,3.2735619645345935,NA,NA,NA,NA,NA,NA,NA,NA,NA,NA,盘中人工复核，盘前不发最终买入信号,NA,NA,NA,NA,持续大额亏损/逻辑证伪证据NA，禁止正式池；风险价格/波动分档NA；尚无同时满足轨道和盈亏比的证据；股性不足或证据NA，仅观察，不进入正式池；条件不满足，仅观察；当日人工阶段NA/冲突，不自行定性；本周新开仓记录未确认完整，剩余额度NA；当前空仓/持仓证据NA，不视为空仓,NA,NA,NA,NA,出现止损条件无条件离场，不补仓摊平成本；跳空/滑点可能使实际亏损超过理论值。,-3.10483871,1.0,1.0,无,6.973595125253906,1.0,1.0,股性不足,不适用,NA：市场证据不足,2026-09-30,炸板率=NA%；上涨=NA；下跌=NA；仅人工参考,NA：尚未运行；NA：尚未运行；NA：尚未运行,NA,NA,盘前不作当日确认,NA,NA,NA,NA,NA,NA,NA,NA,NA,否,NA,NA,条件不满足，仅观察,NA,NA,NA,NA,NA,建议股数NA或非整数手，不能生成分批计划,NA,NA,NA,NA,NA,NA,NA,当日人工阶段NA/冲突，不自行定性；本周新开仓记录未确认完整，剩余额度NA；当前空仓/持仓证据NA，不视为空仓,NA
扩大候选观察列表,🚫移出,贤丰控股,002141,PCB概念；印制电路板,NA,20260930,腾讯全市场+stock_zh_a_hist_tx日线核验,6.3,6.606,6.691,NA,NA,盘中待核验：缩量止跌、下影勾头/回收支撑；未确认不得介入,NA,NA,盘中待核验：沿分时均线企稳，禁止追直线拉升,NA,极端高波,4.850502401550541,NA,NA,NA,NA,NA,NA,NA,NA,NA,NA,盘中人工复核，盘前不发最终买入信号,NA,NA,NA,NA,有效跌破MA10且无企稳；条件不满足，仅观察；当日人工阶段NA/冲突，不自行定性；本周新开仓记录未确认完整，剩余额度NA；当前空仓/持仓证据NA，不视为空仓,NA,NA,NA,NA,出现止损条件无条件离场，不补仓摊平成本；跳空/滑点可能使实际亏损超过理论值。,-4.97737557,8.0,2.0,20260714起2连板（60日窗口内）,-0.48055968875375815,8.0,2.0,股性活,不适用,NA：市场证据不足,2026-09-30,炸板率=NA%；上涨=NA；下跌=NA；仅人工参考,NA：尚未运行；NA：尚未运行；NA：尚未运行,NA,NA,盘前不作当日确认,NA,NA,NA,NA,NA,NA,NA,NA,NA,否,NA,NA,条件不满足，仅观察,NA,NA,NA,NA,NA,建议股数NA或非整数手，不能生成分批计划,NA,NA,NA,NA,NA,NA,NA,当日人工阶段NA/冲突，不自行定性；本周新开仓记录未确认完整，剩余额度NA；当前空仓/持仓证据NA，不视为空仓,NA
扩大候选观察列表,⚪观察,华瓷股份,001216,MLCC概念,轨道证据NA,20260930,腾讯全市场+stock_zh_a_hist_tx日线核验,26.18,28.003999999999998,25.037,NA,NA,盘中待核验：缩量止跌、下影勾头/回收支撑；未确认不得介入,NA,NA,盘中待核验：沿分时均线企稳，禁止追直线拉升,NA,极端高波,5.611808023478048,NA,NA,NA,NA,NA,NA,NA,NA,NA,NA,盘中人工复核，盘前不发最终买入信号,NA,NA,NA,NA,持续大额亏损/逻辑证伪证据NA，禁止正式池；风险价格/波动分档NA；尚无同时满足轨道和盈亏比的证据；条件不满足，仅观察；当日人工阶段NA/冲突，不自行定性；本周新开仓记录未确认完整，剩余额度NA；当前空仓/持仓证据NA，不视为空仓,NA,NA,NA,NA,出现止损条件无条件离场，不补仓摊平成本；跳空/滑点可能使实际亏损超过理论值。,59.34266586,6.0,6.0,20260915起6连板（60日窗口内）,9.498335215335977,6.0,3.0,股性活,不适用,NA：市场证据不足,2026-09-30,炸板率=NA%；上涨=NA；下跌=NA；仅人工参考,NA：尚未运行；NA：尚未运行；NA：尚未运行,NA,NA,盘前不作当日确认,NA,NA,NA,NA,NA,NA,NA,NA,NA,否,NA,NA,条件不满足，仅观察,NA,NA,NA,NA,NA,建议股数NA或非整数手，不能生成分批计划,NA,NA,NA,NA,NA,NA,NA,当日人工阶段NA/冲突，不自行定性；本周新开仓记录未确认完整，剩余额度NA；当前空仓/持仓证据NA，不视为空仓,NA
扩大候选观察列表,🚫移出,汇绿生态,001267,通信设备,NA,20260930,腾讯全市场+stock_zh_a_hist_tx日线核验,32.83,34.794,36.272999999999996,NA,NA,盘中待核验：缩量止跌、下影勾头/回收支撑；未确认不得介入,NA,NA,盘中待核验：沿分时均线企稳，禁止追直线拉升,NA,极端高波,4.014508076922905,NA,NA,NA,NA,NA,NA,NA,NA,NA,NA,盘中人工复核，盘前不发最终买入信号,NA,NA,NA,NA,有效跌破MA10且无企稳；条件不满足，仅观察；当日人工阶段NA/冲突，不自行定性；本周新开仓记录未确认完整，剩余额度NA；当前空仓/持仓证据NA，不视为空仓,NA,NA,NA,NA,出现止损条件无条件离场，不补仓摊平成本；跳空/滑点可能使实际亏损超过理论值。,-6.22679235,7.0,4.0,20260804起4连板（60日窗口内）,2.356367181065979,7.0,3.0,股性活,不适用,NA：市场证据不足,2026-09-30,炸板率=NA%；上涨=NA；下跌=NA；仅人工参考,NA：尚未运行；NA：尚未运行；NA：尚未运行,NA,NA,盘前不作当日确认,NA,NA,NA,NA,NA,NA,NA,NA,NA,否,NA,NA,条件不满足，仅观察,NA,NA,NA,NA,NA,建议股数NA或非整数手，不能生成分批计划,NA,NA,NA,NA,NA,NA,NA,当日人工阶段NA/冲突，不自行定性；本周新开仓记录未确认完整，剩余额度NA；当前空仓/持仓证据NA，不视为空仓,NA
扩大候选观察列表,⚪观察,恩华药业,002262,仿制药；创新药；化学制剂；化学制药,轨道证据NA,20260930,腾讯全市场+stock_zh_a_hist_tx日线核验,22.73,21.788,21.746000000000002,NA,NA,盘中待核验：缩量止跌、下影勾头/回收支撑；未确认不得介入,NA,NA,盘中待核验：沿分时均线企稳，禁止追直线拉升,NA,低波,1.9567826206900063,NA,NA,NA,NA,NA,NA,NA,NA,NA,NA,盘中人工复核，盘前不发最终买入信号,NA,NA,NA,NA,持续大额亏损/逻辑证伪证据NA，禁止正式池；风险价格/波动分档NA；尚无同时满足轨道和盈亏比的证据；股性不足或证据NA，仅观察，不进入正式池；条件不满足，仅观察；当日人工阶段NA/冲突，不自行定性；本周新开仓记录未确认完整，剩余额度NA；当前空仓/持仓证据NA，不视为空仓,NA,NA,NA,NA,出现止损条件无条件离场，不补仓摊平成本；跳空/滑点可能使实际亏损超过理论值。,4.98845266,0.0,0.0,无,NA,0.0,NA,NA：溢价样本不足,不适用,NA：市场证据不足,2026-09-30,炸板率=NA%；上涨=NA；下跌=NA；仅人工参考,NA：尚未运行；NA：尚未运行；NA：尚未运行,NA,NA,盘前不作当日确认,NA,NA,NA,NA,NA,NA,NA,NA,NA,否,NA,NA,条件不满足，仅观察,NA,NA,NA,NA,NA,建议股数NA或非整数手，不能生成分批计划,NA,NA,NA,NA,NA,NA,NA,当日人工阶段NA/冲突，不自行定性；本周新开仓记录未确认完整，剩余额度NA；当前空仓/持仓证据NA，不视为空仓,NA
扩大候选观察列表,⚪观察,新泉股份,603179,汽车电子电气系统,轨道证据NA,20260930,腾讯全市场+stock_zh_a_hist_tx日线核验,40.48,40.72,40.114,NA,NA,盘中待核验：缩量止跌、下影勾头/回收支撑；未确认不得介入,NA,NA,盘中待核验：沿分时均线企稳，禁止追直线拉升,NA,高波,3.296071699102627,NA,NA,NA,NA,NA,NA,NA,NA,NA,NA,盘中人工复核，盘前不发最终买入信号,NA,NA,NA,NA,持续大额亏损/逻辑证伪证据NA，禁止正式池；风险价格/波动分档NA；尚无同时满足轨道和盈亏比的证据；股性不足或证据NA，仅观察，不进入正式池；NA：条件证据不足，仅观察；当日人工阶段NA/冲突，不自行定性；本周新开仓记录未确认完整，剩余额度NA；当前空仓/持仓证据NA，不视为空仓,NA,NA,NA,NA,出现止损条件无条件离场，不补仓摊平成本；跳空/滑点可能使实际亏损超过理论值。,9.64247021,1.0,1.0,无,-0.696111377820452,1.0,0.0,股性不足,不适用,NA：市场证据不足,2026-09-30,炸板率=NA%；上涨=NA；下跌=NA；仅人工参考,NA：尚未运行；NA：尚未运行；NA：尚未运行,NA,NA,盘前不作当日确认,NA,NA,NA,NA,NA,NA,NA,NA,NA,是,NA,NA,NA：条件证据不足，仅观察,NA,NA,NA,NA,NA,建议股数NA或非整数手，不能生成分批计划,NA,NA,NA,NA,NA,NA,NA,当日人工阶段NA/冲突，不自行定性；本周新开仓记录未确认完整，剩余额度NA；当前空仓/持仓证据NA，不视为空仓,NA
扩大候选观察列表,🚫移出,泰晶科技,603738,华为海思；被动元件,NA,20260930,腾讯全市场+stock_zh_a_hist_tx日线核验,32.73,35.321999999999996,36.486,NA,NA,盘中待核验：缩量止跌、下影勾头/回收支撑；未确认不得介入,NA,NA,盘中待核验：沿分时均线企稳，禁止追直线拉升,NA,高波,3.454577467221149,NA,NA,NA,NA,NA,NA,NA,NA,NA,NA,盘中人工复核，盘前不发最终买入信号,NA,NA,NA,NA,有效跌破MA10且无企稳；条件不满足，仅观察；当日人工阶段NA/冲突，不自行定性；本周新开仓记录未确认完整，剩余额度NA；当前空仓/持仓证据NA，不视为空仓,NA,NA,NA,NA,出现止损条件无条件离场，不补仓摊平成本；跳空/滑点可能使实际亏损超过理论值。,-8.52431526,3.0,1.0,无,0.4363275176456331,3.0,2.0,股性活,不适用,NA：市场证据不足,2026-09-30,炸板率=NA%；上涨=NA；下跌=NA；仅人工参考,NA：尚未运行；NA：尚未运行；NA：尚未运行,NA,NA,盘前不作当日确认,NA,NA,NA,NA,NA,NA,NA,NA,NA,否,NA,NA,条件不满足，仅观察,NA,NA,NA,NA,NA,建议股数NA或非整数手，不能生成分批计划,NA,NA,NA,NA,NA,NA,NA,当日人工阶段NA/冲突，不自行定性；本周新开仓记录未确认完整，剩余额度NA；当前空仓/持仓证据NA，不视为空仓,NA
扩大候选观察列表,⚪观察,中国联通,600050,5G概念,轨道证据NA,20260930,腾讯全市场+stock_zh_a_hist_tx日线核验,4.23,4.17,4.188,NA,NA,盘中待核验：缩量止跌、下影勾头/回收支撑；未确认不得介入,NA,NA,盘中待核验：沿分时均线企稳，禁止追直线拉升,NA,低波,0.6712116969972063,NA,NA,NA,NA,NA,NA,NA,NA,NA,NA,盘中人工复核，盘前不发最终买入信号,NA,NA,NA,NA,持续大额亏损/逻辑证伪证据NA，禁止正式池；风险价格/波动分档NA；尚无同时满足轨道和盈亏比的证据；股性不足或证据NA，仅观察，不进入正式池；NA：条件证据不足，仅观察；当日人工阶段NA/冲突，不自行定性；本周新开仓记录未确认完整，剩余额度NA；当前空仓/持仓证据NA，不视为空仓,NA,NA,NA,NA,出现止损条件无条件离场，不补仓摊平成本；跳空/滑点可能使实际亏损超过理论值。,1.19617225,0.0,0.0,无,NA,0.0,NA,NA：溢价样本不足,不适用,NA：市场证据不足,2026-09-30,炸板率=NA%；上涨=NA；下跌=NA；仅人工参考,NA：尚未运行；NA：尚未运行；NA：尚未运行,NA,NA,盘前不作当日确认,NA,NA,NA,NA,NA,NA,NA,NA,NA,是,NA,NA,NA：条件证据不足，仅观察,NA,NA,NA,NA,NA,建议股数NA或非整数手，不能生成分批计划,NA,NA,NA,NA,NA,NA,NA,当日人工阶段NA/冲突，不自行定性；本周新开仓记录未确认完整，剩余额度NA；当前空仓/持仓证据NA，不视为空仓,NA
扩大候选观察列表,⚪观察,传艺科技,002866,消费电子；消费电子零部件及组装,轨道证据NA,20260930,腾讯全市场+stock_zh_a_hist_tx日线核验,16.9,15.0,14.763,NA,NA,盘中待核验：缩量止跌、下影勾头/回收支撑；未确认不得介入,NA,NA,盘中待核验：沿分时均线企稳，禁止追直线拉升,NA,高波,3.472132663953564,NA,NA,NA,NA,NA,NA,NA,NA,NA,NA,盘中人工复核，盘前不发最终买入信号,NA,NA,NA,NA,持续大额亏损/逻辑证伪证据NA，禁止正式池；风险价格/波动分档NA；尚无同时满足轨道和盈亏比的证据；条件不满足，仅观察；当日人工阶段NA/冲突，不自行定性；本周新开仓记录未确认完整，剩余额度NA；当前空仓/持仓证据NA，不视为空仓,NA,NA,NA,NA,出现止损条件无条件离场，不补仓摊平成本；跳空/滑点可能使实际亏损超过理论值。,16.87413555,3.0,2.0,20260929起2连板（60日窗口内）,7.672953493265988,2.0,3.0,股性活,不适用,NA：市场证据不足,2026-09-30,炸板率=NA%；上涨=NA；下跌=NA；仅人工参考,NA：尚未运行；NA：尚未运行；NA：尚未运行,NA,NA,盘前不作当日确认,NA,NA,NA,NA,NA,NA,NA,NA,NA,否,NA,NA,条件不满足，仅观察,NA,NA,NA,NA,NA,建议股数NA或非整数手，不能生成分批计划,NA,NA,NA,NA,NA,NA,NA,当日人工阶段NA/冲突，不自行定性；本周新开仓记录未确认完整，剩余额度NA；当前空仓/持仓证据NA，不视为空仓,NA
扩大候选观察列表,⚪观察,普洛药业,000739,创新药；化学制药；医药-化学制药/CDMO；创新药/CXO/CDMO/原料药；原料药；生物疫苗,轨道证据NA,20260930,腾讯全市场+stock_zh_a_hist_tx日线核验,27.74,26.345999999999997,24.971,NA,NA,盘中待核验：缩量止跌、下影勾头/回收支撑；未确认不得介入,NA,NA,盘中待核验：沿分时均线企稳，禁止追直线拉升,NA,高波,2.7539843321562465,NA,NA,NA,NA,NA,NA,NA,NA,NA,NA,盘中人工复核，盘前不发最终买入信号,NA,NA,NA,NA,持续大额亏损/逻辑证伪证据NA，禁止正式池；风险价格/波动分档NA；尚无同时满足轨道和盈亏比的证据；股性不足或证据NA，仅观察，不进入正式池；条件不满足，仅观察；当日人工阶段NA/冲突，不自行定性；本周新开仓记录未确认完整，剩余额度NA；当前空仓/持仓证据NA，不视为空仓,NA,NA,NA,NA,出现止损条件无条件离场，不补仓摊平成本；跳空/滑点可能使实际亏损超过理论值。,24.00536433,2.0,1.0,无,-0.8842297807848676,2.0,1.0,股性不足,不适用,NA：市场证据不足,2026-09-30,炸板率=NA%；上涨=NA；下跌=NA；仅人工参考,NA：尚未运行；NA：尚未运行；NA：尚未运行,NA,NA,盘前不作当日确认,NA,NA,NA,NA,NA,NA,NA,NA,NA,否,NA,NA,条件不满足，仅观察,NA,NA,NA,NA,NA,建议股数NA或非整数手，不能生成分批计划,NA,NA,NA,NA,NA,NA,NA,当日人工阶段NA/冲突，不自行定性；本周新开仓记录未确认完整，剩余额度NA；当前空仓/持仓证据NA，不视为空仓,NA
扩大候选观察列表,⚪观察,中航光电,002179,军工电子Ⅱ；军工电子Ⅲ,轨道证据NA,20260930,腾讯全市场+stock_zh_a_hist_tx日线核验,33.33,33.702000000000005,34.446,NA,NA,盘中待核验：缩量止跌、下影勾头/回收支撑；未确认不得介入,NA,NA,盘中待核验：沿分时均线企稳，禁止追直线拉升,NA,低波,1.4694116484276756,NA,NA,NA,NA,NA,NA,NA,NA,NA,NA,盘中人工复核，盘前不发最终买入信号,NA,NA,NA,NA,持续大额亏损/逻辑证伪证据NA，禁止正式池；风险价格/波动分档NA；尚无同时满足轨道和盈亏比的证据；股性不足或证据NA，仅观察，不进入正式池；条件不满足，仅观察；当日人工阶段NA/冲突，不自行定性；本周新开仓记录未确认完整，剩余额度NA；当前空仓/持仓证据NA，不视为空仓,NA,NA,NA,NA,出现止损条件无条件离场，不补仓摊平成本；跳空/滑点可能使实际亏损超过理论值。,-3.89273356,0.0,0.0,无,NA,0.0,NA,NA：溢价样本不足,不适用,NA：市场证据不足,2026-09-30,炸板率=NA%；上涨=NA；下跌=NA；仅人工参考,NA：尚未运行；NA：尚未运行；NA：尚未运行,NA,NA,盘前不作当日确认,NA,NA,NA,NA,NA,NA,NA,NA,NA,否,NA,NA,条件不满足，仅观察,NA,NA,NA,NA,NA,建议股数NA或非整数手，不能生成分批计划,NA,NA,NA,NA,NA,NA,NA,当日人工阶段NA/冲突，不自行定性；本周新开仓记录未确认完整，剩余额度NA；当前空仓/持仓证据NA，不视为空仓,NA
扩大候选观察列表,⚪观察,汉森制药,002412,中药Ⅱ；中药Ⅲ,轨道证据NA,20260930,腾讯全市场+stock_zh_a_hist_tx日线核验,9.07,9.047999999999998,9.113,NA,NA,盘中待核验：缩量止跌、下影勾头/回收支撑；未确认不得介入,NA,NA,盘中待核验：沿分时均线企稳，禁止追直线拉升,NA,高波,3.3597347788513643,NA,NA,NA,NA,NA,NA,NA,NA,NA,NA,盘中人工复核，盘前不发最终买入信号,NA,NA,NA,NA,持续大额亏损/逻辑证伪证据NA，禁止正式池；风险价格/波动分档NA；尚无同时满足轨道和盈亏比的证据；条件不满足，仅观察；当日人工阶段NA/冲突，不自行定性；本周新开仓记录未确认完整，剩余额度NA；当前空仓/持仓证据NA，不视为空仓,NA,NA,NA,NA,出现止损条件无条件离场，不补仓摊平成本；跳空/滑点可能使实际亏损超过理论值。,4.37284235,7.0,5.0,20260722起2连板（60日窗口内）；20260819起5连板（60日窗口内）,7.462817449690152,7.0,3.0,股性活,不适用,NA：市场证据不足,2026-09-30,炸板率=NA%；上涨=NA；下跌=NA；仅人工参考,NA：尚未运行；NA：尚未运行；NA：尚未运行,NA,NA,盘前不作当日确认,NA,NA,NA,NA,NA,NA,NA,NA,NA,否,NA,NA,条件不满足，仅观察,NA,NA,NA,NA,NA,建议股数NA或非整数手，不能生成分批计划,NA,NA,NA,NA,NA,NA,NA,当日人工阶段NA/冲突，不自行定性；本周新开仓记录未确认完整，剩余额度NA；当前空仓/持仓证据NA，不视为空仓,NA
扩大候选观察列表,🚫移出,宝鼎科技,002552,印制电路板,NA,20260930,腾讯全市场+stock_zh_a_hist_tx日线核验,44.39,48.146,51.242999999999995,NA,NA,盘中待核验：缩量止跌、下影勾头/回收支撑；未确认不得介入,NA,NA,盘中待核验：沿分时均线企稳，禁止追直线拉升,NA,高波,3.880268626696081,NA,NA,NA,NA,NA,NA,NA,NA,NA,NA,盘中人工复核，盘前不发最终买入信号,NA,NA,NA,NA,有效跌破MA10且无企稳；条件不满足，仅观察；当日人工阶段NA/冲突，不自行定性；本周新开仓记录未确认完整，剩余额度NA；当前空仓/持仓证据NA，不视为空仓,NA,NA,NA,NA,出现止损条件无条件离场，不补仓摊平成本；跳空/滑点可能使实际亏损超过理论值。,-18.099631,9.0,5.0,20260804起5连板（60日窗口内）,2.7636094142159564,9.0,3.0,股性活,不适用,NA：市场证据不足,2026-09-30,炸板率=NA%；上涨=NA；下跌=NA；仅人工参考,NA：尚未运行；NA：尚未运行；NA：尚未运行,NA,NA,盘前不作当日确认,NA,NA,NA,NA,NA,NA,NA,NA,NA,否,NA,NA,条件不满足，仅观察,NA,NA,NA,NA,NA,建议股数NA或非整数手，不能生成分批计划,NA,NA,NA,NA,NA,NA,NA,当日人工阶段NA/冲突，不自行定性；本周新开仓记录未确认完整，剩余额度NA；当前空仓/持仓证据NA，不视为空仓,NA
扩大候选观察列表,⚪观察,精华制药,002349,中药Ⅱ；中药Ⅲ,轨道证据NA,20260930,腾讯全市场+stock_zh_a_hist_tx日线核验,8.55,8.526,8.404,NA,NA,盘中待核验：缩量止跌、下影勾头/回收支撑；未确认不得介入,NA,NA,盘中待核验：沿分时均线企稳，禁止追直线拉升,NA,极端高波,5.3809532862610325,NA,NA,NA,NA,NA,NA,NA,NA,NA,NA,盘中人工复核，盘前不发最终买入信号,NA,NA,NA,NA,持续大额亏损/逻辑证伪证据NA，禁止正式池；风险价格/波动分档NA；尚无同时满足轨道和盈亏比的证据；NA：条件证据不足，仅观察；当日人工阶段NA/冲突，不自行定性；本周新开仓记录未确认完整，剩余额度NA；当前空仓/持仓证据NA，不视为空仓,NA,NA,NA,NA,出现止损条件无条件离场，不补仓摊平成本；跳空/滑点可能使实际亏损超过理论值。,4.3956044,5.0,2.0,20260908起2连板（60日窗口内）,-1.1760098620686321,5.0,2.0,股性活,不适用,NA：市场证据不足,2026-09-30,炸板率=NA%；上涨=NA；下跌=NA；仅人工参考,NA：尚未运行；NA：尚未运行；NA：尚未运行,NA,NA,盘前不作当日确认,NA,NA,NA,NA,NA,NA,NA,NA,NA,是,NA,NA,NA：条件证据不足，仅观察,NA,NA,NA,NA,NA,建议股数NA或非整数手，不能生成分批计划,NA,NA,NA,NA,NA,NA,NA,当日人工阶段NA/冲突，不自行定性；本周新开仓记录未确认完整，剩余额度NA；当前空仓/持仓证据NA，不视为空仓,NA
扩大候选观察列表,⚪观察,神奇制药,600613,化学制剂；化学制药,轨道证据NA,20260930,腾讯全市场+stock_zh_a_hist_tx日线核验,8.19,8.3,8.533,NA,NA,盘中待核验：缩量止跌、下影勾头/回收支撑；未确认不得介入,NA,NA,盘中待核验：沿分时均线企稳，禁止追直线拉升,NA,极端高波,5.591353502015802,NA,NA,NA,NA,NA,NA,NA,NA,NA,NA,盘中人工复核，盘前不发最终买入信号,NA,NA,NA,NA,持续大额亏损/逻辑证伪证据NA，禁止正式池；风险价格/波动分档NA；尚无同时满足轨道和盈亏比的证据；条件不满足，仅观察；当日人工阶段NA/冲突，不自行定性；本周新开仓记录未确认完整，剩余额度NA；当前空仓/持仓证据NA，不视为空仓,NA,NA,NA,NA,出现止损条件无条件离场，不补仓摊平成本；跳空/滑点可能使实际亏损超过理论值。,-0.48602673,8.0,4.0,20260813起4连板（60日窗口内）,5.9861976051596155,8.0,3.0,股性活,不适用,NA：市场证据不足,2026-09-30,炸板率=NA%；上涨=NA；下跌=NA；仅人工参考,NA：尚未运行；NA：尚未运行；NA：尚未运行,NA,NA,盘前不作当日确认,NA,NA,NA,NA,NA,NA,NA,NA,NA,否,NA,NA,条件不满足，仅观察,NA,NA,NA,NA,NA,建议股数NA或非整数手，不能生成分批计划,NA,NA,NA,NA,NA,NA,NA,当日人工阶段NA/冲突，不自行定性；本周新开仓记录未确认完整，剩余额度NA；当前空仓/持仓证据NA，不视为空仓,NA
扩大候选观察列表,⚪观察,南兴股份,002757,东数西算算力；算力租赁,轨道证据NA,20260930,腾讯全市场+stock_zh_a_hist_tx日线核验,18.43,19.15,18.675,NA,NA,盘中待核验：缩量止跌、下影勾头/回收支撑；未确认不得介入,NA,NA,盘中待核验：沿分时均线企稳，禁止追直线拉升,NA,高波,3.1009196251495736,NA,NA,NA,NA,NA,NA,NA,NA,NA,NA,盘中人工复核，盘前不发最终买入信号,NA,NA,NA,NA,持续大额亏损/逻辑证伪证据NA，禁止正式池；风险价格/波动分档NA；尚无同时满足轨道和盈亏比的证据；NA：条件证据不足，仅观察；当日人工阶段NA/冲突，不自行定性；本周新开仓记录未确认完整，剩余额度NA；当前空仓/持仓证据NA，不视为空仓,NA,NA,NA,NA,出现止损条件无条件离场，不补仓摊平成本；跳空/滑点可能使实际亏损超过理论值。,5.98044853,3.0,1.0,无,0.4289200718269289,3.0,2.0,股性活,不适用,NA：市场证据不足,2026-09-30,炸板率=NA%；上涨=NA；下跌=NA；仅人工参考,NA：尚未运行；NA：尚未运行；NA：尚未运行,NA,NA,盘前不作当日确认,NA,NA,NA,NA,NA,NA,NA,NA,NA,是,NA,NA,NA：条件证据不足，仅观察,NA,NA,NA,NA,NA,建议股数NA或非整数手，不能生成分批计划,NA,NA,NA,NA,NA,NA,NA,当日人工阶段NA/冲突，不自行定性；本周新开仓记录未确认完整，剩余额度NA；当前空仓/持仓证据NA，不视为空仓,NA
扩大候选观察列表,🚫移出,航天电子,600879,物联网,NA,20260930,腾讯全市场+stock_zh_a_hist_tx日线核验,13.55,13.931999999999999,14.257,NA,NA,盘中待核验：缩量止跌、下影勾头/回收支撑；未确认不得介入,NA,NA,盘中待核验：沿分时均线企稳，禁止追直线拉升,NA,低波,1.5079992100628545,NA,NA,NA,NA,NA,NA,NA,NA,NA,NA,盘中人工复核，盘前不发最终买入信号,NA,NA,NA,NA,有效跌破MA10且无企稳；条件不满足，仅观察；当日人工阶段NA/冲突，不自行定性；本周新开仓记录未确认完整，剩余额度NA；当前空仓/持仓证据NA，不视为空仓,NA,NA,NA,NA,出现止损条件无条件离场，不补仓摊平成本；跳空/滑点可能使实际亏损超过理论值。,-4.97896213,1.0,1.0,无,-8.286818376985828,1.0,0.0,股性不足,不适用,NA：市场证据不足,2026-09-30,炸板率=NA%；上涨=NA；下跌=NA；仅人工参考,NA：尚未运行；NA：尚未运行；NA：尚未运行,NA,NA,盘前不作当日确认,NA,NA,NA,NA,NA,NA,NA,NA,NA,否,NA,NA,条件不满足，仅观察,NA,NA,NA,NA,NA,建议股数NA或非整数手，不能生成分批计划,NA,NA,NA,NA,NA,NA,NA,当日人工阶段NA/冲突，不自行定性；本周新开仓记录未确认完整，剩余额度NA；当前空仓/持仓证据NA，不视为空仓,NA
扩大候选观察列表,⚪观察,上海莱士,002252,生物制品,轨道证据NA,20260930,腾讯全市场+stock_zh_a_hist_tx日线核验,5.32,5.112,5.022,NA,NA,盘中待核验：缩量止跌、下影勾头/回收支撑；未确认不得介入,NA,NA,盘中待核验：沿分时均线企稳，禁止追直线拉升,NA,低波,1.335331368628527,NA,NA,NA,NA,NA,NA,NA,NA,NA,NA,盘中人工复核，盘前不发最终买入信号,NA,NA,NA,NA,持续大额亏损/逻辑证伪证据NA，禁止正式池；风险价格/波动分档NA；尚无同时满足轨道和盈亏比的证据；股性不足或证据NA，仅观察，不进入正式池；条件不满足，仅观察；当日人工阶段NA/冲突，不自行定性；本周新开仓记录未确认完整，剩余额度NA；当前空仓/持仓证据NA，不视为空仓,NA,NA,NA,NA,出现止损条件无条件离场，不补仓摊平成本；跳空/滑点可能使实际亏损超过理论值。,8.3503055,0.0,0.0,无,NA,0.0,NA,NA：溢价样本不足,不适用,NA：市场证据不足,2026-09-30,炸板率=NA%；上涨=NA；下跌=NA；仅人工参考,NA：尚未运行；NA：尚未运行；NA：尚未运行,NA,NA,盘前不作当日确认,NA,NA,NA,NA,NA,NA,NA,NA,NA,否,NA,NA,条件不满足，仅观察,NA,NA,NA,NA,NA,建议股数NA或非整数手，不能生成分批计划,NA,NA,NA,NA,NA,NA,NA,当日人工阶段NA/冲突，不自行定性；本周新开仓记录未确认完整，剩余额度NA；当前空仓/持仓证据NA，不视为空仓,NA
扩大候选观察列表,⚪观察,启明信息,002232,汽车电子,轨道证据NA,20260930,腾讯全市场+stock_zh_a_hist_tx日线核验,16.48,15.974,15.830000000000002,NA,NA,盘中待核验：缩量止跌、下影勾头/回收支撑；未确认不得介入,NA,NA,盘中待核验：沿分时均线企稳，禁止追直线拉升,NA,极端高波,4.562102015685819,NA,NA,NA,NA,NA,NA,NA,NA,NA,NA,盘中人工复核，盘前不发最终买入信号,NA,NA,NA,NA,持续大额亏损/逻辑证伪证据NA，禁止正式池；风险价格/波动分档NA；尚无同时满足轨道和盈亏比的证据；条件不满足，仅观察；当日人工阶段NA/冲突，不自行定性；本周新开仓记录未确认完整，剩余额度NA；当前空仓/持仓证据NA，不视为空仓,NA,NA,NA,NA,出现止损条件无条件离场，不补仓摊平成本；跳空/滑点可能使实际亏损超过理论值。,-1.96311719,3.0,2.0,20260914起2连板（60日窗口内）,3.41368898989332,3.0,3.0,股性活,不适用,NA：市场证据不足,2026-09-30,炸板率=NA%；上涨=NA；下跌=NA；仅人工参考,NA：尚未运行；NA：尚未运行；NA：尚未运行,NA,NA,盘前不作当日确认,NA,NA,NA,NA,NA,NA,NA,NA,NA,否,NA,NA,条件不满足，仅观察,NA,NA,NA,NA,NA,建议股数NA或非整数手，不能生成分批计划,NA,NA,NA,NA,NA,NA,NA,当日人工阶段NA/冲突，不自行定性；本周新开仓记录未确认完整，剩余额度NA；当前空仓/持仓证据NA，不视为空仓,NA
扩大候选观察列表,🚫移出,安洁科技,002635,汽车电子；消费电子；消费电子零部件及组装,NA,20260930,腾讯全市场+stock_zh_a_hist_tx日线核验,14.12,15.24,15.126000000000001,NA,NA,盘中待核验：缩量止跌、下影勾头/回收支撑；未确认不得介入,NA,NA,盘中待核验：沿分时均线企稳，禁止追直线拉升,NA,高波,3.5219392573130217,NA,NA,NA,NA,NA,NA,NA,NA,NA,NA,盘中人工复核，盘前不发最终买入信号,NA,NA,NA,NA,有效跌破MA10且无企稳；条件不满足，仅观察；当日人工阶段NA/冲突，不自行定性；本周新开仓记录未确认完整，剩余额度NA；当前空仓/持仓证据NA，不视为空仓,NA,NA,NA,NA,出现止损条件无条件离场，不补仓摊平成本；跳空/滑点可能使实际亏损超过理论值。,-3.94557823,1.0,1.0,无,-5.836807623585461,1.0,0.0,股性不足,不适用,NA：市场证据不足,2026-09-30,炸板率=NA%；上涨=NA；下跌=NA；仅人工参考,NA：尚未运行；NA：尚未运行；NA：尚未运行,NA,NA,盘前不作当日确认,NA,NA,NA,NA,NA,NA,NA,NA,NA,否,NA,NA,条件不满足，仅观察,NA,NA,NA,NA,NA,建议股数NA或非整数手，不能生成分批计划,NA,NA,NA,NA,NA,NA,NA,当日人工阶段NA/冲突，不自行定性；本周新开仓记录未确认完整，剩余额度NA；当前空仓/持仓证据NA，不视为空仓,NA
扩大候选观察列表,🚫移出,拓维信息,002261,5G概念；华为鸿蒙；垂直应用软件；鸿蒙概念,NA,20260930,腾讯全市场+stock_zh_a_hist_tx日线核验,23.72,24.413999999999998,25.006999999999998,NA,NA,盘中待核验：缩量止跌、下影勾头/回收支撑；未确认不得介入,NA,NA,盘中待核验：沿分时均线企稳，禁止追直线拉升,NA,低波,1.5497438805788826,NA,NA,NA,NA,NA,NA,NA,NA,NA,NA,盘中人工复核，盘前不发最终买入信号,NA,NA,NA,NA,有效跌破MA10且无企稳；条件不满足，仅观察；当日人工阶段NA/冲突，不自行定性；本周新开仓记录未确认完整，剩余额度NA；当前空仓/持仓证据NA，不视为空仓,NA,NA,NA,NA,出现止损条件无条件离场，不补仓摊平成本；跳空/滑点可能使实际亏损超过理论值。,-5.3471668,0.0,0.0,无,NA,0.0,NA,NA：溢价样本不足,不适用,NA：市场证据不足,2026-09-30,炸板率=NA%；上涨=NA；下跌=NA；仅人工参考,NA：尚未运行；NA：尚未运行；NA：尚未运行,NA,NA,盘前不作当日确认,NA,NA,NA,NA,NA,NA,NA,NA,NA,否,NA,NA,条件不满足，仅观察,NA,NA,NA,NA,NA,建议股数NA或非整数手，不能生成分批计划,NA,NA,NA,NA,NA,NA,NA,当日人工阶段NA/冲突，不自行定性；本周新开仓记录未确认完整，剩余额度NA；当前空仓/持仓证据NA，不视为空仓,NA
移出/仅事件观察,🚫移出,深科技,000021,NA,仅事件观察,NA,NA,32.83,NA,NA,NA,NA,盘中待核验：缩量止跌、下影勾头/回收支撑；未确认不得介入,NA,NA,盘中待核验：沿分时均线企稳，禁止追直线拉升,NA,NA,NA,NA,NA,NA,NA,NA,NA,NA,NA,NA,evt_da06083ce613aa2f；evt_5718b1a79d09a2ff,盘中人工复核，盘前不发最终买入信号,NA,NA,NA,NA,进入黑名单，仅允许事件观察,NA,NA,NA,NA,出现止损条件无条件离场，不补仓摊平成本；跳空/滑点可能使实际亏损超过理论值。,NA,NA,NA,NA,NA,NA,NA,NA,NA,NA,NA,NA,NA,NA,NA,NA,NA,NA,NA,NA,NA,NA,NA,NA,NA,NA,NA,NA,NA,NA,NA,NA,NA,NA,NA,NA,NA,NA,NA,NA,NA,NA,NA,NA
移出/仅事件观察,🚫移出,振华科技,000733,NA,仅事件观察,NA,NA,39.13,NA,NA,NA,NA,盘中待核验：缩量止跌、下影勾头/回收支撑；未确认不得介入,NA,NA,盘中待核验：沿分时均线企稳，禁止追直线拉升,NA,NA,NA,NA,NA,NA,NA,NA,NA,NA,NA,NA,evt_da06083ce613aa2f；evt_5718b1a79d09a2ff,盘中人工复核，盘前不发最终买入信号,NA,NA,NA,NA,进入黑名单，仅允许事件观察,NA,NA,NA,NA,出现止损条件无条件离场，不补仓摊平成本；跳空/滑点可能使实际亏损超过理论值。,NA,NA,NA,NA,NA,NA,NA,NA,NA,NA,NA,NA,NA,NA,NA,NA,NA,NA,NA,NA,NA,NA,NA,NA,NA,NA,NA,NA,NA,NA,NA,NA,NA,NA,NA,NA,NA,NA,NA,NA,NA,NA,NA,NA
移出/仅事件观察,🚫移出,华天科技,002185,NA,仅事件观察,NA,NA,16.46,NA,NA,NA,NA,盘中待核验：缩量止跌、下影勾头/回收支撑；未确认不得介入,NA,NA,盘中待核验：沿分时均线企稳，禁止追直线拉升,NA,NA,NA,NA,NA,NA,NA,NA,NA,NA,NA,NA,evt_da06083ce613aa2f；evt_5718b1a79d09a2ff,盘中人工复核，盘前不发最终买入信号,NA,NA,NA,NA,进入黑名单，仅允许事件观察,NA,NA,NA,NA,出现止损条件无条件离场，不补仓摊平成本；跳空/滑点可能使实际亏损超过理论值。,NA,NA,NA,NA,NA,NA,NA,NA,NA,NA,NA,NA,NA,NA,NA,NA,NA,NA,NA,NA,NA,NA,NA,NA,NA,NA,NA,NA,NA,NA,NA,NA,NA,NA,NA,NA,NA,NA,NA,NA,NA,NA,NA,NA
